,player,opp,home,stat,season_avg,mov_avg,expected,line,last_10,season,blend,prob,Z
0,Jamal Murray,DEN,1,PTS+AST,27.8,29.6,29.6,28.5,40.0,42.99065420560748,41.49532710280374,0.568478281228814,0.038596491228070226
1,Jonas Valanciunas,NOP,1,PTS+TRB,24.0,20.5,20.5,21.5,40.0,57.3170731707317,48.65853658536585,0.3990451535437637,-0.046511627906976744
2,Nikola Vucevic,CHI,1,PTS+AST,20.7,18.4,18.4,18.5,50.0,61.627906976744185,55.81395348837209,0.47513915574555954,-0.005405405405405482
3,DeMar DeRozan,CHI,1,FGA,17.7,17.4,17.4,16.0,50.0,57.692307692307686,53.84615384615384,0.570270849442484,0.08749999999999991
4,Walker Kessler,UTA,0,PTS+AST,10.1,12.6,12.6,10.5,50.0,42.30769230769231,46.15384615384615,0.7123936134421189,0.19999999999999996
5,Scoot Henderson,POR,1,PTS+AST,12.2,12.6,12.6,16.5,25.0,25.0,25.0,0.13710822609150464,-0.2363636363636364
6,Chet Holmgren,OKC,0,PTS,15.0,15.3,15.3,13.5,75.0,75.0,75.0,0.6648742646036365,0.1333333333333334
7,P.J. Washington,CHA,1,PTS+AST,18.1,21.1,21.1,17.5,50.0,50.0,50.0,0.7793805087523293,0.2057142857142858
8,Daniel Gafford,WAS,1,TRB+AST,6.7,9.1,9.1,7.5,60.0,40.0,50.0,0.6876838280582143,0.2133333333333333
9,Tyler Herro,MIA,0,PTS+TRB+AST,26.8,31.2,31.2,32.5,30.0,28.57142857142857,29.285714285714285,0.397088554476296,-0.04000000000000002
10,Jaden McDaniels,MIN,0,PTS,12.1,11.2,11.2,9.5,70.0,65.0,67.5,0.6807941865284699,0.17894736842105255
11,Tyus Jones,WAS,1,3P,1.4,1.5,1.5,1.5,30.0,42.592592592592595,36.2962962962963,0.44217459962892525,0.0
12,DeMar DeRozan,CHI,1,TRB+AST,9.6,7.5,7.5,9.0,10.0,47.43589743589743,28.717948717948715,0.22359238698028538,-0.16666666666666666
13,Deni Avdija,WAS,1,TRB+AST,9.2,10.3,10.3,10.0,60.0,37.9746835443038,48.9873417721519,0.45443786405916153,0.030000000000000072
14,Jonas Valanciunas,NOP,1,TRB,10.1,9.5,9.5,9.5,50.0,59.756097560975604,54.8780487804878,0.47817397776279236,0.0
15,Xavier Tillman Sr.,MEM,1,TRB,5.1,8.2,8.2,8.0,30.0,17.28395061728395,23.641975308641975,0.43534700400986615,0.02499999999999991
16,DeMar DeRozan,CHI,1,TOV,2.0,0.9,0.9,1.5,30.0,61.53846153846154,45.769230769230774,0.22751764649286166,-0.39999999999999997
17,Jrue Holiday,BOS,0,PTS+TRB+AST,30.5,27.3,27.3,24.5,70.0,75.53956834532374,72.76978417266187,0.6959683186864535,0.11428571428571431
18,Ziaire Williams,MEM,1,PTS+TRB,8.5,14.1,14.1,17.5,30.0,9.433962264150944,19.71698113207547,0.1800035502275633,-0.1942857142857143
19,Andrew Wiggins,GSW,0,PTS+TRB+AST,24.3,18.4,18.4,19.5,50.0,69.44444444444444,59.72222222222222,0.3848936570999193,-0.05641025641025648
20,Shai Gilgeous-Alexander,OKC,0,PTS+TRB,36.1,34.2,34.2,35.5,60.0,55.55555555555556,57.77777777777778,0.40155490262845395,-0.03661971830985907
21,Gordon Hayward,CHA,1,PTS+TRB,19.0,20.7,20.7,18.5,50.0,47.16981132075472,48.58490566037736,0.6754314587522783,0.11891891891891888
22,Shaedon Sharpe,POR,1,PTS+AST,11.5,22.4,22.4,24.0,60.0,10.714285714285714,35.357142857142854,0.31850552157167933,-0.06666666666666672
23,Jaren Jackson Jr.,MEM,1,PTS+AST,19.0,23.2,23.2,22.5,50.0,26.136363636363637,38.06818181818182,0.5442349154850707,0.03111111111111108
24,Karl-Anthony Towns,MIN,0,TRB+AST,13.1,12.6,12.6,11.5,80.0,68.75,74.375,0.6050416959054545,0.09565217391304345
25,Isaiah Stewart,DET,0,PTS+TRB,19.7,20.8,20.8,21.5,40.0,38.88888888888889,39.44444444444444,0.4249772564841219,-0.032558139534883686
26,Jaylen Brown,BOS,0,PTS+AST,24.2,29.6,29.6,25.5,60.0,51.87500000000001,55.9375,0.7705155810801723,0.16078431372549026
27,Luka Doncic,DAL,0,3P,2.9,4.5,4.5,3.5,50.0,31.88405797101449,40.94202898550724,0.657704044165409,0.2857142857142857
28,Ben Simmons,BKN,1,AST,6.2,6.5,6.5,8.5,10.0,20.0,15.0,0.2084269668092218,-0.23529411764705882
29,Trae Young,ATL,0,PTS+TRB,29.1,26.8,26.8,28.5,40.0,50.48543689320388,45.24271844660194,0.36054782031839017,-0.05964912280701752
30,Shai Gilgeous-Alexander,OKC,0,TOV,2.8,2.7,2.7,2.5,50.0,52.77777777777778,51.388888888888886,0.5063755089265384,0.08000000000000007
31,Mark Williams,CHA,1,STL,0.7,0.7,0.7,0.5,40.0,47.82608695652174,43.913043478260875,0.5034146962085905,0.3999999999999999
32,Brook Lopez,MIL,1,TRB,6.3,5.2,5.2,5.5,40.0,57.59493670886076,48.79746835443038,0.4190869954640217,-0.054545454545454515
33,Jamal Murray,DEN,1,PTS+TRB,25.8,24.6,24.6,25.5,40.0,48.598130841121495,44.29906542056075,0.41530357011836494,-0.03529411764705877
34,Tyler Herro,MIA,0,PTS+TRB,23.1,27.6,27.6,29.5,20.0,22.321428571428573,21.160714285714285,0.3485938101169411,-0.0644067796610169
35,Derrick White,BOS,0,PTS+AST,15.5,19.8,19.8,14.5,70.0,48.78048780487805,59.390243902439025,0.8871531522328642,0.3655172413793104
36,Stephen Curry,GSW,0,TRB,5.6,5.3,5.3,4.5,80.0,69.1919191919192,74.5959595959596,0.6104817806082711,0.17777777777777773
37,Tyus Jones,WAS,1,TRB+AST,7.4,8.9,8.9,10.0,20.0,20.37037037037037,20.185185185185183,0.2822217393118369,-0.10999999999999996
38,Luguentz Dort,OKC,0,TRB,4.6,4.6,4.6,4.5,70.0,50.0,60.0,0.48676599920428587,0.022222222222222143
39,Jrue Holiday,BOS,0,PTS,18.3,15.3,15.3,13.5,80.0,72.66187050359713,76.33093525179856,0.6648742646036365,0.1333333333333334
40,Domantas Sabonis,SAC,1,TRB,11.4,13.3,13.3,12.5,40.0,39.39393939393939,39.696969696969695,0.5694654452589405,0.06400000000000006
41,Kevon Looney,GSW,0,PTS+TRB,14.3,17.5,17.5,19.5,40.0,22.727272727272727,31.363636363636363,0.30546576566618533,-0.10256410256410256
42,Trae Young,ATL,0,3PA,6.9,7.5,7.5,7.0,50.0,34.95145631067961,42.47572815533981,0.47536147351239455,0.07142857142857142
43,Scottie Barnes,TOR,0,3PA,3.0,3.3,3.3,3.5,40.0,35.80246913580247,37.901234567901234,0.41966180252518903,-0.0571428571428572
44,Luka Doncic,DAL,0,AST,8.1,8.3,8.3,8.5,20.0,42.028985507246375,31.014492753623188,0.4492516676043483,-0.0235294117647058
45,Anthony Edwards,MIN,0,TRB+AST,10.1,11.4,11.4,9.0,60.0,50.53763440860215,55.26881720430107,0.7012786348588281,0.2666666666666667
46,Jordan Poole,WAS,1,PTS+AST,23.7,20.7,20.7,27.5,20.0,34.234234234234236,27.117117117117118,0.07251757736928788,-0.2472727272727273
47,Bam Adebayo,MIA,0,PTS+AST,21.5,21.6,21.6,22.5,30.0,46.875,38.4375,0.40977290823676216,-0.03999999999999994
48,Michael Porter Jr.,DEN,1,TRB,6.1,7.6,7.6,6.0,60.0,35.0,47.5,0.6353789405029321,0.2666666666666666
49,Zach LaVine,CHI,1,ORB,0.5,0.3,0.3,0.5,10.0,43.20987654320987,26.604938271604937,0.259181779318282,-0.4
50,Lauri Markkanen,UTA,0,PTS,25.6,26.2,26.2,25.5,50.0,44.285714285714285,47.14285714285714,0.5416188515618543,0.027450980392156835
51,Alperen Sengun,HOU,0,PTS+TRB+AST,28.0,33.9,33.9,32.5,60.0,25.64102564102564,42.82051282051282,0.5844165157248933,0.043076923076923034
52,Damian Lillard,MIL,1,TRB+AST,12.0,12.3,12.3,11.0,70.0,52.459016393442624,61.22950819672131,0.572249642717735,0.11818181818181825
53,John Collins,UTA,0,TRB,6.9,8.2,8.2,8.5,40.0,32.038834951456316,36.01941747572816,0.43534700400986615,-0.035294117647058906
54,Damian Lillard,MIL,1,3P,4.1,3.0,3.0,3.5,40.0,52.459016393442624,46.22950819672131,0.35276811121776874,-0.14285714285714285
55,Brook Lopez,MIL,1,3PA,3.9,3.9,3.9,4.0,30.0,41.139240506329116,35.56962025316456,0.3516346237900496,-0.025000000000000022
56,Kyle Kuzma,WAS,1,TRB,7.2,6.5,6.5,7.0,30.0,41.7910447761194,35.8955223880597,0.3272422198694327,-0.07142857142857142
57,Coby White,CHI,1,PTS+TRB,12.6,13.8,13.8,13.5,60.0,39.743589743589745,49.871794871794876,0.514212007517744,0.022222222222222275
58,Aaron Gordon,DEN,1,3P,0.9,0.3,0.3,0.5,50.0,55.670103092783506,52.83505154639175,0.259181779318282,-0.4
59,Zach LaVine,CHI,1,STL,0.9,0.4,0.4,0.5,50.0,55.55555555555556,52.77777777777778,0.32967995396436056,-0.19999999999999996
60,Deandre Ayton,POR,1,PTS+TRB+AST,29.1,26.9,26.9,23.5,60.0,72.07207207207207,66.03603603603604,0.7379763019775083,0.14468085106382972
61,Stephen Curry,GSW,0,PTS+TRB,33.2,38.2,38.2,35.5,50.0,42.92929292929293,46.464646464646464,0.6608442527181633,0.0760563380281691
62,Keegan Murray,SAC,1,PTS,12.1,14.1,14.1,15.5,30.0,32.18390804597701,31.091954022988507,0.34056655299871685,-0.09032258064516131
63,Terry Rozier,CHA,1,PTS+TRB,25.2,23.4,23.4,23.5,70.0,68.18181818181817,69.0909090909091,0.47796574912589707,-0.004255319148936231
64,Jakob Poeltl,TOR,0,PTS+TRB,21.3,17.4,17.4,16.5,60.0,73.68421052631578,66.84210526315789,0.570270849442484,0.05454545454545446
65,Ziaire Williams,MEM,1,PTS,6.1,8.8,8.8,11.5,30.0,15.09433962264151,22.547169811320757,0.17802965642509794,-0.23478260869565212
66,Cade Cunningham,DET,0,PTS+TRB,25.5,23.1,23.1,24.5,50.0,50.0,50.0,0.37337897425260824,-0.057142857142857086
67,LaMelo Ball,CHA,1,AST,8.5,9.0,9.0,8.0,70.0,46.15384615384615,58.07692307692308,0.5443473956775811,0.125
68,De'Andre Hunter,ATL,0,STL,0.6,1.1,1.1,0.5,40.0,39.53488372093023,39.76744186046511,0.6671289163019205,1.2000000000000002
69,Ziaire Williams,MEM,1,PTS+TRB+AST,9.3,15.7,15.7,19.5,30.0,9.433962264150944,19.71698113207547,0.16738309952740593,-0.1948717948717949
70,Ben Simmons,BKN,1,PTS+AST,13.3,13.1,13.1,16.5,30.0,28.888888888888886,29.444444444444443,0.17177791435773337,-0.20606060606060608
71,Stephen Curry,GSW,0,PTS,27.7,32.9,32.9,30.5,40.0,37.878787878787875,38.93939393939394,0.6532584159636656,0.07868852459016389
72,Jordan Clarkson,UTA,0,PTS+AST,24.8,18.8,18.8,21.5,60.0,69.23076923076923,64.61538461538461,0.25900838013175986,-0.12558139534883717
73,Deandre Ayton,POR,1,PTS+TRB,27.5,25.5,25.5,22.5,70.0,72.97297297297297,71.48648648648648,0.7165023956734672,0.13333333333333333
74,Talen Horton-Tucker,UTA,0,TRB,3.1,3.0,3.0,3.5,50.0,36.231884057971016,43.11594202898551,0.35276811121776874,-0.14285714285714285
75,Jerami Grant,POR,1,TRB,4.5,5.0,5.0,4.0,70.0,49.25373134328358,59.626865671641795,0.5595067149347874,0.25
76,Talen Horton-Tucker,UTA,0,TRB+AST,7.0,8.9,8.9,9.5,60.0,30.434782608695656,45.21739130434783,0.3994186448208439,-0.06315789473684207
77,Jaylen Brown,BOS,0,TRB,6.1,5.8,5.8,6.0,30.0,41.25,35.625,0.36160885345037974,-0.03333333333333336
78,LaMelo Ball,CHA,1,PTS+AST,31.1,27.1,27.1,28.5,70.0,69.23076923076923,69.61538461538461,0.38264462019651946,-0.04912280701754381
79,Shaedon Sharpe,POR,1,PTS+TRB,13.3,24.6,24.6,25.0,60.0,10.714285714285714,35.357142857142854,0.41530357011836494,-0.015999999999999945
80,Jalen Williams,OKC,0,PTS,14.2,16.0,16.0,15.5,50.0,36.708860759493675,43.35443037974684,0.533255108612279,0.03225806451612903
81,Jalen Johnson,ATL,0,TRB,4.0,5.5,5.5,7.0,10.0,13.580246913580247,11.790123456790123,0.19051471748049198,-0.21428571428571427
82,Aaron Gordon,DEN,1,PTS+TRB,21.8,19.8,19.8,17.5,80.0,71.1340206185567,75.56701030927834,0.687555027517012,0.13142857142857148
83,Aaron Gordon,DEN,1,TRB+AST,9.3,8.1,8.1,7.5,50.0,68.04123711340206,59.02061855670103,0.5609084597247236,0.07999999999999995
84,Luka Doncic,DAL,0,FT,7.7,6.2,6.2,7.0,30.0,53.62318840579711,41.811594202898554,0.2839837422078053,-0.11428571428571425
85,Coby White,CHI,1,PTS+AST,12.5,14.2,14.2,14.5,60.0,33.33333333333333,46.666666666666664,0.45075109830032534,-0.02068965517241384
86,Killian Hayes,DET,0,PTS+AST,16.3,16.7,16.7,14.0,60.0,58.75,59.375,0.6945512637647133,0.1928571428571428
87,Gordon Hayward,CHA,1,PTS+AST,18.8,21.5,21.5,19.5,60.0,43.39622641509434,51.698113207547166,0.6559901809401372,0.10256410256410256
88,Deandre Ayton,POR,1,TRB+AST,12.0,15.2,15.2,11.5,60.0,47.74774774774775,53.873873873873876,0.8281542246832568,0.3217391304347825
89,Lauri Markkanen,UTA,0,PTS+TRB,34.3,35.9,35.9,34.5,50.0,47.14285714285714,48.57142857142857,0.582036255351363,0.04057971014492749
90,Walker Kessler,UTA,0,TRB+AST,9.2,9.3,9.3,9.5,50.0,44.871794871794876,47.43589743589744,0.45205374148787736,-0.021052631578947295
91,Terry Rozier,CHA,1,3P,2.6,1.7,1.7,2.5,10.0,45.45454545454545,27.727272727272727,0.24277679280141484,-0.32
92,OG Anunoby,TOR,0,FGA,13.1,12.0,12.0,11.5,80.0,64.28571428571429,72.14285714285714,0.538402666936382,0.043478260869565216
93,Mike Conley,MIN,0,PTS+TRB,17.1,14.4,14.4,13.5,70.0,67.56756756756756,68.78378378378378,0.577275914489508,0.0666666666666667
94,Jordan Clarkson,UTA,0,PTS+TRB+AST,28.7,22.4,22.4,25.5,60.0,61.53846153846154,60.769230769230774,0.24974195647872766,-0.12156862745098045
95,Chet Holmgren,OKC,0,PTS+AST,17.0,17.3,17.3,14.5,75.0,75.0,75.0,0.7425145251797061,0.19310344827586212
96,Keegan Murray,SAC,1,BLK,0.5,0.8,0.8,0.5,50.0,42.5287356321839,46.26436781609195,0.5506710358827783,0.6000000000000001
97,Alperen Sengun,HOU,0,TRB,9.0,10.5,10.5,10.0,60.0,30.76923076923077,45.38461538461539,0.4792618715863245,0.05
98,Scoot Henderson,POR,1,BLK+STL,1.0,1.2,1.2,1.5,25.0,25.0,25.0,0.33737273379315535,-0.20000000000000004
99,John Collins,UTA,0,BLK,0.9,0.4,0.4,0.5,50.0,54.36893203883495,52.18446601941747,0.32967995396436056,-0.19999999999999996
100,Derrick White,BOS,0,PTS+TRB,15.3,19.5,19.5,14.5,70.0,52.03252032520326,61.016260162601625,0.8742713192250562,0.3448275862068966
101,Kevon Looney,GSW,0,TRB,7.8,10.8,10.8,11.0,40.0,20.12987012987013,30.064935064935064,0.39687222004790956,-0.01818181818181812
102,DeMar DeRozan,CHI,1,PTS+AST,29.5,25.4,25.4,25.5,40.0,61.53846153846154,50.769230769230774,0.4788541316080931,-0.003921568627451036
103,Scottie Barnes,TOR,0,FT,2.5,2.0,2.0,2.5,40.0,39.50617283950617,39.75308641975309,0.3233235838169366,-0.2
104,Isaiah Stewart,DET,0,PTS+TRB+AST,21.0,22.1,22.1,23.5,20.0,35.18518518518518,27.59259259259259,0.3706983303156195,-0.05957446808510632
105,Mikal Bridges,BKN,1,TRB,4.5,5.3,5.3,5.0,30.0,31.2,30.6,0.4365266077119283,0.05999999999999996
106,Jordan Clarkson,UTA,0,TRB,4.0,3.5,3.5,3.5,60.0,60.0,60.0,0.463367332099215,0.0
107,Andrew Wiggins,GSW,0,PTS,16.6,13.5,13.5,14.5,50.0,62.5,56.25,0.37672887459126936,-0.06896551724137931
108,Klay Thompson,GSW,0,TOV,1.7,2.0,2.0,1.5,70.0,52.03619909502263,61.01809954751131,0.593994150290162,0.3333333333333333
109,Jamal Murray,DEN,1,AST,6.1,8.1,8.1,7.0,40.0,28.971962616822427,34.48598130841121,0.5609084597247236,0.15714285714285708
110,Herbert Jones,NOP,1,AST,2.4,2.3,2.3,2.5,60.0,40.57971014492754,50.289855072463766,0.40396117406793186,-0.08000000000000007
111,Dillon Brooks,HOU,0,PTS+AST,17.4,15.6,15.6,14.5,70.0,58.333333333333336,64.16666666666667,0.5943771790820989,0.07586206896551721
112,John Collins,UTA,0,TRB+AST,8.0,9.5,9.5,10.5,30.0,25.24271844660194,27.62135922330097,0.35467156505513786,-0.09523809523809523
113,Mike Conley,MIN,0,PTS+AST,20.5,16.5,16.5,16.5,60.0,70.27027027027027,65.13513513513513,0.4835194268540228,0.0
114,Giannis Antetokounmpo,MIL,1,FGA,19.5,17.9,17.9,18.5,50.0,56.94444444444444,53.47222222222222,0.4283961512916411,-0.03243243243243251
115,Nikola Jokic,DEN,1,TRB,11.7,12.2,12.2,11.5,50.0,50.0,50.0,0.5610752874741758,0.060869565217391244
116,Zach LaVine,CHI,1,TRB,4.5,4.1,4.1,4.0,30.0,46.913580246913575,38.456790123456784,0.39069170923859864,0.02499999999999991
117,Jaren Jackson Jr.,MEM,1,PTS+TRB,24.7,28.4,28.4,28.5,50.0,27.27272727272727,38.63636363636363,0.48000580118023095,-0.0035087719298246113
118,Scottie Barnes,TOR,0,TOV,2.1,3.1,3.1,2.5,50.0,35.80246913580247,42.901234567901234,0.5988368526853677,0.24000000000000005
119,Jordan Poole,WAS,1,PTS,19.5,17.7,17.7,23.5,20.0,33.33333333333333,26.666666666666664,0.08851598455882681,-0.2468085106382979
120,DeMar DeRozan,CHI,1,PTS+TRB,29.1,24.8,24.8,24.5,60.0,66.66666666666666,63.33333333333333,0.5106372644003231,0.012244897959183702
121,Talen Horton-Tucker,UTA,0,PTS+TRB,13.8,18.1,18.1,15.5,60.0,36.231884057971016,48.11594202898551,0.721138950595465,0.16774193548387106
122,Coby White,CHI,1,PTS+TRB+AST,15.4,17.8,17.8,17.5,60.0,33.33333333333333,46.666666666666664,0.5125351214951818,0.017142857142857182
123,LaMelo Ball,CHA,1,TRB,6.4,6.7,6.7,6.0,60.0,51.28205128205128,55.641025641025635,0.5047029134299077,0.1166666666666667
124,Dennis Schroder,TOR,0,FGA,10.4,10.2,10.2,11.5,30.0,42.857142857142854,36.42857142857143,0.3261833746790491,-0.11304347826086962
125,Domantas Sabonis,SAC,1,PTS+TRB,29.1,30.2,30.2,32.5,30.0,38.38383838383838,34.19191919191919,0.32872351410711353,-0.07076923076923079
126,Brook Lopez,MIL,1,PTS+AST,16.1,17.6,17.6,12.5,80.0,65.18987341772153,72.59493670886076,0.8926084206802488,0.40800000000000014
127,Bogdan Bogdanovic,ATL,0,FT,1.0,0.6,0.6,0.5,40.0,44.70588235294118,42.352941176470594,0.4511883639059735,0.19999999999999996
128,Coby White,CHI,1,3PA,4.7,4.3,4.3,4.5,50.0,52.56410256410257,51.282051282051285,0.42956189260589617,-0.04444444444444448
129,Terry Rozier,CHA,1,AST,5.1,5.7,5.7,4.5,70.0,60.60606060606061,65.30303030303031,0.6727851977714412,0.2666666666666667
130,Deandre Ayton,POR,1,PTS+AST,18.6,13.1,13.1,13.5,60.0,78.37837837837837,69.1891891891892,0.4379480161493917,-0.029629629629629655
131,Luguentz Dort,OKC,0,PTS+AST,15.7,12.9,12.9,11.5,60.0,74.35897435897436,67.17948717948718,0.6366094288351121,0.12173913043478264
132,Kentavious Caldwell-Pope,DEN,1,TRB,2.7,2.6,2.6,2.5,50.0,49.56521739130435,49.78260869565217,0.48157042406394956,0.040000000000000036
133,Terry Rozier,CHA,1,TRB+AST,9.2,9.1,9.1,8.0,70.0,56.060606060606055,63.03030303030303,0.5574478938055708,0.13749999999999996
134,Andrew Wiggins,GSW,0,STL,1.0,0.3,0.3,0.5,20.0,61.111111111111114,40.55555555555556,0.259181779318282,-0.4
135,Zach LaVine,CHI,1,FT,4.8,5.6,5.6,4.5,50.0,44.44444444444444,47.22222222222222,0.6578499826232136,0.24444444444444435
136,Chet Holmgren,OKC,0,BLK,2.8,2.9,2.9,1.5,50.0,50.0,50.0,0.7854094417800117,0.9333333333333332
137,Michael Porter Jr.,DEN,1,PTS+TRB,22.1,21.2,21.2,20.5,60.0,56.00000000000001,58.0,0.5462804535455129,0.0341463414634146
138,Clint Capela,ATL,0,PTS+AST,10.9,9.8,9.8,13.5,20.0,36.12903225806451,28.064516129032256,0.12139501099007877,-0.274074074074074
139,Dillon Brooks,HOU,0,PTS+TRB+AST,20.7,19.0,19.0,16.5,80.0,68.75,74.375,0.7079660536732857,0.15151515151515152
140,Kyle Kuzma,WAS,1,FT,2.7,2.5,2.5,2.5,50.0,47.76119402985074,48.88059701492537,0.4561868841166703,0.0
141,Tyler Herro,MIA,0,TRB,5.0,4.8,4.8,5.0,30.0,34.82142857142857,32.410714285714285,0.3489935627305083,-0.040000000000000036
142,Ben Simmons,BKN,1,TRB,6.5,7.4,7.4,9.0,30.0,17.77777777777778,23.88888888888889,0.2122650447363642,-0.17777777777777773
143,Trae Young,ATL,0,TRB+AST,12.9,13.0,13.0,13.0,60.0,42.71844660194174,51.35922330097087,0.4269554386519083,0.0
144,Domantas Sabonis,SAC,1,AST,6.4,5.8,5.8,7.5,30.0,34.34343434343434,32.17171717171717,0.2289740728117542,-0.22666666666666668
145,Pascal Siakam,TOR,0,PTS+TRB,31.6,26.3,26.3,28.5,40.0,62.66666666666667,51.333333333333336,0.3244108927958387,-0.07719298245614033
146,Fred VanVleet,HOU,0,STL,1.8,1.6,1.6,1.5,60.0,52.77777777777778,56.388888888888886,0.4750690532138959,0.06666666666666672
147,P.J. Washington,CHA,1,BLK+STL,1.9,1.2,1.2,1.5,50.0,56.57894736842105,53.28947368421052,0.33737273379315535,-0.20000000000000004
148,Kevin Huerter,SAC,1,TRB,3.5,4.4,4.4,3.5,60.0,43.80952380952381,51.904761904761905,0.640552227211231,0.25714285714285723
149,Giannis Antetokounmpo,MIL,1,TOV,3.5,3.8,3.8,3.5,60.0,44.44444444444444,52.22222222222222,0.5265151567403034,0.08571428571428566
150,Jrue Holiday,BOS,0,3P,2.1,1.7,1.7,1.5,70.0,61.15107913669065,65.57553956834532,0.5067544850576164,0.1333333333333333
151,Jaden McDaniels,MIN,0,BLK,1.0,0.8,0.8,0.5,50.0,61.25000000000001,55.625,0.5506710358827783,0.6000000000000001
152,Harrison Barnes,SAC,1,PTS,13.2,14.3,14.3,14.5,40.0,34.64052287581699,37.3202614379085,0.4613263560581451,-0.013793103448275813
153,Luguentz Dort,OKC,0,3P,1.8,1.4,1.4,1.5,40.0,46.15384615384615,43.07692307692308,0.40816728654014434,-0.06666666666666672
154,Nikola Vucevic,CHI,1,TRB,11.0,10.4,10.4,11.0,20.0,47.674418604651166,33.83720930232558,0.3495060777623067,-0.054545454545454515
155,Jalen Williams,OKC,0,TOV,1.7,1.9,1.9,1.5,70.0,50.63291139240506,60.31645569620253,0.5662510042543581,0.2666666666666666
156,Jabari Smith Jr.,HOU,0,3P,1.5,1.3,1.3,1.5,30.0,48.78048780487805,39.390243902439025,0.37317687602177096,-0.1333333333333333
157,Jaden McDaniels,MIN,0,PTS+AST,13.9,12.4,12.4,10.5,70.0,71.25,70.625,0.6932656517841747,0.18095238095238098
158,Tyus Jones,WAS,1,PTS+TRB,11.9,12.8,12.8,14.5,40.0,38.88888888888889,39.44444444444444,0.3046185561674686,-0.11724137931034478
159,Shai Gilgeous-Alexander,OKC,0,TRB+AST,10.5,12.3,12.3,10.5,80.0,51.388888888888886,65.69444444444444,0.6834172812724355,0.17142857142857149
160,Alperen Sengun,HOU,0,TRB+AST,13.0,16.3,16.3,15.5,60.0,25.64102564102564,42.82051282051282,0.5627175178430919,0.0516129032258065
161,Clint Capela,ATL,0,ORB,3.2,2.8,2.8,3.5,30.0,42.58064516129032,36.29032258064516,0.30806256740852,-0.20000000000000004
162,Nikola Vucevic,CHI,1,ORB,2.0,2.0,2.0,2.0,20.0,30.23255813953488,25.11627906976744,0.3233235838169366,0.0
163,Ausar Thompson,DET,0,PTS+AST,12.8,13.8,13.8,13.0,50.0,50.0,50.0,0.514212007517744,0.06153846153846159
164,Walker Kessler,UTA,0,PTS,9.2,11.8,11.8,9.5,40.0,43.58974358974359,41.794871794871796,0.7396983879660711,0.24210526315789482
165,Ben Simmons,BKN,1,BLK,0.6,1.0,1.0,0.5,70.0,46.666666666666664,58.33333333333333,0.6321205588285576,1.0
166,Zion Williamson,NOP,1,PTS+TRB,32.5,30.8,30.8,31.5,50.0,56.25,53.125,0.438139342148522,-0.0222222222222222
167,Marcus Smart,MEM,1,PTS+TRB,16.1,19.9,19.9,18.5,60.0,36.708860759493675,48.35443037974684,0.6100969968909613,0.0756756756756756
168,Chet Holmgren,OKC,0,PTS+TRB,21.2,21.2,21.2,18.5,50.0,50.0,50.0,0.7130477700430184,0.1459459459459459
169,Terry Rozier,CHA,1,BLK+STL,1.4,1.5,1.5,1.5,60.0,43.93939393939394,51.96969696969697,0.44217459962892525,0.0
170,Deandre Ayton,POR,1,TRB,10.4,13.8,13.8,10.5,70.0,48.64864864864865,59.32432432432432,0.8106810857134669,0.31428571428571433
171,P.J. Washington,CHA,1,TOV,1.5,1.5,1.5,1.5,50.0,46.05263157894737,48.026315789473685,0.44217459962892525,0.0
172,Damian Lillard,MIL,1,FGA,20.5,17.6,17.6,16.5,60.0,78.68852459016394,69.34426229508196,0.588841762173608,0.06666666666666675
173,DeMar DeRozan,CHI,1,ORB,0.5,0.8,0.8,0.5,60.0,41.02564102564102,50.51282051282051,0.5506710358827783,0.6000000000000001
174,Giannis Antetokounmpo,MIL,1,PTS+TRB,40.3,36.1,36.1,38.5,50.0,57.638888888888886,53.81944444444444,0.3362709149130121,-0.0623376623376623
175,Jalen Williams,OKC,0,PTS+TRB+AST,22.0,25.0,25.0,23.5,60.0,36.708860759493675,48.35443037974684,0.6061244829117161,0.06382978723404255
176,Mark Williams,CHA,1,PTS+TRB,16.3,21.5,21.5,20.5,70.0,32.608695652173914,51.30434782608695,0.571789962049094,0.04878048780487805
177,Clint Capela,ATL,0,PTS+TRB,19.6,18.3,18.3,22.5,30.0,38.70967741935484,34.35483870967742,0.16225436684909245,-0.18666666666666665
178,Zion Williamson,NOP,1,TRB,6.8,6.0,6.0,6.5,40.0,50.0,45.0,0.3936972175874086,-0.07692307692307693
179,Keegan Murray,SAC,1,TRB+AST,6.0,8.4,8.4,8.5,30.0,16.091954022988507,23.04597701149425,0.4631062012453644,-0.0117647058823529
180,Cam Thomas,BKN,1,STL,0.3,0.4,0.4,0.5,30.0,30.158730158730158,30.07936507936508,0.32967995396436056,-0.19999999999999996
181,Jaylen Brown,BOS,0,PTS+TRB+AST,30.3,35.4,35.4,31.5,60.0,52.5,56.25,0.7387344544362644,0.12380952380952376
182,Isaiah Stewart,DET,0,BLK,0.6,0.4,0.4,0.5,60.0,51.85185185185185,55.925925925925924,0.32967995396436056,-0.19999999999999996
183,Jordan Clarkson,UTA,0,TRB+AST,8.4,9.1,9.1,8.5,80.0,52.307692307692314,66.15384615384616,0.5574478938055708,0.0705882352941176
184,De'Andre Hunter,ATL,0,PTS+TRB+AST,21.1,22.2,22.2,21.5,40.0,44.18604651162791,42.093023255813954,0.5452230257056073,0.032558139534883686
185,Scottie Barnes,TOR,0,AST,4.9,4.9,4.9,5.0,20.0,27.160493827160494,23.580246913580247,0.36649851450899296,-0.019999999999999928
186,Jaden McDaniels,MIN,0,PTS+TRB,15.9,14.6,14.6,12.5,70.0,66.25,68.125,0.6979341264654602,0.16799999999999998
187,Xavier Tillman Sr.,MEM,1,PTS+TRB,11.9,18.1,18.1,18.5,40.0,22.22222222222222,31.11111111111111,0.44711388143412867,-0.021621621621621546
188,Domantas Sabonis,SAC,1,TRB+AST,17.8,19.1,19.1,20.5,30.0,32.323232323232325,31.161616161616163,0.3615043528344781,-0.0682926829268292
189,LaMelo Ball,CHA,1,BLK+STL,1.6,1.5,1.5,1.5,40.0,51.28205128205128,45.641025641025635,0.44217459962892525,0.0
190,Zach LaVine,CHI,1,3PA,7.1,7.6,7.6,6.5,50.0,55.55555555555556,52.77777777777778,0.6353789405029321,0.16923076923076918
191,Tyus Jones,WAS,1,AST,4.8,6.0,6.0,7.0,30.0,18.51851851851852,24.25925925925926,0.25602023954628295,-0.14285714285714285
192,Jaylen Brown,BOS,0,PTS,21.5,26.6,26.6,22.0,60.0,51.24999999999999,55.625,0.7833126733157065,0.20909090909090916
193,Shai Gilgeous-Alexander,OKC,0,PTS+AST,36.6,33.3,33.3,35.5,60.0,59.72222222222222,59.861111111111114,0.34243642929079987,-0.06197183098591557
194,Desmond Bane,MEM,1,TRB+AST,8.5,8.4,8.4,9.5,40.0,34.93975903614458,37.46987951807229,0.3340803022593467,-0.11578947368421048
195,Jrue Holiday,BOS,0,TRB,5.2,6.2,6.2,4.5,80.0,58.27338129496403,69.13669064748201,0.7408226310970535,0.3777777777777778
196,Nikola Jokic,DEN,1,TOV,3.4,3.5,3.5,3.5,50.0,42.857142857142854,46.42857142857143,0.463367332099215,0.0
197,Jakob Poeltl,TOR,0,TRB+AST,11.7,9.6,9.6,10.0,50.0,61.8421052631579,55.921052631578945,0.3670520866415925,-0.040000000000000036
198,Brandon Ingram,NOP,1,TRB,5.5,7.5,7.5,5.0,90.0,46.808510638297875,68.40425531914894,0.7585635490297246,0.5
199,Dennis Schroder,TOR,0,PTS+AST,17.1,18.2,18.2,20.5,30.0,29.365079365079367,29.682539682539684,0.2854126737496192,-0.11219512195121954
200,Jayson Tatum,BOS,0,TRB+AST,12.4,12.6,12.6,14.5,40.0,31.41025641025641,35.705128205128204,0.28474486317510084,-0.1310344827586207
201,Trae Young,ATL,0,PTS+AST,35.9,34.8,34.8,35.5,40.0,57.28155339805825,48.640776699029125,0.44175592924404006,-0.01971830985915501
202,Derrick White,BOS,0,TRB,3.4,3.9,3.9,3.5,60.0,44.71544715447154,52.357723577235774,0.546753239861271,0.11428571428571425
203,Malik Beasley,MIL,1,PTS+AST,12.7,8.9,8.9,10.5,30.0,58.333333333333336,44.16666666666667,0.2822217393118369,-0.15238095238095234
204,Chet Holmgren,OKC,0,BLK+STL,3.8,4.0,4.0,2.5,50.0,50.0,50.0,0.7618966944464556,0.6
205,Nikola Vucevic,CHI,1,AST,3.2,2.3,2.3,2.5,50.0,59.30232558139535,54.651162790697676,0.40396117406793186,-0.08000000000000007
206,CJ McCollum,NOP,1,3P,2.8,2.8,2.8,2.5,50.0,55.12820512820513,52.56410256410257,0.5305463165333175,0.11999999999999993
207,Marcus Smart,MEM,1,PTS,12.2,16.6,16.6,15.5,60.0,27.21518987341772,43.607594936708864,0.5914841040645391,0.07096774193548397
208,P.J. Washington,CHA,1,TRB,5.0,6.4,6.4,4.5,60.0,57.89473684210527,58.94736842105263,0.7649299663023837,0.4222222222222223
209,Marcus Smart,MEM,1,PTS+TRB+AST,21.5,25.7,25.7,25.5,40.0,27.848101265822784,33.92405063291139,0.5025658245491316,0.007843137254901933
210,Isaiah Stewart,DET,0,PTS,11.5,12.4,12.4,12.5,60.0,38.88888888888889,49.44444444444444,0.4696821141620562,-0.007999999999999972
211,Desmond Bane,MEM,1,PTS+TRB+AST,29.0,33.6,33.6,37.5,30.0,20.481927710843372,25.240963855421686,0.2455057293048959,-0.10399999999999997
212,Davion Mitchell,SAC,1,PTS+TRB,6.9,6.2,6.2,11.5,20.0,14.942528735632186,17.471264367816094,0.024984781434653214,-0.4608695652173913
213,John Collins,UTA,0,PTS+AST,14.1,14.5,14.5,14.5,40.0,44.66019417475729,42.33009708737865,0.48240330210410165,0.0
214,DeMar DeRozan,CHI,1,3P,0.6,0.5,0.5,0.5,50.0,35.8974358974359,42.94871794871795,0.3934693402873666,0.0
215,Cade Cunningham,DET,0,TRB,5.3,4.0,4.0,4.0,50.0,50.0,50.0,0.3711630648201266,0.0
216,John Collins,UTA,0,STL,0.5,0.4,0.4,0.5,30.0,41.74757281553398,35.873786407766985,0.32967995396436056,-0.19999999999999996
217,Brandon Ingram,NOP,1,PTS+TRB,30.1,34.1,34.1,30.5,60.0,48.93617021276596,54.46808510638298,0.7253007483319799,0.11803278688524595
218,Karl-Anthony Towns,MIN,0,PTS+TRB,29.1,27.7,27.7,28.5,50.0,54.166666666666664,52.08333333333333,0.42742807552923945,-0.028070175438596516
219,Isaiah Stewart,DET,0,TRB+AST,9.5,9.6,9.6,10.5,30.0,42.592592592592595,36.2962962962963,0.3670520866415925,-0.08571428571428574
220,Marcus Smart,MEM,1,PTS+AST,17.6,22.3,22.3,22.5,40.0,21.518987341772153,30.759493670886076,0.4690275534300089,-0.008888888888888858
221,Gordon Hayward,CHA,1,TOV,2.0,2.2,2.2,1.5,50.0,60.37735849056604,55.18867924528302,0.6454298932405317,0.4666666666666668
222,Herbert Jones,NOP,1,PTS+AST,12.2,12.6,12.6,12.5,60.0,42.028985507246375,51.01449275362319,0.4923221824919568,0.007999999999999972
223,Brook Lopez,MIL,1,FGA,11.1,11.6,11.6,8.5,80.0,69.62025316455697,74.81012658227849,0.8169789016604658,0.36470588235294116
224,Scoot Henderson,POR,1,AST,4.0,4.4,4.4,5.5,25.0,25.0,25.0,0.2800884799908032,-0.19999999999999993
225,Shaedon Sharpe,POR,1,3P,1.3,2.4,2.4,2.5,40.0,16.666666666666664,28.333333333333332,0.4302912533424894,-0.040000000000000036
226,Bam Adebayo,MIA,0,TRB,8.9,6.6,6.6,9.0,10.0,40.625,25.3125,0.13136109880339597,-0.2666666666666667
227,Nikola Jokic,DEN,1,AST,8.4,8.8,8.8,8.5,60.0,50.79365079365079,55.39682539682539,0.5177191269114436,0.035294117647058906
228,Luka Doncic,DAL,0,DRB,7.9,9.4,9.4,9.0,40.0,30.434782608695656,35.21739130434783,0.46514163291868926,0.04444444444444448
229,Derrick White,BOS,0,BLK+STL,1.6,2.5,2.5,1.5,60.0,49.59349593495935,54.796747967479675,0.7127025048163542,0.6666666666666666
230,Jrue Holiday,BOS,0,TRB+AST,12.2,12.0,12.0,11.0,50.0,56.83453237410072,53.41726618705036,0.538402666936382,0.09090909090909091
231,P.J. Washington,CHA,1,PTS+TRB,20.7,24.9,24.9,19.5,60.0,50.0,55.0,0.8622217412093126,0.2769230769230768
232,Kyle Kuzma,WAS,1,PTS+AST,24.9,23.7,23.7,24.5,50.0,50.74626865671642,50.373134328358205,0.42166862921689996,-0.03265306122448983
233,Alperen Sengun,HOU,0,AST,4.0,5.8,5.8,5.5,60.0,32.05128205128205,46.02564102564102,0.5216853128418241,0.054545454545454515
234,Giannis Antetokounmpo,MIL,1,AST,5.4,4.8,4.8,5.0,40.0,40.97222222222222,40.486111111111114,0.3489935627305083,-0.040000000000000036
235,Coby White,CHI,1,STL,0.7,0.5,0.5,0.5,50.0,50.0,50.0,0.3934693402873666,0.0
236,Kevon Looney,GSW,0,PTS+AST,8.5,9.6,9.6,10.5,40.0,29.22077922077922,34.61038961038961,0.3670520866415925,-0.08571428571428574
237,Rudy Gobert,MIN,0,PTS+AST,14.7,15.5,15.5,14.5,80.0,54.330708661417326,67.16535433070867,0.5845928898522081,0.06896551724137931
238,Dennis Schroder,TOR,0,TRB+AST,6.7,8.6,8.6,9.5,30.0,23.015873015873016,26.507936507936506,0.3600487830644683,-0.09473684210526319
239,Clint Capela,ATL,0,PTS+TRB+AST,20.5,19.2,19.2,23.5,30.0,38.70967741935484,34.35483870967742,0.16239206917639615,-0.18297872340425536
240,Scottie Barnes,TOR,0,TRB,6.8,7.8,7.8,7.0,60.0,37.03703703703704,48.51851851851852,0.5187909829079023,0.11428571428571425
241,Desmond Bane,MEM,1,PTS+TRB,25.1,29.8,29.8,31.5,30.0,22.89156626506024,26.44578313253012,0.3673486939492968,-0.05396825396825394
242,Josh Giddey,OKC,0,PTS+TRB,24.1,21.0,21.0,21.5,70.0,68.75,69.375,0.44231404452892276,-0.023255813953488372
243,Walker Kessler,UTA,0,BLK+STL,2.6,1.5,1.5,2.5,20.0,48.717948717948715,34.35897435897436,0.19115316946194183,-0.4
244,Luguentz Dort,OKC,0,PTS+TRB+AST,20.3,17.4,17.4,16.5,70.0,66.66666666666666,68.33333333333333,0.570270849442484,0.05454545454545446
245,Zach LaVine,CHI,1,TRB+AST,8.6,6.7,6.7,7.5,40.0,61.72839506172839,50.864197530864196,0.35668303141277735,-0.10666666666666665
246,Scottie Barnes,TOR,0,FGA,13.3,14.7,14.7,15.5,40.0,27.160493827160494,33.58024691358025,0.40121067793380094,-0.0516129032258065
247,Anthony Edwards,MIN,0,PTS+TRB,30.8,34.0,34.0,28.5,80.0,61.29032258064516,70.64516129032258,0.8266528010667687,0.19298245614035087
248,Jaylen Brown,BOS,0,PTS+TRB,27.6,32.4,32.4,27.5,60.0,56.25,58.125,0.8034008578229498,0.17818181818181814
249,Damian Lillard,MIL,1,TOV,3.3,3.7,3.7,3.5,70.0,50.81967213114754,60.40983606557377,0.5058467558495816,0.0571428571428572
250,OG Anunoby,TOR,0,PTS+TRB,21.6,17.7,17.7,18.5,60.0,65.71428571428571,62.857142857142854,0.40969939743591466,-0.04324324324324328
251,Chet Holmgren,OKC,0,PTS+TRB+AST,23.2,23.2,23.2,20.5,75.0,75.0,75.0,0.7041861310628439,0.1317073170731707
252,Cam Thomas,BKN,1,PTS+AST,12.6,23.2,23.2,27.5,40.0,12.698412698412698,26.349206349206348,0.18383420683198648,-0.1563636363636364
253,Tyler Herro,MIA,0,TRB+AST,8.8,8.4,8.4,9.0,20.0,38.392857142857146,29.196428571428573,0.3340803022593467,-0.06666666666666662
254,Jordan Clarkson,UTA,0,TOV,3.1,3.9,3.9,2.5,80.0,63.07692307692307,71.53846153846153,0.746874897370216,0.5599999999999999
255,Giannis Antetokounmpo,MIL,1,3P,0.8,0.3,0.3,0.5,10.0,51.388888888888886,30.694444444444443,0.259181779318282,-0.4
256,Dennis Schroder,TOR,0,3PA,3.6,4.0,4.0,4.5,40.0,32.53968253968254,36.269841269841265,0.3711630648201266,-0.1111111111111111
257,Brook Lopez,MIL,1,STL,0.6,0.9,0.9,0.5,70.0,47.46835443037975,58.734177215189874,0.5934303402594008,0.8
258,Fred VanVleet,HOU,0,PTS+AST,26.3,22.6,22.6,25.5,30.0,45.83333333333333,37.916666666666664,0.26365091524159323,-0.11372549019607837
259,Coby White,CHI,1,PTS,9.7,10.2,10.2,10.5,60.0,38.46153846153847,49.23076923076923,0.4419657502369214,-0.02857142857142864
260,Brandon Ingram,NOP,1,AST,5.8,6.6,6.6,5.0,80.0,51.06382978723404,65.53191489361703,0.6453269565417072,0.31999999999999995
261,Josh Giddey,OKC,0,TRB,7.8,6.2,6.2,6.5,50.0,57.49999999999999,53.75,0.4257867694114772,-0.04615384615384613
262,Jabari Smith Jr.,HOU,0,PTS+AST,14.0,15.3,15.3,15.5,40.0,31.70731707317073,35.853658536585364,0.46261078433441716,-0.012903225806451568
263,Marcus Smart,MEM,1,STL,1.5,2.4,2.4,1.5,70.0,47.46835443037975,58.734177215189874,0.6915589588159976,0.6
264,Jrue Holiday,BOS,0,PTS+AST,25.3,21.1,21.1,20.5,70.0,71.22302158273382,70.61151079136691,0.5376755309216583,0.029268292682926897
265,Jalen Williams,OKC,0,TRB+AST,7.9,9.0,9.0,8.5,30.0,40.50632911392405,35.25316455696203,0.5443473956775811,0.058823529411764705
266,Jaren Jackson Jr.,MEM,1,3P,1.7,1.8,1.8,1.5,60.0,47.72727272727273,53.86363636363636,0.5371631129795577,0.20000000000000004
267,Shai Gilgeous-Alexander,OKC,0,AST,5.5,5.7,5.7,5.5,50.0,50.0,50.0,0.5050151278750382,0.0363636363636364
268,Grant Williams,DAL,0,3PA,3.3,4.7,4.7,5.0,20.0,18.461538461538463,19.230769230769234,0.3315615147022617,-0.05999999999999996
269,Xavier Tillman Sr.,MEM,1,TRB+AST,6.6,10.7,10.7,11.0,40.0,17.28395061728395,28.641975308641975,0.3849692708026897,-0.027272727272727337
270,Giannis Antetokounmpo,MIL,1,PTS,28.5,26.6,26.6,27.5,50.0,56.25,53.125,0.418471578955943,-0.032727272727272674
271,Kevin Huerter,SAC,1,PTS+AST,16.6,11.0,11.0,16.5,10.0,44.761904761904766,27.380952380952383,0.05592435246582561,-0.3333333333333333
272,Jayson Tatum,BOS,0,PTS+TRB,34.4,36.3,36.3,35.5,60.0,48.717948717948715,54.35897435897436,0.5419769956880225,0.022535211267605555
273,Kyle Kuzma,WAS,1,3PA,7.5,6.8,6.8,7.5,30.0,53.73134328358209,41.865671641791046,0.37151437745650395,-0.09333333333333335
274,Luka Doncic,DAL,0,3PA,8.4,10.8,10.8,10.0,60.0,20.28985507246377,40.14492753623188,0.5160307640044315,0.08000000000000007
275,Luka Doncic,DAL,0,PTS+TRB,41.4,42.8,42.8,42.5,50.0,47.82608695652174,48.913043478260875,0.5081113549538648,0.007058823529411698
276,Stephen Curry,GSW,0,PTS+TRB+AST,39.4,42.7,42.7,41.5,30.0,42.92929292929293,36.464646464646464,0.5630910144369998,0.02891566265060248
277,Pascal Siakam,TOR,0,FT,5.0,3.2,3.2,5.0,30.0,42.66666666666667,36.333333333333336,0.10540810546917734,-0.36
278,Shaedon Sharpe,POR,1,TOV,1.1,2.9,2.9,2.5,70.0,16.666666666666664,43.33333333333333,0.5540368014428195,0.15999999999999998
279,Kevon Looney,GSW,0,TRB+AST,9.9,13.7,13.7,14.0,40.0,18.83116883116883,29.415584415584416,0.39780094688547263,-0.02142857142857148
280,Jabari Smith Jr.,HOU,0,BLK,0.9,0.6,0.6,0.5,60.0,60.97560975609756,60.48780487804878,0.4511883639059735,0.19999999999999996
281,Luka Doncic,DAL,0,PTS+AST,40.8,41.2,41.2,40.5,50.0,57.971014492753625,53.98550724637681,0.5331740866601531,0.017283950617284022
282,Mikal Bridges,BKN,1,PTS+TRB+AST,25.4,30.3,30.3,32.5,50.0,26.400000000000002,38.2,0.33541660280755425,-0.06769230769230768
283,Mark Williams,CHA,1,TRB+AST,7.6,9.7,9.7,9.5,60.0,28.26086956521739,44.130434782608695,0.5040211582497902,0.021052631578947295
284,Jordan Clarkson,UTA,0,PTS+TRB,24.3,16.9,16.9,19.5,60.0,70.76923076923077,65.38461538461539,0.25559050796073246,-0.13333333333333341
285,Pascal Siakam,TOR,0,AST,5.7,3.9,3.9,4.0,40.0,69.33333333333334,54.66666666666667,0.3516346237900496,-0.025000000000000022
286,Cam Thomas,BKN,1,PTS+TRB,13.0,24.4,24.4,29.5,40.0,12.698412698412698,26.349206349206348,0.15101266685249182,-0.17288135593220344
287,Damian Lillard,MIL,1,ORB,0.8,0.9,0.9,0.5,70.0,54.09836065573771,62.049180327868854,0.5934303402594008,0.8
288,Tyus Jones,WAS,1,PTS+AST,14.2,15.9,15.9,18.5,40.0,26.851851851851855,33.425925925925924,0.24940293196838292,-0.14054054054054052
289,Dillon Brooks,HOU,0,PTS,14.8,13.4,13.4,11.5,70.0,61.458333333333336,65.72916666666667,0.6861382704388774,0.16521739130434784
290,Coby White,CHI,1,TRB+AST,5.7,7.6,7.6,7.5,50.0,24.358974358974358,37.17948717948718,0.48995813462075066,0.013333333333333286
291,Brook Lopez,MIL,1,PTS+TRB,21.4,21.4,21.4,17.5,60.0,62.65822784810127,61.32911392405063,0.7976783857454542,0.22285714285714278
292,Bam Adebayo,MIA,0,BLK,0.8,0.9,0.9,0.5,40.0,53.125,46.5625,0.5934303402594008,0.8
293,Aaron Gordon,DEN,1,PTS,15.3,14.2,14.2,12.5,70.0,64.94845360824742,67.4742268041237,0.6609389397671859,0.13599999999999995
294,Clint Capela,ATL,0,TRB+AST,10.5,10.1,10.1,12.0,30.0,32.903225806451616,31.451612903225808,0.2180150576324288,-0.15833333333333335
295,Brook Lopez,MIL,1,3P,1.4,1.6,1.6,1.5,40.0,38.607594936708864,39.30379746835443,0.4750690532138959,0.06666666666666672
296,Deni Avdija,WAS,1,TRB,6.4,6.8,6.8,6.5,70.0,48.10126582278481,59.050632911392405,0.5200837795439648,0.04615384615384613
297,Clint Capela,ATL,0,STL,0.6,0.6,0.6,0.5,70.0,49.03225806451613,59.516129032258064,0.4511883639059735,0.19999999999999996
298,Michael Porter Jr.,DEN,1,TRB+AST,7.2,9.4,9.4,8.0,60.0,27.0,43.5,0.5957645925283942,0.17500000000000004
299,Pascal Siakam,TOR,0,TRB+AST,13.5,11.2,11.2,11.5,50.0,66.66666666666666,58.33333333333333,0.4445945169168366,-0.02608695652173919
300,Jordan Poole,WAS,1,FGA,14.7,14.7,14.7,18.0,20.0,24.324324324324326,22.16216216216216,0.15999191749322117,-0.18333333333333338
301,Jordan Poole,WAS,1,PTS+TRB,22.3,20.6,20.6,26.5,20.0,30.630630630630627,25.315315315315313,0.1003438796688022,-0.22264150943396221
302,Desmond Bane,MEM,1,AST,3.8,3.8,3.8,4.5,50.0,39.75903614457831,44.87951807228916,0.3321563994691463,-0.15555555555555559
303,Scottie Barnes,TOR,0,TRB+AST,11.6,12.7,12.7,12.0,60.0,41.9753086419753,50.98765432098765,0.5035659292119409,0.05833333333333327
304,Jalen Williams,OKC,0,PTS+AST,17.5,20.4,20.4,19.5,60.0,34.177215189873415,47.088607594936704,0.564880022909106,0.04615384615384608
305,Isaiah Stewart,DET,0,PTS+AST,12.9,13.6,13.6,13.5,60.0,40.74074074074074,50.37037037037037,0.4926229140699885,0.007407407407407381
306,Jaren Jackson Jr.,MEM,1,TRB+AST,7.9,10.0,10.0,10.0,50.0,19.318181818181817,34.65909090909091,0.41696024980701485,0.0
307,Rudy Gobert,MIN,0,PTS+TRB,25.0,26.9,26.9,24.5,70.0,51.181102362204726,60.59055118110236,0.6689797343068244,0.09795918367346933
308,Mike Conley,MIN,0,TRB+AST,9.7,7.9,7.9,7.0,50.0,69.5945945945946,59.7972972972973,0.5329955153681531,0.12857142857142861
309,Zach LaVine,CHI,1,FGA,18.1,19.4,19.4,19.0,20.0,34.5679012345679,27.28395061728395,0.47579130160892713,0.021052631578947295
310,Brook Lopez,MIL,1,FT,2.1,1.5,1.5,1.5,40.0,50.63291139240506,45.31645569620253,0.44217459962892525,0.0
311,Kyle Kuzma,WAS,1,TRB+AST,10.9,9.1,9.1,10.0,30.0,49.25373134328358,39.626865671641795,0.3059333634449928,-0.09000000000000004
312,Giannis Antetokounmpo,MIL,1,FT,6.7,5.8,5.8,7.0,40.0,38.19444444444444,39.09722222222222,0.2289740728117542,-0.17142857142857146
313,Deni Avdija,WAS,1,PTS,9.2,11.2,11.2,10.5,60.0,37.9746835443038,48.9873417721519,0.5637583141983817,0.0666666666666666
314,Jayson Tatum,BOS,0,PTS+AST,31.1,32.6,32.6,30.5,50.0,55.769230769230774,52.88461538461539,0.6339110450722389,0.06885245901639349
315,Trae Young,ATL,0,TOV,4.2,3.5,3.5,3.5,70.0,65.0485436893204,67.5242718446602,0.463367332099215,0.0
316,Fred VanVleet,HOU,0,AST,7.2,7.5,7.5,6.5,40.0,56.94444444444444,48.47222222222222,0.6218453056765306,0.15384615384615385
317,Alperen Sengun,HOU,0,BLK+STL,1.8,1.9,1.9,1.5,60.0,51.28205128205128,55.641025641025635,0.5662510042543581,0.2666666666666666
318,Desmond Bane,MEM,1,PTS,20.4,25.2,25.2,26.5,30.0,18.072289156626507,24.036144578313255,0.3859641650935426,-0.04905660377358493
319,Josh Giddey,OKC,0,PTS+AST,22.4,19.8,19.8,20.5,70.0,60.0,65.0,0.42314630263918473,-0.0341463414634146
320,DeMar DeRozan,CHI,1,TRB,4.6,3.4,3.4,4.0,20.0,46.15384615384615,33.07692307692308,0.25581835269334485,-0.15000000000000002
321,Nikola Vucevic,CHI,1,DRB,9.0,8.4,8.4,9.0,20.0,40.69767441860465,30.348837209302324,0.3340803022593467,-0.06666666666666662
322,Ausar Thompson,DET,0,TRB,10.5,10.7,10.7,9.0,75.0,75.0,75.0,0.6260657322391925,0.1888888888888888
323,Mikal Bridges,BKN,1,PTS+TRB,22.4,26.8,26.8,29.5,30.0,21.6,25.8,0.2928962173201435,-0.09152542372881353
324,Jalen Johnson,ATL,0,PTS+TRB,9.9,16.3,16.3,20.5,20.0,6.172839506172839,13.08641975308642,0.149232354895095,-0.20487804878048776
325,Pascal Siakam,TOR,0,PTS+AST,29.5,22.9,22.9,24.5,40.0,66.66666666666666,53.33333333333333,0.3574939516723331,-0.06530612244897965
326,Nikola Vucevic,CHI,1,PTS+TRB,28.5,26.5,26.5,27.5,50.0,58.139534883720934,54.06976744186046,0.410846681250733,-0.03636363636363636
327,Josh Giddey,OKC,0,STL,0.7,0.7,0.7,0.5,40.0,55.00000000000001,47.5,0.5034146962085905,0.3999999999999999
328,Jaren Jackson Jr.,MEM,1,TRB,6.8,7.6,7.6,8.0,50.0,23.863636363636363,36.93181818181818,0.35180836903267776,-0.050000000000000044
329,Nikola Vucevic,CHI,1,TRB+AST,14.2,12.7,12.7,14.0,20.0,45.348837209302324,32.674418604651166,0.2946308502594326,-0.0928571428571429
330,Nikola Vucevic,CHI,1,FT,1.6,2.1,2.1,1.5,60.0,46.51162790697674,53.25581395348837,0.6203850724157562,0.4000000000000001
331,Jalen Williams,OKC,0,AST,3.4,4.4,4.4,3.5,70.0,40.50632911392405,55.25316455696203,0.640552227211231,0.25714285714285723
332,Ziaire Williams,MEM,1,STL,0.4,0.3,0.3,0.5,20.0,33.9622641509434,26.9811320754717,0.259181779318282,-0.4
333,Damian Lillard,MIL,1,TRB,4.8,6.0,6.0,5.0,60.0,36.0655737704918,48.0327868852459,0.5543203586353891,0.2
334,Clint Capela,ATL,0,DRB,6.4,6.5,6.5,7.5,20.0,35.483870967741936,27.741935483870968,0.3272422198694327,-0.13333333333333333
335,Keegan Murray,SAC,1,PTS+TRB,16.9,20.6,20.6,22.5,40.0,25.287356321839084,32.64367816091954,0.3267929335220836,-0.08444444444444438
336,Grant Williams,DAL,0,PTS+TRB,11.3,12.8,12.8,14.5,40.0,33.07692307692307,36.53846153846153,0.3046185561674686,-0.11724137931034478
337,Killian Hayes,DET,0,PTS+TRB,13.1,14.5,14.5,12.5,50.0,42.5,46.25,0.688917801734303,0.16
338,Jalen Johnson,ATL,0,TRB+AST,5.2,7.5,7.5,10.5,10.0,7.4074074074074066,8.703703703703702,0.1377620165716119,-0.2857142857142857
339,Harrison Barnes,SAC,1,PTS+TRB,17.9,17.5,17.5,18.5,40.0,39.21568627450981,39.6078431372549,0.39106598362930156,-0.05405405405405406
340,Shaedon Sharpe,POR,1,TRB,3.1,5.4,5.4,5.0,50.0,11.904761904761903,30.952380952380953,0.45386789564180074,0.08000000000000007
341,Killian Hayes,DET,0,STL,1.4,1.4,1.4,1.5,40.0,42.5,41.25,0.40816728654014434,-0.06666666666666672
342,Jabari Smith Jr.,HOU,0,TRB,7.2,7.4,7.4,7.5,60.0,48.78048780487805,54.390243902439025,0.46066722702750873,-0.013333333333333286
343,Terry Rozier,CHA,1,PTS+AST,26.2,25.7,25.7,24.5,70.0,65.15151515151516,67.57575757575758,0.5813273682413607,0.048979591836734664
344,Bam Adebayo,MIA,0,PTS+TRB,27.2,25.6,25.6,28.5,30.0,45.3125,37.65625,0.27582073299237575,-0.10175438596491224
345,CJ McCollum,NOP,1,AST,5.7,5.1,5.1,5.0,30.0,51.28205128205128,40.641025641025635,0.4015802927438654,0.019999999999999928
346,Jamal Murray,DEN,1,TRB,4.2,3.1,3.1,3.5,50.0,61.6822429906542,55.8411214953271,0.3751600546009546,-0.11428571428571425
347,Kristaps Porzingis,BOS,0,PTS+TRB,31.4,30.3,30.3,27.5,70.0,64.70588235294117,67.35294117647058,0.6864900881031218,0.10181818181818185
348,Kyle Kuzma,WAS,1,STL,0.6,0.6,0.6,0.5,60.0,46.26865671641791,53.134328358208954,0.4511883639059735,0.19999999999999996
349,Trae Young,ATL,0,AST,9.8,10.5,10.5,9.5,50.0,51.45631067961165,50.728155339805824,0.6028674006491891,0.10526315789473684
350,Mikal Bridges,BKN,1,PTS+AST,20.9,25.1,25.1,27.5,50.0,28.000000000000004,39.0,0.3069217739245417,-0.08727272727272722
351,Clint Capela,ATL,0,PTS,10.0,9.0,9.0,12.0,20.0,32.903225806451616,26.451612903225808,0.1242265708290351,-0.25
352,Jakob Poeltl,TOR,0,PTS,12.3,9.2,9.2,8.0,50.0,67.10526315789474,58.55263157894737,0.5703910230199261,0.1499999999999999
353,Pascal Siakam,TOR,0,3PA,4.1,4.6,4.6,4.5,60.0,42.66666666666667,51.333333333333336,0.48676599920428587,0.022222222222222143
354,Tyler Herro,MIA,0,PTS+AST,21.8,26.4,26.4,27.5,30.0,25.892857142857146,27.946428571428573,0.4032361579613585,-0.04000000000000005
355,Jerami Grant,POR,1,PTS+AST,22.6,19.2,19.2,21.5,40.0,50.74626865671642,45.373134328358205,0.2903275487496685,-0.10697674418604654
356,De'Andre Hunter,ATL,0,TRB,4.3,4.5,4.5,4.0,30.0,36.04651162790697,33.02325581395348,0.46789642362528494,0.125
357,Daniel Gafford,WAS,1,PTS+TRB,14.6,20.6,20.6,16.5,60.0,41.25,50.625,0.8153449157108615,0.24848484848484856
358,Scottie Barnes,TOR,0,PTS+TRB,22.4,25.4,25.4,25.5,50.0,38.2716049382716,44.1358024691358,0.4788541316080931,-0.003921568627451036
359,Jayson Tatum,BOS,0,BLK,0.8,0.6,0.6,0.5,40.0,52.56410256410257,46.282051282051285,0.4511883639059735,0.19999999999999996
360,Jordan Poole,WAS,1,TRB+AST,7.0,6.0,6.0,7.5,20.0,36.93693693693694,28.46846846846847,0.25602023954628295,-0.2
361,Kristaps Porzingis,BOS,0,TRB+AST,11.0,10.3,10.3,10.5,40.0,51.470588235294116,45.73529411764706,0.45443786405916153,-0.01904761904761898
362,Talen Horton-Tucker,UTA,0,AST,3.9,5.9,5.9,5.5,60.0,28.985507246376812,44.492753623188406,0.5381272410127839,0.0727272727272728
363,Daniel Gafford,WAS,1,TRB,5.6,7.9,7.9,6.5,70.0,38.75,54.375,0.6742599044193969,0.21538461538461545
364,Klay Thompson,GSW,0,PTS+AST,22.3,21.7,21.7,20.5,70.0,56.56108597285068,63.28054298642534,0.5885082782969405,0.05853658536585363
365,Jayson Tatum,BOS,0,TRB,7.8,8.1,8.1,9.5,40.0,32.69230769230769,36.34615384615385,0.295858388584602,-0.14736842105263162
366,Nikola Jokic,DEN,1,PTS+AST,33.8,35.1,35.1,35.5,50.0,40.476190476190474,45.23809523809524,0.4619349973922817,-0.011267605633802778
367,Jaden McDaniels,MIN,0,STL,0.9,1.0,1.0,0.5,60.0,55.00000000000001,57.5,0.6321205588285576,1.0
368,Trae Young,ATL,0,FT,7.5,7.4,7.4,7.5,40.0,46.601941747572816,43.30097087378641,0.46066722702750873,-0.013333333333333286
369,Zach LaVine,CHI,1,PTS+TRB,29.3,28.9,28.9,29.5,20.0,43.20987654320987,31.604938271604937,0.44344262425100944,-0.020338983050847505
370,Karl-Anthony Towns,MIN,0,TOV,3.1,2.2,2.2,2.5,50.0,64.58333333333334,57.29166666666667,0.37728625000368377,-0.11999999999999993
371,Michael Porter Jr.,DEN,1,PTS+AST,17.1,15.5,15.5,15.5,60.0,60.0,60.0,0.48298875273029185,0.0
372,LaMelo Ball,CHA,1,PTS+TRB,29.0,24.9,24.9,26.5,60.0,69.23076923076923,64.61538461538461,0.3629835680194172,-0.060377358490566094
373,Klay Thompson,GSW,0,TRB,4.0,4.3,4.3,4.0,60.0,39.81900452488688,49.90950226244344,0.42956189260589617,0.07499999999999996
374,Stephen Curry,GSW,0,AST,6.1,4.5,4.5,5.5,40.0,57.57575757575758,48.78787878787879,0.2970695651391726,-0.18181818181818182
375,Nikola Vucevic,CHI,1,FGA,14.0,13.7,13.7,12.5,50.0,68.6046511627907,59.30232558139535,0.6114024910468371,0.09599999999999995
376,Mark Williams,CHA,1,TRB,7.2,9.0,9.0,9.0,50.0,26.08695652173913,38.04347826086956,0.4125917556680583,0.0
377,Walker Kessler,UTA,0,PTS+TRB,17.5,20.4,20.4,18.5,50.0,42.30769230769231,46.15384615384615,0.6516303516149266,0.10270270270270263
378,Mike Conley,MIN,0,AST,6.6,5.0,5.0,5.0,40.0,63.51351351351351,51.75675675675676,0.38403934516693705,0.0
379,Jalen Green,HOU,0,TRB,3.8,4.4,4.4,3.5,30.0,50.63291139240506,40.31645569620253,0.640552227211231,0.25714285714285723
380,Jerami Grant,POR,1,PTS+TRB,24.7,22.5,22.5,23.5,40.0,50.74626865671642,45.373134328358205,0.4034836502112722,-0.0425531914893617
381,Giannis Antetokounmpo,MIL,1,PTS+AST,33.9,31.3,31.3,31.5,60.0,62.5,61.25,0.4738558408175687,-0.006349206349206327
382,Trae Young,ATL,0,PTS,26.0,24.3,24.3,25.5,40.0,50.48543689320388,45.24271844660194,0.39159639542442193,-0.047058823529411736
383,Domantas Sabonis,SAC,1,BLK+STL,1.3,2.0,2.0,1.5,60.0,38.38383838383838,49.19191919191919,0.593994150290162,0.3333333333333333
384,De'Andre Hunter,ATL,0,PTS+AST,16.8,17.7,17.7,17.5,40.0,44.18604651162791,42.093023255813954,0.5030603866283425,0.011428571428571389
385,Clint Capela,ATL,0,TRB,9.6,9.3,9.3,11.0,30.0,35.483870967741936,32.74193548387097,0.22702855840634983,-0.15454545454545449
386,Grant Williams,DAL,0,TRB,3.9,3.6,3.6,5.0,30.0,23.076923076923077,26.53846153846154,0.15588146615262388,-0.27999999999999997
387,Shai Gilgeous-Alexander,OKC,0,PTS+TRB+AST,41.6,39.9,39.9,41.5,60.0,58.333333333333336,59.16666666666667,0.390536833461245,-0.03855421686746991
388,Gordon Hayward,CHA,1,TRB+AST,8.6,9.9,9.9,8.5,70.0,45.28301886792453,57.64150943396227,0.6558085960836444,0.16470588235294123
389,Rudy Gobert,MIN,0,TRB+AST,12.7,14.3,14.3,12.5,80.0,51.96850393700787,65.98425196850394,0.6704174232699274,0.14400000000000004
390,Dennis Schroder,TOR,0,PTS+TRB,15.1,13.4,13.4,15.5,30.0,44.44444444444444,37.22222222222222,0.2728086402739157,-0.13548387096774192
391,Jalen Williams,OKC,0,TRB,4.5,4.6,4.6,4.5,40.0,51.89873417721519,45.949367088607595,0.48676599920428587,0.022222222222222143
392,Aaron Gordon,DEN,1,TRB,6.5,5.6,5.6,5.0,60.0,61.855670103092784,60.927835051546396,0.4881390616244967,0.11999999999999993
393,Scoot Henderson,POR,1,PTS+TRB,11.0,11.0,11.0,13.5,50.0,50.0,50.0,0.21870882746162934,-0.18518518518518517
394,Trae Young,ATL,0,PTS+TRB+AST,38.9,37.3,37.3,37.5,40.0,58.252427184466015,49.12621359223301,0.4760503495126418,-0.0053333333333334095
395,Harrison Barnes,SAC,1,PTS+AST,14.7,15.6,15.6,16.5,30.0,33.98692810457516,31.99346405228758,0.39441744687208524,-0.054545454545454564
396,Mark Williams,CHA,1,BLK+STL,1.7,1.5,1.5,1.5,40.0,47.82608695652174,43.913043478260875,0.44217459962892525,0.0
397,Alperen Sengun,HOU,0,PTS+TRB,24.0,28.1,28.1,26.5,60.0,33.33333333333333,46.666666666666664,0.6075267639278386,0.060377358490566094
398,Daniel Gafford,WAS,1,PTS+AST,10.1,13.8,13.8,11.5,50.0,37.5,43.75,0.7227281414746625,0.20000000000000007
399,Ben Simmons,BKN,1,PTS,7.0,6.6,6.6,8.0,30.0,35.55555555555556,32.77777777777778,0.22044286240913757,-0.17500000000000004
400,Alperen Sengun,HOU,0,PTS+AST,18.9,23.3,23.3,21.5,60.0,32.05128205128205,46.02564102564102,0.634081707746905,0.08372093023255817
401,Luka Doncic,DAL,0,TRB,8.8,9.9,9.9,10.0,30.0,27.536231884057973,28.768115942028984,0.4044513415747293,-0.009999999999999964
402,Walker Kessler,UTA,0,TRB,8.3,8.5,8.5,8.5,40.0,46.15384615384615,43.07692307692308,0.4768949549671132,0.0
403,Lauri Markkanen,UTA,0,TRB,8.7,9.7,9.7,9.0,60.0,44.285714285714285,52.14285714285714,0.5040211582497902,0.0777777777777777
404,Grant Williams,DAL,0,PTS+AST,8.7,10.1,10.1,10.5,50.0,36.15384615384615,43.07692307692308,0.42946917888485636,-0.038095238095238126
405,Jaden McDaniels,MIN,0,PTS+TRB+AST,17.8,15.8,15.8,13.5,70.0,66.25,68.125,0.7089078405864758,0.17037037037037042
406,Damian Lillard,MIL,1,3PA,11.2,9.9,9.9,9.5,50.0,65.57377049180327,57.78688524590164,0.5294984179384613,0.04210526315789478
407,Zach LaVine,CHI,1,PTS+AST,28.9,27.3,27.3,29.5,30.0,45.67901234567901,37.839506172839506,0.3273677427916609,-0.07457627118644065
408,Ziaire Williams,MEM,1,PTS+AST,7.0,10.4,10.4,13.5,30.0,13.20754716981132,21.60377358490566,0.16641254651430626,-0.2296296296296296
409,Fred VanVleet,HOU,0,PTS+TRB,23.2,17.9,17.9,22.5,40.0,48.61111111111111,44.30555555555556,0.13937563625711602,-0.2044444444444445
410,Coby White,CHI,1,AST,2.8,4.0,4.0,4.0,30.0,17.94871794871795,23.974358974358974,0.3711630648201266,0.0
411,Ben Simmons,BKN,1,PTS+TRB,13.5,13.9,13.9,17.5,20.0,20.0,20.0,0.1657479404530574,-0.20571428571428568
412,Jordan Clarkson,UTA,0,AST,4.5,5.5,5.5,5.0,70.0,29.230769230769234,49.61538461538461,0.4710813134741374,0.1
413,Marcus Smart,MEM,1,TRB+AST,9.3,9.1,9.1,10.5,40.0,36.075949367088604,38.037974683544306,0.3059333634449928,-0.13333333333333336
414,Bam Adebayo,MIA,0,TRB+AST,12.1,9.2,9.2,12.5,20.0,44.53125,32.265625,0.13926071044486343,-0.26400000000000007
415,Nikola Jokic,DEN,1,BLK+STL,1.9,1.7,1.7,1.5,60.0,58.730158730158735,59.36507936507937,0.5067544850576164,0.1333333333333333
416,CJ McCollum,NOP,1,TRB,4.4,4.6,4.6,3.5,60.0,65.38461538461539,62.69230769230769,0.6742937169785529,0.31428571428571417
417,Karl-Anthony Towns,MIN,0,PTS+AST,23.5,20.5,20.5,23.5,40.0,58.333333333333336,49.16666666666667,0.24715035832530974,-0.1276595744680851
418,Jordan Poole,WAS,1,ORB,0.4,0.7,0.7,0.5,30.0,34.234234234234236,32.11711711711712,0.5034146962085905,0.3999999999999999
419,Dillon Brooks,HOU,0,PTS+TRB,18.1,16.8,16.8,14.5,80.0,67.70833333333334,73.85416666666667,0.7028950329782107,0.15862068965517245
420,Tyler Herro,MIA,0,PTS,18.0,22.8,22.8,23.5,30.0,25.0,27.5,0.4282780121318561,-0.02978723404255316
421,Cade Cunningham,DET,0,PTS+AST,26.6,25.6,25.6,27.0,50.0,50.0,50.0,0.34321756294006434,-0.0518518518518518
422,Kevon Looney,GSW,0,AST,2.1,3.0,3.0,2.5,50.0,34.41558441558442,42.20779220779221,0.5768099188731564,0.2
423,Desmond Bane,MEM,1,3P,2.9,3.0,3.0,3.5,30.0,30.120481927710845,30.06024096385542,0.35276811121776874,-0.14285714285714285
424,Ausar Thompson,DET,0,PTS+TRB,19.0,20.3,20.3,18.5,75.0,75.0,75.0,0.6435035386481038,0.09729729729729733
425,OG Anunoby,TOR,0,3PA,5.6,6.9,6.9,6.0,60.0,37.142857142857146,48.57142857142857,0.5352848222265388,0.15000000000000005
426,Jabari Smith Jr.,HOU,0,BLK+STL,1.5,1.6,1.6,1.5,50.0,43.90243902439025,46.951219512195124,0.4750690532138959,0.06666666666666672
427,Lauri Markkanen,UTA,0,PTS+TRB+AST,36.2,38.4,38.4,35.5,60.0,54.285714285714285,57.14285714285714,0.6724657980971036,0.08169014084507038
428,Bam Adebayo,MIA,0,PTS+TRB+AST,30.4,28.2,28.2,31.5,30.0,50.0,40.0,0.2608335026603664,-0.10476190476190478
429,Marcus Smart,MEM,1,AST,5.4,5.7,5.7,7.0,20.0,22.151898734177212,21.075949367088604,0.21585142883216657,-0.1857142857142857
430,Nikola Jokic,DEN,1,TRB+AST,20.2,21.0,21.0,20.5,40.0,42.06349206349206,41.03174603174603,0.5290256361322903,0.024390243902439025
431,Jakob Poeltl,TOR,0,DRB,5.8,5.6,5.6,5.5,40.0,47.368421052631575,43.68421052631579,0.4881390616244967,0.01818181818181812
432,Talen Horton-Tucker,UTA,0,PTS+AST,14.5,21.0,21.0,18.5,60.0,26.08695652173913,43.04347826086956,0.6983196959293413,0.13513513513513514
433,Deni Avdija,WAS,1,PTS+TRB,15.6,18.0,18.0,16.5,60.0,41.77215189873418,50.88607594936709,0.6249496469333657,0.09090909090909091
434,Rudy Gobert,MIN,0,TRB,11.6,12.8,12.8,11.0,70.0,53.54330708661418,61.77165354330709,0.6262320830157855,0.1636363636363637
435,Kristaps Porzingis,BOS,0,TOV,2.1,1.5,1.5,1.5,40.0,58.82352941176471,49.411764705882355,0.44217459962892525,0.0
436,Luka Doncic,DAL,0,FGA,22.0,21.5,21.5,23.0,40.0,33.33333333333333,36.666666666666664,0.3225877025975816,-0.06521739130434782
437,Jaylen Brown,BOS,0,TOV,2.4,2.6,2.6,2.5,70.0,40.0,55.0,0.48157042406394956,0.040000000000000036
438,Damian Lillard,MIL,1,PTS+AST,38.9,33.0,33.0,32.5,70.0,77.04918032786885,73.52459016393442,0.5231526113369691,0.015384615384615385
439,Malik Beasley,MIL,1,PTS+TRB,14.7,10.3,10.3,12.5,30.0,61.111111111111114,45.55555555555556,0.23769529981841808,-0.17599999999999993
440,Kristaps Porzingis,BOS,0,PTS+AST,25.7,25.0,25.0,21.5,80.0,73.52941176470588,76.76470588235294,0.7527011870576543,0.16279069767441862
441,Stephen Curry,GSW,0,TRB+AST,11.7,9.8,9.8,10.5,30.0,58.080808080808076,44.04040404040404,0.39195508261261214,-0.0666666666666666
442,Alperen Sengun,HOU,0,PTS,15.0,17.5,17.5,16.5,50.0,35.8974358974359,42.94871794871795,0.5795960963350058,0.06060606060606061
443,DeMar DeRozan,CHI,1,FT,6.2,5.7,5.7,5.5,60.0,52.56410256410257,56.282051282051285,0.5050151278750382,0.0363636363636364
444,Lauri Markkanen,UTA,0,TRB+AST,10.6,12.1,12.1,10.5,80.0,52.85714285714286,66.42857142857143,0.6631662337565365,0.15238095238095234
445,Ziaire Williams,MEM,1,TRB+AST,3.2,6.8,6.8,7.5,40.0,11.320754716981133,25.660377358490567,0.37151437745650395,-0.09333333333333335
446,Kentavious Caldwell-Pope,DEN,1,PTS+AST,12.8,10.7,10.7,10.5,50.0,65.21739130434783,57.608695652173914,0.5038509361193064,0.01904761904761898
447,Cade Cunningham,DET,0,TRB+AST,11.7,10.5,10.5,10.5,50.0,56.25,53.125,0.4792618715863245,0.0
448,Mikal Bridges,BKN,1,TRB+AST,7.4,8.8,8.8,8.0,50.0,31.2,40.6,0.5177191269114436,0.10000000000000009
449,Damian Lillard,MIL,1,PTS+TRB,36.6,32.7,32.7,31.5,60.0,63.934426229508205,61.9672131147541,0.5720970556919712,0.03809523809523819
450,Ziaire Williams,MEM,1,TRB,2.4,5.3,5.3,5.0,30.0,9.433962264150944,19.71698113207547,0.4365266077119283,0.05999999999999996
451,Kyle Kuzma,WAS,1,PTS+TRB,28.5,27.6,27.6,28.5,30.0,41.7910447761194,35.8955223880597,0.4199278563898732,-0.031578947368421005
452,Jayson Tatum,BOS,0,AST,4.5,4.5,4.5,4.5,50.0,46.15384615384615,48.07692307692308,0.46789642362528494,0.0
453,Jrue Holiday,BOS,0,PTS+TRB,23.4,21.5,21.5,18.5,80.0,71.22302158273382,75.61151079136691,0.7343159659550609,0.16216216216216217
454,Keegan Murray,SAC,1,TRB,4.7,6.5,6.5,6.5,50.0,20.689655172413794,35.3448275862069,0.47347637748200033,0.0
455,Aaron Gordon,DEN,1,PTS+TRB+AST,24.6,22.4,22.4,20.5,70.0,67.0103092783505,68.50515463917526,0.6448284332109715,0.09268292682926822
456,Jalen Williams,OKC,0,PTS+TRB,18.6,20.5,20.5,20.5,40.0,31.645569620253166,35.822784810126585,0.4852338458684483,0.0
457,Kentavious Caldwell-Pope,DEN,1,3P,1.8,1.7,1.7,1.5,60.0,56.52173913043478,58.26086956521739,0.5067544850576164,0.1333333333333333
458,Andrew Wiggins,GSW,0,BLK,0.9,1.0,1.0,0.5,50.0,55.55555555555556,52.77777777777778,0.6321205588285576,1.0
459,Kentavious Caldwell-Pope,DEN,1,PTS+TRB,13.4,12.3,12.3,12.5,40.0,56.52173913043478,48.26086956521739,0.45830281319916755,-0.015999999999999945
460,Scottie Barnes,TOR,0,PTS+AST,20.4,22.6,22.6,23.5,30.0,29.629629629629626,29.814814814814813,0.411735046679622,-0.03829787234042547
461,Josh Giddey,OKC,0,AST,6.1,5.0,5.0,5.0,60.0,55.00000000000001,57.5,0.38403934516693705,0.0
462,John Collins,UTA,0,PTS+TRB,19.8,21.4,21.4,22.5,50.0,33.980582524271846,41.990291262135926,0.3929250731141788,-0.048888888888888954
463,Mikal Bridges,BKN,1,PTS,18.0,21.5,21.5,24.5,30.0,23.200000000000003,26.6,0.25203949131528147,-0.12244897959183673
464,Jabari Smith Jr.,HOU,0,PTS,12.7,13.6,13.6,13.5,50.0,40.243902439024396,45.1219512195122,0.4926229140699885,0.007407407407407381
465,Dillon Brooks,HOU,0,3P,2.0,2.0,2.0,1.5,60.0,51.041666666666664,55.52083333333333,0.593994150290162,0.3333333333333333
466,Giannis Antetokounmpo,MIL,1,TRB,11.8,9.6,9.6,11.5,30.0,52.77777777777778,41.388888888888886,0.2587589783838049,-0.16521739130434784
467,OG Anunoby,TOR,0,PTS+AST,18.5,15.4,15.4,15.5,60.0,62.857142857142854,61.42857142857143,0.4728129967875857,-0.006451612903225784
468,Ben Simmons,BKN,1,PTS+TRB+AST,19.8,20.5,20.5,26.5,20.0,17.77777777777778,18.88888888888889,0.09633762606052554,-0.22641509433962265
469,Talen Horton-Tucker,UTA,0,PTS,10.7,15.1,15.1,12.5,60.0,30.434782608695656,45.21739130434783,0.7405918573513628,0.20799999999999996
470,De'Andre Hunter,ATL,0,PTS+TRB,19.8,20.9,20.9,19.5,40.0,46.51162790697674,43.25581395348837,0.6074401294280147,0.07179487179487172
471,Karl-Anthony Towns,MIN,0,TRB,9.4,9.9,9.9,8.0,70.0,58.333333333333336,64.16666666666667,0.6558085960836444,0.23750000000000004
472,Herbert Jones,NOP,1,BLK,0.7,1.5,1.5,0.5,70.0,50.72463768115942,60.36231884057971,0.7768698398515702,2.0
473,Trae Young,ATL,0,ORB,0.7,0.4,0.4,0.5,40.0,52.42718446601942,46.213592233009706,0.32967995396436056,-0.19999999999999996
474,Andrew Wiggins,GSW,0,PTS+TRB,22.3,17.2,17.2,18.5,50.0,65.27777777777779,57.63888888888889,0.36332853523459585,-0.0702702702702703
475,Deni Avdija,WAS,1,PTS+AST,12.0,14.7,14.7,13.5,70.0,41.77215189873418,55.88607594936709,0.6075446034279552,0.08888888888888884
476,Davion Mitchell,SAC,1,PTS+AST,7.9,6.9,6.9,14.5,10.0,8.045977011494253,9.022988505747126,0.005042416605328004,-0.5241379310344827
477,Ausar Thompson,DET,0,TRB+AST,14.8,14.9,14.9,12.5,75.0,75.0,75.0,0.7240203788759104,0.19200000000000003
478,Ziaire Williams,MEM,1,3P,0.8,1.5,1.5,1.5,30.0,13.20754716981132,21.60377358490566,0.44217459962892525,0.0
479,Kevin Huerter,SAC,1,PTS+TRB,17.2,12.9,12.9,17.5,30.0,46.666666666666664,38.33333333333333,0.10412245251434993,-0.26285714285714284
480,Ben Simmons,BKN,1,TRB+AST,12.8,13.9,13.9,17.5,30.0,22.22222222222222,26.11111111111111,0.1657479404530574,-0.20571428571428568
481,Jalen Johnson,ATL,0,PTS+AST,7.1,12.9,12.9,16.5,20.0,6.172839506172839,13.08641975308642,0.1574016584278355,-0.21818181818181817
482,Shai Gilgeous-Alexander,OKC,0,BLK,0.9,0.5,0.5,0.5,40.0,58.333333333333336,49.16666666666667,0.3934693402873666,0.0
483,Kristaps Porzingis,BOS,0,TRB,8.4,7.8,7.8,8.5,40.0,51.470588235294116,45.73529411764706,0.37955889390201025,-0.08235294117647061
484,Nikola Jokic,DEN,1,PTS+TRB,37.1,38.5,38.5,37.5,40.0,44.44444444444444,42.22222222222222,0.5536175373752613,0.02666666666666667
485,Jakob Poeltl,TOR,0,BLK+STL,2.1,1.0,1.0,1.5,20.0,53.94736842105263,36.973684210526315,0.26424111765711533,-0.3333333333333333
486,Jrue Holiday,BOS,0,AST,7.1,5.8,5.8,6.0,50.0,57.55395683453237,53.776978417266186,0.36160885345037974,-0.03333333333333336
487,Josh Giddey,OKC,0,TRB+AST,13.8,11.3,11.3,12.0,30.0,51.24999999999999,40.625,0.3445349685847878,-0.05833333333333327
488,Kyle Kuzma,WAS,1,FGA,17.9,17.3,17.3,18.0,30.0,46.26865671641791,38.134328358208954,0.37253880503057135,-0.03888888888888885
489,Karl-Anthony Towns,MIN,0,PTS+TRB+AST,32.9,30.4,30.4,31.5,50.0,58.333333333333336,54.16666666666667,0.4096359895384516,-0.03492063492063496
490,Klay Thompson,GSW,0,PTS+TRB,24.1,23.6,23.6,23.5,60.0,52.03619909502263,56.01809954751131,0.49445292448908884,0.004255319148936231
491,Giannis Antetokounmpo,MIL,1,TRB+AST,17.2,14.3,14.3,16.5,40.0,51.388888888888886,45.69444444444444,0.27058164467352186,-0.1333333333333333
492,Desmond Bane,MEM,1,PTS+AST,24.3,29.0,29.0,31.5,30.0,20.481927710843372,25.240963855421686,0.312622304586465,-0.07936507936507936
493,Chet Holmgren,OKC,0,TRB,6.2,5.9,5.9,5.5,25.0,25.0,25.0,0.5381272410127839,0.0727272727272728
494,Fred VanVleet,HOU,0,TRB+AST,11.2,10.3,10.3,10.5,40.0,55.55555555555556,47.77777777777778,0.45443786405916153,-0.01904761904761898
495,Trae Young,ATL,0,FGA,19.5,19.8,19.8,18.5,60.0,55.33980582524271,57.66990291262135,0.6015345869040407,0.0702702702702703
496,Terry Rozier,CHA,1,TRB,4.1,3.4,3.4,3.5,50.0,57.57575757575758,53.78787878787879,0.44164294471710464,-0.0285714285714286
497,Jamal Murray,DEN,1,TRB+AST,10.3,11.2,11.2,11.0,40.0,32.71028037383177,36.35514018691589,0.4445945169168366,0.01818181818181812
498,Jaylen Brown,BOS,0,TRB+AST,8.8,8.8,8.8,9.5,40.0,41.875,40.9375,0.3862603535034148,-0.07368421052631571
499,De'Andre Hunter,ATL,0,3P,1.6,2.2,2.2,1.5,60.0,51.162790697674424,55.58139534883721,0.6454298932405317,0.4666666666666668
500,Luguentz Dort,OKC,0,PTS+TRB,18.2,16.5,16.5,15.5,60.0,65.38461538461539,62.69230769230769,0.5819804993921238,0.06451612903225806
501,Jordan Poole,WAS,1,3PA,7.3,6.8,6.8,8.0,20.0,33.33333333333333,26.666666666666664,0.2452303856821616,-0.15000000000000002
502,Jabari Smith Jr.,HOU,0,PTS+TRB,19.9,21.0,21.0,21.5,70.0,42.68292682926829,56.34146341463415,0.44231404452892276,-0.023255813953488372
503,Karl-Anthony Towns,MIN,0,PTS,19.7,17.8,17.8,20.5,40.0,56.25,48.125,0.2535015680309409,-0.1317073170731707
504,Jalen Williams,OKC,0,BLK+STL,1.8,1.4,1.4,1.5,40.0,51.89873417721519,45.949367088607595,0.40816728654014434,-0.06666666666666672
505,LaMelo Ball,CHA,1,TRB+AST,14.9,15.7,15.7,14.5,80.0,51.28205128205128,65.64102564102564,0.6040616402102004,0.08275862068965513
506,Jalen Green,HOU,0,PTS+TRB,25.8,25.1,25.1,26.5,60.0,51.89873417721519,55.949367088607595,0.37827542383951884,-0.05283018867924523
507,Domantas Sabonis,SAC,1,PTS+AST,24.1,22.7,22.7,27.5,20.0,36.36363636363637,28.181818181818183,0.15654628427958395,-0.17454545454545456
508,Anthony Edwards,MIN,0,PTS+AST,29.5,33.2,33.2,28.5,70.0,58.06451612903226,64.03225806451613,0.7899931301267704,0.16491228070175448
509,Harrison Barnes,SAC,1,PTS+TRB+AST,19.4,18.9,18.9,20.5,30.0,40.52287581699346,35.26143790849673,0.3441924762602554,-0.07804878048780495
510,De'Andre Hunter,ATL,0,PTS,15.5,16.4,16.4,15.5,40.0,46.51162790697674,43.25581395348837,0.5723901137498291,0.058064516129032163
511,Karl-Anthony Towns,MIN,0,BLK+STL,1.5,1.6,1.6,1.5,50.0,45.83333333333333,47.916666666666664,0.4750690532138959,0.06666666666666672
512,Cade Cunningham,DET,0,BLK,0.5,0.4,0.4,0.5,60.0,43.75,51.875,0.32967995396436056,-0.19999999999999996
513,Aaron Gordon,DEN,1,BLK,0.7,0.9,0.9,0.5,40.0,50.51546391752577,45.25773195876289,0.5934303402594008,0.8
514,Walker Kessler,UTA,0,PTS+TRB+AST,18.4,21.1,21.1,19.5,50.0,43.58974358974359,46.794871794871796,0.6239556867735145,0.08205128205128212
515,Derrick White,BOS,0,3P,1.7,2.4,2.4,1.5,60.0,47.96747967479675,53.983739837398375,0.6915589588159976,0.6
516,Desmond Bane,MEM,1,TRB,4.7,4.6,4.6,5.0,30.0,37.34939759036144,33.67469879518072,0.31424049885196015,-0.08000000000000007
517,Xavier Tillman Sr.,MEM,1,PTS+AST,8.4,12.5,12.5,13.5,40.0,19.753086419753085,29.876543209876544,0.3721646560559799,-0.07407407407407407
518,DeMar DeRozan,CHI,1,AST,5.0,4.0,4.0,4.5,40.0,58.97435897435898,49.48717948717949,0.3711630648201266,-0.1111111111111111
519,Jordan Poole,WAS,1,AST,4.3,3.1,3.1,4.0,20.0,40.54054054054054,30.27027027027027,0.2018105360855339,-0.22499999999999998
520,Luguentz Dort,OKC,0,PTS,13.6,11.9,11.9,10.5,60.0,69.23076923076923,64.61538461538461,0.6422002387741056,0.13333333333333336
521,Shai Gilgeous-Alexander,OKC,0,TRB,5.0,6.7,6.7,5.0,40.0,38.88888888888889,39.44444444444444,0.6593505513582536,0.34
522,Kyle Kuzma,WAS,1,3P,2.5,2.0,2.0,2.5,30.0,43.28358208955223,36.64179104477611,0.3233235838169366,-0.2
523,Deni Avdija,WAS,1,PTS+TRB+AST,18.4,21.5,21.5,20.5,60.0,41.77215189873418,50.88607594936709,0.571789962049094,0.04878048780487805
524,Scoot Henderson,POR,1,TRB+AST,6.8,7.2,7.2,8.5,25.0,25.0,25.0,0.2973317375764193,-0.15294117647058822
525,Harrison Barnes,SAC,1,3P,1.4,1.5,1.5,1.5,30.0,37.908496732026144,33.954248366013076,0.44217459962892525,0.0
526,Lauri Markkanen,UTA,0,PTS+AST,27.5,28.7,28.7,27.5,50.0,50.0,50.0,0.5769584822373519,0.04363636363636361
527,Jalen Green,HOU,0,PTS+AST,25.6,23.8,23.8,26.5,40.0,44.303797468354425,42.15189873417721,0.2819215576854224,-0.10188679245283017
528,Aaron Gordon,DEN,1,PTS+AST,18.2,16.8,16.8,14.5,60.0,67.0103092783505,63.50515463917525,0.7028950329782107,0.15862068965517245
529,Michael Porter Jr.,DEN,1,3P,2.8,2.7,2.7,2.5,40.0,56.00000000000001,48.0,0.5063755089265384,0.08000000000000007
530,DeMar DeRozan,CHI,1,PTS+TRB+AST,34.1,28.9,28.9,29.5,40.0,64.1025641025641,52.05128205128205,0.44344262425100944,-0.020338983050847505
531,Kevon Looney,GSW,0,BLK,0.5,0.5,0.5,0.5,50.0,42.2077922077922,46.103896103896105,0.3934693402873666,0.0
532,Jabari Smith Jr.,HOU,0,TRB+AST,8.5,9.2,9.2,9.0,50.0,35.36585365853659,42.6829268292683,0.43892359103949186,0.022222222222222143
533,Anthony Edwards,MIN,0,TRB,5.7,6.1,6.1,4.5,70.0,66.66666666666666,68.33333333333333,0.7281057346810453,0.35555555555555546
534,Isaiah Stewart,DET,0,TRB,8.1,8.4,8.4,9.5,20.0,33.33333333333333,26.666666666666664,0.3340803022593467,-0.11578947368421048
535,Michael Porter Jr.,DEN,1,STL,0.7,0.5,0.5,0.5,50.0,49.0,49.5,0.3934693402873666,0.0
536,Chet Holmgren,OKC,0,STL,1.0,1.1,1.1,0.5,75.0,75.0,75.0,0.6671289163019205,1.2000000000000002
537,Mark Williams,CHA,1,PTS+AST,9.6,13.2,13.2,12.5,60.0,32.608695652173914,46.30434782608695,0.5587047351494898,0.055999999999999946
538,Jalen Johnson,ATL,0,TOV,0.7,1.5,1.5,1.5,40.0,13.580246913580247,26.790123456790123,0.44217459962892525,0.0
539,Rudy Gobert,MIN,0,PTS,13.5,14.0,14.0,13.5,70.0,51.96850393700787,60.98425196850393,0.5355524351031431,0.037037037037037035
540,DeMar DeRozan,CHI,1,BLK+STL,1.7,2.2,2.2,1.5,50.0,48.717948717948715,49.35897435897436,0.6454298932405317,0.4666666666666668
541,Stephen Curry,GSW,0,PTS+AST,33.8,37.5,37.5,36.5,30.0,39.39393939393939,34.696969696969695,0.5543287677258756,0.0273972602739726
542,Brook Lopez,MIL,1,BLK,2.1,1.2,1.2,1.5,30.0,54.43037974683544,42.21518987341772,0.33737273379315535,-0.20000000000000004
543,CJ McCollum,NOP,1,PTS+TRB,25.2,24.3,24.3,23.5,50.0,56.41025641025641,53.205128205128204,0.5513298545051875,0.03404255319148939
544,Malik Beasley,MIL,1,TRB,3.4,2.6,2.6,3.5,30.0,39.81481481481482,34.907407407407405,0.2639983556147607,-0.2571428571428571
545,Dennis Schroder,TOR,0,AST,4.3,6.7,6.7,7.0,30.0,15.079365079365079,22.539682539682538,0.35668303141277735,-0.04285714285714283
546,Damian Lillard,MIL,1,FT,8.8,9.3,9.3,7.5,80.0,60.65573770491803,70.32786885245902,0.7100497360947966,0.2400000000000001
547,Pascal Siakam,TOR,0,TRB,7.8,7.3,7.3,7.0,40.0,52.0,46.0,0.44589338816092305,0.04285714285714283
548,Deandre Ayton,POR,1,PTS,17.1,11.7,11.7,12.0,60.0,73.87387387387388,66.93693693693695,0.3897677594439376,-0.02500000000000006
549,Herbert Jones,NOP,1,PTS+TRB,13.9,14.2,14.2,14.5,60.0,40.57971014492754,50.289855072463766,0.45075109830032534,-0.02068965517241384
550,Luka Doncic,DAL,0,TRB+AST,16.8,18.2,18.2,18.5,30.0,27.536231884057973,28.768115942028984,0.4564675846638726,-0.016216216216216255
551,Gordon Hayward,CHA,1,TRB,4.4,4.6,4.6,4.0,40.0,47.16981132075472,43.58490566037736,0.48676599920428587,0.1499999999999999
552,Andrew Wiggins,GSW,0,PTS+AST,18.6,14.8,14.8,15.5,50.0,65.27777777777779,57.63888888888889,0.4114324139660208,-0.0451612903225806
553,Keegan Murray,SAC,1,PTS+AST,13.4,16.0,16.0,17.5,20.0,27.586206896551722,23.79310344827586,0.3406563707575061,-0.08571428571428572
