Rk,Player,Pos,Age,Tm,G,GS,MP,FG,FGA,FG%,3P,3PA,3P%,2P,2PA,2P%,eFG%,FT,FTA,FT%,ORB,DRB,TRB,AST,STL,BLK,TOV,PF,PTS▼,Player-additional
1,Jayson Tatum,PF,24,BOS,68,68,2544,665,1449,.459,220,639,.344,445,810,.549,.535,494,579,.853,74,531,605,321,70,50,199,144,2044,tatumja01
2,Joel Embiid,C,28,PHI,58,58,2030,647,1186,.546,61,174,.351,586,1012,.579,.571,591,691,.855,105,490,595,238,62,102,201,186,1946,embiijo01
3,Shai Gilgeous-Alexander,PG,24,OKC,61,61,2171,636,1247,.510,53,152,.349,583,1095,.532,.531,590,653,.904,54,240,294,334,102,60,177,167,1915,gilgesh01
4,Luka Dončić,PG,23,DAL,57,57,2068,629,1257,.500,158,453,.349,471,804,.586,.563,463,629,.736,48,443,491,458,83,28,209,148,1879,doncilu01
5,Julius Randle,PF,28,NYK,73,73,2623,633,1372,.461,212,612,.346,421,760,.554,.539,391,515,.759,139,604,743,299,47,19,208,223,1869,randlju01
6,Damian Lillard,PG,32,POR,57,57,2073,548,1183,.463,242,648,.373,306,535,.572,.566,498,544,.915,43,227,270,413,50,18,189,108,1836,lillada01
7,Anthony Edwards,SG,21,MIN,71,71,2558,636,1380,.461,193,520,.371,443,860,.515,.531,290,378,.767,39,378,417,315,114,51,237,172,1755,edwaran01
8,Giannis Antetokounmpo,PF,28,MIL,56,56,1820,623,1142,.546,45,156,.288,578,986,.586,.565,459,707,.649,126,538,664,312,41,45,219,179,1750,antetgi01
9,Trae Young,PG,24,ATL,65,65,2262,552,1274,.433,144,427,.337,408,847,.482,.490,493,556,.887,54,147,201,654,72,9,264,98,1741,youngtr01
10,Donovan Mitchell,SG,26,CLE,62,62,2202,600,1258,.477,219,578,.379,381,680,.560,.564,281,322,.873,58,200,258,284,93,23,164,149,1700,mitchdo01
11,Zach LaVine,SG,27,CHI,67,67,2439,584,1216,.480,187,490,.382,397,726,.547,.557,323,380,.850,38,277,315,275,63,16,171,143,1678,lavinza01
12,DeMar DeRozan,SF,33,CHI,65,65,2389,597,1167,.512,39,115,.339,558,1052,.530,.528,420,483,.870,31,277,308,330,72,33,140,172,1653,derozde01
13,De'Aaron Fox,PG,25,SAC,65,65,2207,614,1189,.516,110,322,.342,504,867,.581,.563,310,403,.769,33,241,274,398,77,20,168,160,1648,foxde01
14,Jaylen Brown,SF,26,BOS,61,61,2204,612,1244,.492,154,448,.344,458,796,.575,.554,253,327,.774,74,344,418,207,71,26,177,163,1631,brownja02
15,Lauri Markkanen,SF,25,UTA,63,63,2169,543,1079,.503,193,481,.401,350,598,.585,.593,324,372,.871,124,416,540,116,40,38,120,131,1603,markkla01
16,Nikola Jokić,C,27,DEN,64,64,2172,607,957,.634,54,137,.394,553,820,.674,.662,315,385,.818,156,606,762,634,79,42,227,165,1583,jokicni01
17,Jalen Brunson,PG,26,NYK,64,64,2234,543,1116,.487,123,298,.413,420,818,.513,.542,312,373,.836,37,189,226,395,57,15,127,144,1521,brunsja01
18,Pascal Siakam,C,28,TOR,62,62,2324,543,1153,.471,86,255,.337,457,898,.509,.508,321,420,.764,115,367,482,368,53,32,154,202,1493,siakapa01
19,Jordan Poole,PG,23,GSW,73,42,2225,488,1147,.425,188,569,.330,300,578,.519,.507,311,356,.874,30,169,199,336,58,18,235,191,1475,poolejo01
20,Kyrie Irving,PG,30,TOT,53,53,1966,530,1077,.492,173,453,.382,357,624,.572,.572,220,244,.902,52,218,270,290,55,39,119,150,1453,irvinky01
21,Jalen Green,SG,20,HOU,66,66,2251,488,1186,.411,166,494,.336,322,692,.465,.481,305,386,.790,38,219,257,234,51,18,183,118,1447,greenja05
22,Ja Morant,PG,23,MEM,53,53,1721,507,1094,.463,85,269,.316,422,825,.512,.502,337,453,.744,60,257,317,434,59,13,180,88,1436,moranja01
23,Bam Adebayo,C,25,MIA,68,68,2389,563,1037,.543,1,12,.083,562,1025,.548,.543,305,380,.803,165,471,636,223,81,59,176,195,1432,adebaba01
24,Stephen Curry,PG,34,GSW,47,47,1633,471,946,.498,234,541,.433,237,405,.585,.622,225,246,.915,33,259,292,291,45,17,157,104,1401,curryst01
25,Kristaps Porziņģis,C,27,WAS,61,61,2002,466,952,.489,127,338,.376,339,614,.552,.556,340,401,.848,110,405,515,159,55,96,132,190,1399,porzikr01
26,Mikal Bridges,SF,26,TOT,73,73,2627,503,1067,.471,144,367,.392,359,700,.513,.539,247,276,.895,71,248,319,243,80,57,108,144,1397,bridgmi01
27,LeBron James,PF,38,LAL,47,47,1695,532,1061,.501,100,325,.308,432,736,.587,.549,224,295,.759,57,339,396,326,44,26,147,79,1388,jamesle01
28,Darius Garland,PG,23,CLE,63,63,2214,480,1020,.471,160,385,.416,320,635,.504,.549,257,301,.854,26,144,170,492,80,7,184,133,1377,garlada01
29,CJ McCollum,SG,31,NOP,65,65,2281,509,1171,.435,182,475,.383,327,696,.470,.512,164,209,.785,52,238,290,385,59,34,166,131,1364,mccolcj01
30,Kyle Kuzma,PF,27,WAS,64,64,2239,512,1142,.448,160,481,.333,352,661,.533,.518,173,237,.730,55,408,463,239,36,29,190,145,1357,kuzmaky01
31,Dejounte Murray,SG,26,ATL,66,66,2403,546,1188,.460,126,358,.352,420,830,.506,.513,134,162,.827,48,310,358,398,101,18,145,96,1352,murrade01
32,Franz Wagner,SF,21,ORL,72,72,2376,495,1015,.488,121,333,.363,374,682,.548,.547,239,286,.836,63,225,288,255,64,14,152,166,1350,wagnefr01
33,Klay Thompson,SG,32,GSW,61,61,2009,486,1114,.436,261,643,.406,225,471,.478,.553,109,124,.879,38,217,255,148,44,25,110,113,1342,thompkl01
34,Domantas Sabonis,C,26,SAC,70,70,2436,505,830,.608,27,77,.351,478,753,.635,.625,296,389,.761,222,653,875,508,58,36,207,252,1333,sabondo01
35,Paul George,SG,32,LAC,56,56,1939,459,1004,.457,158,426,.371,301,578,.521,.536,256,294,.871,45,297,342,288,83,20,176,159,1332,georgpa01
36,Terry Rozier,SG,28,CHO,62,62,2211,491,1184,.415,164,502,.327,327,682,.479,.484,178,220,.809,51,204,255,317,73,16,133,117,1324,roziete01
37,Paolo Banchero,PF,20,ORL,66,66,2237,440,1032,.426,74,262,.282,366,770,.475,.462,363,487,.745,75,365,440,243,57,33,180,148,1317,banchpa01
38,Jimmy Butler,SF,33,MIA,58,58,1932,427,806,.530,31,93,.333,396,713,.555,.549,430,504,.853,138,215,353,294,108,21,96,74,1315,butleji01
39,Keldon Johnson,SF,23,SAS,60,60,1969,475,1055,.450,127,387,.328,348,668,.521,.510,232,308,.753,52,250,302,171,44,11,130,121,1309,johnske04
40,Anfernee Simons,SG,23,POR,62,62,2171,467,1045,.447,212,562,.377,255,483,.528,.548,160,179,.894,18,143,161,253,42,14,128,142,1306,simonan01
41,RJ Barrett,SG,22,NYK,66,66,2244,465,1068,.435,112,353,.317,353,715,.494,.488,262,352,.744,55,281,336,178,29,13,146,164,1304,barrerj01
42,Jerami Grant,PF,28,POR,63,63,2246,434,913,.475,144,359,.401,290,554,.523,.554,278,342,.813,53,230,283,150,51,53,116,152,1290,grantje01
43,Bojan Bogdanović,PF,33,DET,59,59,1893,430,882,.488,145,353,.411,285,529,.539,.570,268,303,.884,36,187,223,152,34,8,135,113,1273,bogdabo02
44,Jordan Clarkson,SG,30,UTA,61,61,1988,458,1031,.444,155,459,.338,303,572,.530,.519,200,245,.816,72,174,246,270,33,13,186,120,1271,clarkjo01
45,Nikola Vučević,C,32,CHI,71,71,2433,517,1011,.511,112,320,.350,405,691,.586,.567,115,139,.827,144,661,805,234,53,56,123,163,1261,vucevni01
46,Spencer Dinwiddie,PG,29,TOT,70,70,2405,415,935,.444,168,444,.378,247,491,.503,.534,241,296,.814,26,205,231,418,59,22,131,167,1239,dinwisp01
47,Kevin Durant,PF-SF,34,TOT,42,42,1501,439,776,.566,78,202,.386,361,574,.629,.616,282,303,.931,15,269,284,218,33,61,142,97,1238,duranke01
48,Buddy Hield,SF,30,IND,72,72,2283,438,958,.457,265,624,.425,173,334,.518,.596,93,113,.823,62,298,360,195,84,22,126,142,1234,hieldbu01
49,Devin Booker,SG,26,PHO,44,44,1518,453,913,.496,99,269,.368,354,644,.550,.550,228,271,.841,39,159,198,241,40,16,112,131,1233,bookede01
50,Tyler Herro,SG,23,MIA,59,59,2085,430,991,.434,179,478,.374,251,513,.489,.524,153,165,.927,26,308,334,253,46,16,147,96,1192,herroty01
51,Anthony Davis,C,29,LAL,46,44,1546,443,792,.559,18,68,.265,425,724,.587,.571,284,356,.798,155,420,575,116,47,96,108,124,1188,davisan02
52,Fred VanVleet,PG,28,TOR,60,60,2218,389,972,.400,184,525,.350,205,447,.459,.495,213,239,.891,27,226,253,422,103,34,118,169,1175,vanvlfr01
53,Jamal Murray,PG,25,DEN,58,58,1916,425,944,.450,150,381,.394,275,563,.488,.530,167,202,.827,44,185,229,352,60,12,128,87,1167,murraja01
54,Evan Mobley,PF,21,CLE,72,72,2468,475,862,.551,21,97,.216,454,765,.593,.563,193,283,.682,166,472,638,197,56,100,142,206,1164,mobleev01
55,Bradley Beal,SG,29,WAS,50,50,1673,444,878,.506,80,219,.365,364,659,.552,.551,192,228,.842,41,155,196,271,45,33,145,107,1160,bealbr01
56,D'Angelo Russell,PG,26,TOT,64,64,2079,401,867,.463,175,449,.390,226,418,.541,.563,169,198,.854,33,165,198,398,66,26,167,132,1146,russeda01
57,Jrue Holiday,PG,32,MIL,59,57,1948,429,910,.471,140,371,.377,289,539,.536,.548,137,159,.862,68,232,300,431,69,24,173,106,1135,holidjr01
58,James Harden,PG,33,PHI,53,53,1958,342,776,.441,149,388,.384,193,388,.497,.537,300,346,.867,36,300,336,575,64,28,179,102,1133,hardeja01
59,Bennedict Mathurin,SF,20,IND,68,7,1890,361,838,.431,89,280,.318,272,558,.487,.484,322,390,.826,74,198,272,96,41,8,122,138,1133,mathube01
60,Tyrese Haliburton,PG,22,IND,54,54,1822,398,815,.488,158,392,.403,240,423,.567,.585,167,192,.870,32,166,198,563,89,24,135,66,1121,halibty01
61,Deandre Ayton,C,24,PHO,61,61,1857,487,827,.589,7,24,.292,480,803,.598,.593,136,181,.751,161,458,619,111,34,47,111,173,1117,aytonde01
62,Gary Trent Jr.,SG,24,TOR,63,43,2054,394,907,.434,162,437,.371,232,470,.494,.524,166,198,.838,29,138,167,100,103,14,53,100,1116,trentga02
63,Josh Giddey,SG,20,OKC,67,67,2066,465,962,.483,62,193,.321,403,769,.524,.516,88,117,.752,133,390,523,411,51,27,194,131,1080,giddejo01
64,Brook Lopez,C,34,MIL,69,69,2118,414,795,.521,128,339,.378,286,456,.627,.601,122,159,.767,136,326,462,91,35,172,97,175,1078,lopezbr01
65,Myles Turner,C,26,IND,60,60,1772,387,711,.544,92,245,.376,295,466,.633,.609,211,267,.790,86,367,453,86,36,138,100,207,1077,turnemy01
66,Harrison Barnes,PF,30,SAC,72,72,2355,326,693,.470,119,318,.374,207,375,.552,.556,304,359,.847,70,267,337,114,48,10,78,95,1075,barneha02
67,Scottie Barnes,PF,21,TOR,69,68,2409,415,916,.453,61,205,.298,354,711,.498,.486,178,230,.774,165,308,473,326,68,56,140,154,1069,barnesc01
68,Kawhi Leonard,SF,31,LAC,44,42,1485,375,735,.510,85,205,.415,290,530,.547,.568,209,239,.874,50,228,278,170,64,23,72,70,1044,leonaka01
69,Tyrese Maxey,SG,22,PHI,52,33,1724,376,794,.474,130,312,.417,246,482,.510,.555,159,189,.841,22,122,144,182,40,7,70,114,1041,maxeyty01
70,Desmond Bane,SG,24,MEM,49,49,1534,371,791,.469,137,341,.402,234,450,.520,.556,154,174,.885,35,215,250,207,46,19,108,122,1033,banede01
71,P.J. Washington,PF,24,CHO,68,68,2235,388,884,.439,135,389,.347,253,495,.511,.515,115,160,.719,67,263,330,159,61,77,101,182,1026,washipj01
72,Christian Wood,C,27,DAL,59,17,1579,364,706,.516,95,256,.371,269,450,.598,.583,194,250,.776,81,375,456,107,27,63,112,159,1017,woodch01
73,Aaron Gordon,PF,27,DEN,60,60,1807,383,662,.579,54,152,.355,329,510,.645,.619,178,287,.620,144,253,397,176,46,44,89,113,998,gordoaa01
74,Jaden Ivey,SG,20,DET,65,64,1976,337,822,.410,95,287,.331,242,535,.452,.468,229,315,.727,65,187,252,318,54,17,192,205,998,iveyja01
75,Kevin Huerter,SG,24,SAC,66,66,1952,363,746,.487,180,441,.408,183,305,.600,.607,84,118,.712,37,175,212,193,70,19,88,160,990,huertke01
76,Immanuel Quickley,PG,23,NYK,72,15,2047,345,780,.442,137,384,.357,208,396,.525,.530,159,193,.824,52,243,295,229,63,12,82,147,986,quickim01
77,Russell Westbrook,PG,34,TOT,64,15,1851,367,866,.424,72,249,.289,295,617,.478,.465,180,273,.659,76,310,386,479,69,27,228,151,986,westbru01
78,Jonas Valančiūnas,C,30,NOP,69,69,1704,390,706,.552,35,100,.350,355,606,.586,.577,168,203,.828,191,483,674,117,17,40,136,209,983,valanjo01
79,Tobias Harris,PF,30,PHI,66,66,2183,384,771,.498,115,296,.389,269,475,.566,.573,95,109,.872,63,321,384,161,65,38,81,134,978,harrito02
80,OG Anunoby,SF,25,TOR,58,58,2072,361,760,.475,118,305,.387,243,455,.534,.553,133,159,.836,82,212,294,110,114,42,125,176,973,anunoog01
81,Kelly Oubre Jr.,SF,27,CHO,47,39,1535,349,809,.431,108,336,.321,241,473,.510,.498,158,207,.763,65,181,246,52,66,18,63,140,964,oubreke01
82,De'Andre Hunter,SF,25,ATL,62,62,1978,350,758,.462,95,266,.357,255,492,.518,.524,166,202,.822,41,221,262,89,32,17,77,183,961,huntede01
83,Jaren Jackson Jr.,C,23,MEM,54,54,1512,339,683,.496,83,243,.342,256,440,.582,.557,193,248,.778,90,265,355,48,55,165,83,191,954,jacksja02
84,Alperen Şengün,C,20,HOU,65,62,1853,378,685,.552,15,47,.319,363,638,.569,.563,181,247,.733,206,363,569,250,57,60,161,221,952,sengual01
85,Michael Porter Jr.,SF,24,DEN,55,55,1594,349,709,.492,163,393,.415,186,316,.589,.607,87,107,.813,51,245,296,59,35,27,62,112,948,portemi01
86,Malik Monk,SG,24,SAC,69,0,1553,321,718,.447,127,358,.355,194,360,.539,.536,171,193,.886,31,152,183,270,43,18,134,115,940,monkma01
87,Kevin Porter Jr.,PG,22,HOU,50,50,1703,323,744,.434,111,319,.348,212,425,.499,.509,177,227,.780,67,207,274,290,66,16,167,131,934,porteke02
88,Trey Murphy III,SF,22,NOP,69,55,2073,318,669,.475,164,414,.396,154,255,.604,.598,128,141,.908,55,200,255,94,70,37,54,134,928,murphtr02
89,Saddiq Bey,SF,23,TOT,67,32,1876,300,724,.414,132,361,.366,168,363,.463,.506,195,228,.855,78,229,307,98,60,13,63,109,927,beysa01
90,Malik Beasley,SG,26,TOT,71,27,1896,335,853,.393,211,595,.355,124,258,.481,.516,44,55,.800,31,224,255,114,59,8,80,98,925,beaslma01
91,Dillon Brooks,SF,27,MEM,65,65,1981,347,888,.391,124,383,.324,223,505,.442,.461,107,135,.793,41,173,214,167,57,13,92,212,925,brookdi01
92,Tim Hardaway Jr.,SG,30,DAL,65,40,1960,303,775,.391,190,505,.376,113,270,.419,.514,113,148,.764,21,210,231,113,48,10,55,105,909,hardati02
93,Luguentz Dort,SG,23,OKC,65,64,1981,305,766,.398,123,362,.340,182,404,.450,.478,172,220,.782,99,185,284,142,65,20,83,210,905,dortlu01
94,Jarrett Allen,C,24,CLE,63,63,2083,376,583,.645,1,9,.111,375,574,.653,.646,149,205,.727,201,421,622,105,51,77,88,144,902,allenja01
95,Norman Powell,SG,29,LAC,54,7,1392,299,630,.475,109,266,.410,190,364,.522,.561,192,239,.803,20,138,158,95,42,17,89,107,899,powelno01
96,Jalen Williams,SG,21,OKC,66,53,1973,351,677,.518,63,181,.348,288,496,.581,.565,131,166,.789,72,227,299,213,90,34,106,167,896,willija06
97,Kenyon Martin Jr.,SF,22,HOU,72,39,1975,350,620,.565,60,194,.309,290,426,.681,.613,128,189,.677,110,291,401,109,38,25,84,127,888,martike04
98,Malcolm Brogdon,PG,30,BOS,61,0,1573,312,647,.482,121,268,.451,191,379,.504,.576,142,162,.877,37,220,257,220,39,16,91,99,887,brogdma01
99,Derrick White,SG,28,BOS,73,61,2057,306,662,.462,128,339,.378,178,323,.551,.559,146,167,.874,48,206,254,289,49,66,79,166,886,whitede01
100,Jabari Smith Jr.,PF,19,HOU,69,69,2119,306,760,.403,108,352,.307,198,408,.485,.474,140,181,.773,100,392,492,86,36,64,95,198,860,smithja05
101,Rudy Gobert,C,30,MIN,61,61,1869,326,488,.668,0,3,.000,326,485,.672,.668,194,300,.647,197,502,699,66,50,86,105,182,846,goberru01
102,Jaden McDaniels,SF,22,MIN,70,70,2157,327,631,.518,95,240,.396,232,391,.593,.594,96,128,.750,86,189,275,137,64,68,100,243,845,mcdanja02
103,Nic Claxton,C,23,BRK,67,67,1977,363,514,.706,0,2,.000,363,512,.709,.706,116,221,.525,160,454,614,121,54,166,86,189,842,claxtni01
104,LaMelo Ball,PG,21,CHO,36,36,1268,296,721,.411,144,383,.376,152,338,.450,.510,102,122,.836,42,189,231,304,46,11,129,118,838,ballla01
105,Max Strus,SF,26,MIA,71,28,2055,292,726,.402,173,514,.337,119,212,.561,.521,77,87,.885,46,192,238,156,40,11,64,146,834,strusma01
106,Keegan Murray,SF,22,SAC,70,68,2080,299,673,.444,175,433,.404,124,240,.517,.574,59,76,.776,75,248,323,81,56,37,57,137,832,murrake02
107,Bobby Portis,PF,27,MIL,60,19,1558,339,676,.501,70,204,.343,269,472,.570,.553,79,96,.823,137,437,574,96,25,14,73,97,827,portibo01
108,Brandon Ingram,SF,25,NOP,35,35,1160,299,628,.476,55,137,.401,244,491,.497,.520,169,194,.871,14,156,170,177,23,15,115,92,822,ingrabr01
109,Caris LeVert,SG,28,CLE,68,28,2044,292,689,.424,111,293,.379,181,396,.457,.504,122,168,.726,51,213,264,270,66,20,108,152,817,leverca01
110,Mason Plumlee,C,32,TOT,70,60,1883,304,450,.676,0,0,,304,450,.676,.676,192,304,.632,216,443,659,229,43,41,107,197,800,plumlma01
111,John Collins,PF,25,ATL,62,62,1864,312,617,.506,54,204,.265,258,413,.625,.549,121,147,.823,67,342,409,73,39,68,72,194,799,collijo01
112,Jakob Poeltl,C,27,TOT,62,61,1653,343,544,.631,0,1,.000,343,543,.632,.631,111,182,.610,203,363,566,182,58,77,114,171,797,poeltja01
113,Wendell Carter Jr.,C,23,ORL,50,47,1507,288,549,.525,67,193,.347,221,356,.621,.586,135,180,.750,113,331,444,120,23,29,103,145,778,cartewe01
114,Bruce Brown,SG,26,DEN,71,28,1997,303,632,.479,85,233,.365,218,399,.546,.547,82,110,.745,51,233,284,238,74,43,112,169,773,brownbr01
115,Eric Gordon,SG,34,TOT,61,50,1784,261,589,.443,112,310,.361,149,279,.534,.538,130,160,.813,15,105,120,168,39,24,93,70,764,gordoer01
116,Kentavious Caldwell-Pope,SG,29,DEN,69,69,2188,272,576,.472,127,293,.433,145,283,.512,.582,92,110,.836,31,156,187,171,101,31,78,135,763,caldwke01
117,Zion Williamson,PF,22,NOP,29,29,956,285,469,.608,7,19,.368,278,450,.618,.615,177,248,.714,58,144,202,133,32,16,99,65,754,willizi01
118,Tyus Jones,PG,26,MEM,71,18,1707,280,631,.444,107,283,.378,173,348,.497,.529,73,91,.802,25,147,172,352,73,4,67,29,740,jonesty01
119,Dennis Schröder,PG,29,LAL,58,47,1770,242,582,.416,68,203,.335,174,379,.459,.474,187,215,.870,14,131,145,267,43,7,101,128,739,schrode01
120,Tre Jones,PG,23,SAS,59,56,1722,287,649,.442,37,141,.262,250,508,.492,.471,127,146,.870,46,159,205,370,77,9,98,84,738,jonestr01
121,Markelle Fultz,PG,24,ORL,52,52,1564,302,593,.509,22,73,.301,280,520,.538,.528,107,135,.793,66,148,214,294,80,21,126,119,733,fultzma01
122,Marcus Morris,PF,33,LAC,63,63,1778,270,630,.429,112,303,.370,158,327,.483,.517,68,87,.782,28,224,252,110,41,21,55,135,720,morrima03
123,Patrick Williams,PF,21,CHI,71,60,2032,270,578,.467,97,234,.415,173,344,.503,.551,81,93,.871,67,225,292,90,59,57,87,130,718,willipa01
124,Kelly Olynyk,C,31,UTA,59,59,1668,234,472,.496,83,208,.399,151,264,.572,.584,164,194,.845,73,266,339,203,53,34,134,207,715,olynyke01
125,Ivica Zubac,C,25,LAC,67,67,1945,281,450,.624,0,2,.000,281,448,.627,.624,145,205,.707,221,454,675,71,25,87,108,194,707,zubaciv01
126,De'Anthony Melton,PG,24,PHI,68,52,1903,249,576,.432,145,361,.402,104,215,.484,.558,56,70,.800,59,224,283,179,114,38,89,168,699,meltode01
127,Naz Reid,C,23,MIN,64,11,1161,277,520,.533,66,199,.332,211,321,.657,.596,79,116,.681,70,239,309,73,39,51,88,171,699,reidna01
128,Jaylen Nowell,SG,23,MIN,63,2,1228,274,612,.448,66,227,.291,208,385,.540,.502,76,97,.784,34,131,165,130,42,5,63,97,690,nowelja01
129,Grayson Allen,SG,27,MIL,65,63,1809,226,512,.441,133,334,.398,93,178,.522,.571,104,115,.904,57,159,216,150,52,12,68,109,689,allengr01
130,Jalen McDaniels,SF,25,TOT,71,22,1725,252,557,.452,68,214,.318,184,343,.536,.513,109,131,.832,57,262,319,120,72,29,87,194,681,mcdanja01
131,Devin Vassell,SG,22,SAS,36,30,1122,252,567,.444,99,252,.393,153,315,.486,.532,75,95,.789,8,131,139,128,41,16,53,52,678,vassede01
132,Chris Paul,PG,37,PHO,50,50,1604,241,558,.432,77,213,.362,164,345,.475,.501,118,144,.819,19,194,213,458,81,19,100,108,677,paulch01
133,Gordon Hayward,SF,32,CHO,47,47,1482,254,540,.470,49,152,.322,205,388,.528,.516,117,146,.801,32,171,203,187,41,12,93,68,674,haywago01
134,Jusuf Nurkić,C,28,POR,51,51,1360,255,493,.517,41,114,.360,214,379,.565,.559,123,186,.661,114,353,467,145,42,43,119,182,674,nurkiju01
135,Cole Anthony,PG,22,ORL,53,3,1355,235,529,.444,63,180,.350,172,349,.493,.504,137,154,.890,40,205,245,208,33,28,79,139,670,anthoco01
136,Collin Sexton,SG,24,UTA,47,15,1129,230,454,.507,48,117,.410,182,337,.540,.559,162,197,.822,37,67,104,135,27,6,84,109,670,sextoco01
137,Onyeka Okongwu,C,22,ATL,70,17,1642,273,428,.638,2,7,.286,271,421,.644,.640,120,160,.750,193,314,507,71,50,89,69,222,668,okongon01
138,Clint Capela,C,28,ATL,56,54,1489,304,472,.644,0,1,.000,304,471,.645,.644,59,103,.573,233,390,623,48,39,69,45,119,667,capelca01
139,Josh Hart,SF-SG,27,TOT,67,51,2190,246,467,.527,54,148,.365,192,319,.602,.585,119,160,.744,127,402,529,263,76,15,104,176,665,hartjo01
140,Tari Eason,PF,21,HOU,72,5,1497,257,563,.456,52,148,.351,205,415,.494,.503,97,131,.740,163,259,422,71,84,42,85,163,663,easonta01
141,Killian Hayes,PG,21,DET,67,47,1838,264,705,.374,71,250,.284,193,455,.424,.425,61,76,.803,22,161,183,413,92,24,149,194,660,hayeski01
142,Mike Conley,PG,35,TOT,58,57,1749,218,519,.420,112,298,.376,106,221,.480,.528,111,132,.841,28,127,155,409,64,13,93,115,659,conlemi01
143,Alec Burks,SG,31,DET,51,8,1122,200,459,.436,99,239,.414,101,220,.459,.544,153,188,.814,19,139,158,114,38,8,58,98,652,burksal01
144,Bogdan Bogdanović,SG,30,ATL,46,6,1301,234,533,.439,126,310,.406,108,223,.484,.557,57,70,.814,18,125,143,130,37,16,58,77,651,bogdabo01
145,Austin Reaves,SG,24,LAL,54,12,1499,203,392,.518,68,179,.380,135,213,.634,.605,176,206,.854,28,132,160,154,30,19,78,89,650,reaveau01
146,Zach Collins,C,25,SAS,58,21,1303,250,480,.521,49,127,.386,201,353,.569,.572,100,129,.775,107,257,364,163,33,42,117,183,649,colliza01
147,Terance Mann,SG,26,LAC,72,35,1658,249,471,.529,66,171,.386,183,300,.610,.599,80,104,.769,70,182,252,163,38,20,69,131,644,mannte01
148,Corey Kispert,SF,23,WAS,64,35,1769,226,454,.498,125,298,.419,101,156,.647,.635,57,65,.877,28,148,176,77,31,7,46,83,634,kispeco01
149,Naji Marshall,SF,25,NOP,67,21,1641,223,516,.432,63,206,.306,160,310,.516,.493,124,155,.800,44,206,250,168,49,13,84,101,633,marshna01
150,Andrew Wiggins,SF,27,GSW,37,37,1190,250,529,.473,89,225,.396,161,304,.530,.557,44,72,.611,61,125,186,85,45,28,48,107,633,wiggian01
151,Santi Aldama,PF,22,MEM,68,18,1495,225,480,.469,86,247,.348,139,233,.597,.558,95,129,.736,76,248,324,85,39,45,50,129,631,aldamsa01
152,Rui Hachimura,PF,24,TOT,54,9,1288,251,518,.485,49,143,.343,202,375,.539,.532,79,106,.745,43,194,237,49,17,21,48,59,630,hachiru01
153,Aaron Nesmith,SF,23,IND,63,51,1559,217,508,.427,97,273,.355,120,235,.511,.523,99,116,.853,54,186,240,80,48,28,64,208,630,nesmiaa01
154,Marcus Smart,PG,28,BOS,55,55,1787,223,540,.413,101,302,.334,122,238,.513,.506,82,109,.752,42,135,177,354,84,21,134,156,629,smartma01
155,Caleb Martin,PF,27,MIA,62,49,1845,232,496,.468,82,219,.374,150,277,.542,.550,82,102,.804,79,224,303,101,62,29,68,127,628,martica02
156,Reggie Jackson,PG,32,TOT,62,38,1524,236,582,.405,88,257,.342,148,325,.455,.481,67,74,.905,24,106,130,213,43,6,107,105,627,jacksre01
157,Lonnie Walker IV,SG,24,LAL,51,32,1248,225,506,.445,85,237,.359,140,269,.520,.529,89,102,.873,13,90,103,63,27,16,46,68,624,walkelo01
158,Chris Boucher,PF,30,TOR,66,0,1309,224,450,.498,54,164,.329,170,286,.594,.558,112,150,.747,139,231,370,27,43,55,35,126,614,bouchch01
159,Cedi Osman,SF,27,CLE,69,0,1425,220,483,.455,104,282,.369,116,201,.577,.563,66,96,.688,23,137,160,106,33,9,47,109,610,osmande01
160,Deni Avdija,SF,22,WAS,70,34,1818,216,505,.428,61,206,.296,155,299,.518,.488,112,148,.757,71,369,440,178,59,28,101,193,605,avdijde01
161,Bol Bol,PF,23,ORL,67,32,1431,250,442,.566,29,99,.293,221,343,.644,.598,76,100,.760,66,321,387,61,27,82,106,88,605,bolbo01
162,Ayo Dosunmu,SG,23,CHI,69,50,1847,247,498,.496,51,163,.313,196,335,.585,.547,60,74,.811,43,156,199,181,51,24,88,166,605,dosunay01
163,Royce O'Neale,SF,29,BRK,68,52,2176,206,530,.389,146,372,.392,60,158,.380,.526,47,65,.723,51,292,343,251,59,44,102,214,605,onealro01
164,Quentin Grimes,SG,22,NYK,62,57,1798,212,473,.448,114,317,.360,98,156,.628,.569,64,81,.790,41,150,191,116,36,26,62,154,602,grimequ01
165,Jeremy Sochan,PF,19,SAS,55,52,1435,244,538,.454,33,129,.256,211,409,.516,.484,80,114,.702,94,195,289,139,42,23,96,136,601,sochaje01
166,Josh Richardson,SG,29,TOT,55,10,1322,218,505,.432,94,262,.359,124,243,.510,.525,69,81,.852,37,113,150,163,64,18,73,103,599,richajo01
167,Doug McDermott,SF,31,SAS,60,0,1241,221,477,.463,115,271,.424,106,206,.515,.584,40,56,.714,19,113,132,88,12,6,58,106,597,mcderdo01
168,Daniel Gafford,C,24,WAS,70,39,1386,245,329,.745,0,0,,245,329,.745,.745,106,161,.658,139,233,372,72,31,88,71,159,596,gaffoda01
169,Monte Morris,PG,27,WAS,58,57,1610,228,477,.478,76,191,.398,152,286,.531,.558,63,76,.829,23,177,200,303,39,10,59,75,595,morrimo01
170,Donte DiVincenzo,SG,26,GSW,63,28,1673,202,476,.424,134,335,.400,68,141,.482,.565,48,57,.842,66,211,277,216,83,10,93,119,586,divindo01
171,Isaiah Joe,SG,23,OKC,64,8,1168,193,424,.455,144,336,.429,49,88,.557,.625,55,67,.821,22,128,150,73,39,8,30,90,585,joeis01
172,Damion Lee,SG,30,PHO,70,5,1450,192,432,.444,107,240,.446,85,192,.443,.568,92,102,.902,35,180,215,98,30,7,74,114,583,leeda03
173,Grant Williams,PF,24,BOS,70,22,1861,195,430,.453,106,262,.405,89,168,.530,.577,86,107,.804,76,251,327,120,41,26,75,180,582,willigr01
174,Walker Kessler,C,21,UTA,67,33,1523,252,350,.720,1,2,.500,251,348,.721,.721,75,140,.536,209,351,560,57,24,155,54,155,580,kesslwa01
175,AJ Griffin,SF,19,ATL,64,11,1240,223,475,.469,88,231,.381,135,244,.553,.562,38,42,.905,31,104,135,61,40,9,36,78,572,griffaj01
176,Shake Milton,SG,26,PHI,67,9,1355,214,431,.497,52,130,.400,162,301,.538,.557,87,103,.845,31,136,167,188,22,11,77,102,567,miltosh01
177,Isaiah Stewart,C,21,DET,50,47,1414,195,441,.442,67,205,.327,128,236,.542,.518,110,149,.738,115,288,403,70,20,34,68,133,567,stewais01
178,Jevon Carter,PG,27,MIL,71,35,1580,208,486,.428,120,286,.420,88,200,.440,.551,29,36,.806,31,151,182,170,64,27,72,142,565,carteje01
179,Kyle Lowry,PG,36,MIA,48,44,1565,181,447,.405,99,285,.347,82,162,.506,.516,103,121,.851,38,165,203,250,51,18,94,132,564,lowryky01
180,Al Horford,C,36,BOS,57,57,1761,209,428,.488,130,283,.459,79,145,.545,.640,15,21,.714,67,284,351,166,28,52,31,109,563,horfoal01
181,Andrew Nembhard,SG,23,IND,65,53,1761,221,519,.426,79,231,.342,142,288,.493,.502,39,49,.796,30,141,171,262,60,12,103,157,560,nembhan01
182,Coby White,SG,22,CHI,63,1,1425,201,475,.423,105,289,.363,96,186,.516,.534,53,62,.855,12,155,167,145,47,6,56,103,560,whiteco01
183,Georges Niang,PF,29,PHI,68,0,1306,195,441,.442,137,340,.403,58,101,.574,.598,32,38,.842,18,142,160,70,26,12,45,129,559,niangge01
184,Brandon Clarke,PF,26,MEM,56,8,1090,229,349,.656,1,6,.167,228,343,.665,.658,99,137,.723,92,218,310,72,34,37,55,131,558,clarkbr01
185,Jalen Smith,PF,22,IND,60,28,1110,207,442,.468,47,171,.275,160,271,.590,.521,97,126,.770,111,233,344,58,17,52,63,130,558,smithja04
186,Thomas Bryant,C,25,TOT,55,25,1039,220,352,.625,24,55,.436,196,297,.660,.659,93,126,.738,84,243,327,31,16,28,36,98,557,bryanth01
187,Jonathan Kuminga,PF,20,GSW,58,13,1189,219,430,.509,45,127,.354,174,303,.574,.562,74,112,.661,58,138,196,108,33,27,88,138,557,kuminjo01
188,Jarred Vanderbilt,PF,23,TOT,68,55,1656,221,402,.550,23,77,.299,198,325,.609,.578,88,128,.688,153,379,532,176,76,19,91,170,553,vandeja01
189,Moritz Wagner,C,25,ORL,50,17,1015,183,367,.499,48,152,.316,135,215,.628,.564,139,165,.842,65,169,234,77,36,10,57,125,553,wagnemo01
190,Kyle Anderson,PF,29,MIN,60,44,1665,210,415,.506,36,86,.419,174,329,.529,.549,96,130,.738,53,264,317,277,67,53,88,131,552,anderky01
191,Shaedon Sharpe,SG,19,POR,70,5,1419,220,461,.477,71,201,.353,149,260,.573,.554,41,61,.672,52,123,175,53,29,20,53,115,552,sharpsh01
192,Jose Alvarado,PG,24,NOP,61,10,1310,201,489,.411,83,247,.336,118,242,.488,.496,65,80,.813,28,113,141,186,67,10,81,125,550,alvarjo01
193,Gabe Vincent,PG,26,MIA,59,25,1549,193,492,.392,100,309,.324,93,183,.508,.494,64,72,.889,24,101,125,145,55,4,86,142,550,vincega01
194,Bones Hyland,PG,22,TOT,47,1,891,184,471,.391,96,259,.371,88,212,.415,.493,79,92,.859,16,88,104,133,31,13,70,82,543,hylanbo01
195,Herbert Jones,SF,24,NOP,56,56,1626,196,428,.458,43,146,.295,153,282,.543,.508,105,142,.739,79,144,223,133,92,34,74,184,540,joneshe01
196,Cam Thomas,SG,21,BRK,52,3,861,177,405,.437,45,120,.375,132,285,.463,.493,139,162,.858,8,81,89,75,19,6,55,51,538,thomaca02
197,Draymond Green,PF,32,GSW,64,64,2015,215,407,.528,36,110,.327,179,297,.603,.572,69,98,.704,55,414,469,432,61,49,166,196,535,greendr01
198,T.J. McConnell,PG,30,IND,67,6,1343,231,437,.529,23,52,.442,208,385,.540,.555,49,58,.845,40,164,204,348,74,7,123,90,534,mccontj01
199,Seth Curry,SG,32,BRK,54,7,1138,196,425,.461,90,221,.407,106,204,.520,.567,47,48,.979,13,83,96,95,35,7,48,89,529,curryse01
200,Kevon Looney,C,26,GSW,73,64,1720,223,347,.643,0,1,.000,223,346,.645,.643,82,138,.594,238,427,665,177,45,46,40,204,528,looneke01
201,Talen Horton-Tucker,SG,22,UTA,57,12,1066,195,467,.418,45,160,.281,150,307,.489,.466,90,117,.769,28,143,171,192,36,27,103,94,525,hortota01
202,Malaki Branham,SF,19,SAS,56,22,1283,208,477,.436,64,206,.311,144,271,.531,.503,44,54,.815,26,119,145,111,29,7,66,98,524,branhma01
203,Hamidou Diallo,SG,24,DET,56,0,996,215,375,.573,5,21,.238,210,354,.593,.580,87,148,.588,57,137,194,55,53,16,71,124,522,diallha01
204,Jalen Duren,C,19,DET,58,27,1424,213,336,.634,0,2,.000,213,334,.638,.634,79,128,.617,197,310,507,65,36,53,74,154,505,durenja01
205,Reggie Bullock,SF,31,DAL,69,46,2108,170,417,.408,134,351,.382,36,66,.545,.568,26,37,.703,32,219,251,98,52,13,32,152,500,bullore01
206,Torrey Craig,SF,32,PHO,68,55,1728,191,432,.442,87,223,.390,104,209,.498,.543,31,43,.721,132,249,381,106,46,49,69,159,500,craigto01
207,Cameron Johnson,PF,26,TOT,33,32,928,168,373,.450,83,210,.395,85,163,.521,.562,81,99,.818,24,119,143,56,38,11,24,64,500,johnsca02
208,Josh Green,SG,22,DAL,52,19,1335,186,347,.536,62,153,.405,124,194,.639,.625,64,89,.719,48,105,153,93,37,4,63,141,498,greenjo02
209,Joe Harris,SG,31,BRK,65,33,1396,180,395,.456,123,291,.423,57,104,.548,.611,15,24,.625,23,126,149,92,31,13,39,136,498,harrijo01
210,Trey Lyles,PF,27,SAC,64,0,1073,167,349,.479,76,202,.376,91,147,.619,.587,88,110,.800,57,197,254,61,22,28,56,82,498,lylestr01
211,Devonte' Graham,PG,27,TOT,67,6,1202,149,390,.382,111,307,.362,38,83,.458,.524,88,116,.759,19,91,110,177,39,15,46,71,497,grahade01
212,Keita Bates-Diop,SF,27,SAS,57,32,1192,182,360,.506,40,104,.385,142,256,.555,.561,88,112,.786,58,141,199,80,39,16,44,56,492,bateske01
213,Troy Brown Jr.,SF,23,LAL,66,42,1635,178,409,.435,93,247,.377,85,162,.525,.549,32,35,.914,58,213,271,81,50,11,45,107,481,browntr01
214,Dorian Finney-Smith,PF,29,TOT,58,58,1799,171,437,.391,100,301,.332,71,136,.522,.506,39,52,.750,97,175,272,89,51,27,54,127,481,finnedo01
215,Isaac Okoro,SF,22,CLE,74,44,1614,170,348,.489,59,167,.353,111,181,.613,.573,76,101,.752,52,133,185,86,56,30,41,154,475,okorois01
216,Tre Mann,PG,21,OKC,60,4,1082,179,461,.388,76,240,.317,103,221,.466,.471,37,50,.740,24,112,136,102,36,11,55,89,471,manntr01
217,Dwight Powell,C,31,DAL,67,55,1333,176,243,.724,0,5,.000,176,238,.739,.724,109,160,.681,135,155,290,61,47,25,60,191,461,poweldw01
218,Nick Richards,C,25,CHO,58,5,1056,170,273,.623,0,0,,170,273,.623,.623,119,157,.758,135,216,351,32,10,65,53,135,459,richani01
219,Kevin Love,PF,34,TOT,54,16,1097,145,373,.389,87,259,.336,58,114,.509,.505,73,83,.880,55,308,363,100,12,10,64,85,450,loveke01
220,Josh Okogie,SG,24,PHO,61,15,1074,138,343,.402,54,163,.331,84,180,.467,.481,111,152,.730,93,111,204,81,48,28,57,95,441,okogijo01
221,Dennis Smith Jr.,PG,25,CHO,51,13,1310,173,424,.408,21,101,.208,152,323,.471,.433,72,98,.735,25,130,155,242,72,25,75,114,439,smithde03
222,Karl-Anthony Towns,PF,27,MIN,21,21,709,153,303,.505,38,117,.325,115,186,.618,.568,92,104,.885,35,137,172,111,16,14,65,82,436,townska01
223,Jalen Suggs,PG,21,ORL,45,16,1068,156,374,.417,52,167,.311,104,207,.502,.487,71,101,.703,49,84,133,142,59,22,82,107,435,suggsja01
224,Sam Hauser,PF,25,BOS,71,4,1098,151,336,.449,118,284,.415,33,52,.635,.625,12,17,.706,33,142,175,52,23,19,24,91,432,hausesa01
225,Terrence Ross,SG,31,TOT,52,9,1127,164,376,.436,80,209,.383,84,167,.503,.543,22,29,.759,15,96,111,70,33,8,41,81,430,rosste01
226,Cameron Payne,PG,28,PHO,39,14,836,162,389,.416,61,165,.370,101,224,.451,.495,43,57,.754,12,79,91,183,30,6,74,73,428,payneca01
227,Kenrich Williams,PF,28,OKC,53,10,1206,179,346,.517,50,134,.373,129,212,.608,.590,17,39,.436,97,164,261,105,45,14,32,112,425,willike04
228,Precious Achiuwa,C,23,TOR,47,11,1004,161,340,.474,21,85,.247,140,255,.549,.504,81,116,.698,86,194,280,46,26,27,52,92,424,achiupr01
229,Taurean Prince,SF,28,MIN,47,4,1027,154,320,.481,65,164,.396,89,156,.571,.583,48,57,.842,13,101,114,76,24,15,62,112,421,princta02
230,Pat Connaughton,SG,30,MIL,53,31,1301,147,381,.386,98,292,.336,49,89,.551,.514,27,41,.659,41,211,252,69,36,9,29,57,419,connapa01
231,Drew Eubanks,C,25,POR,69,20,1356,174,255,.682,3,7,.429,171,248,.690,.688,68,103,.660,110,242,352,84,32,79,54,150,419,eubandr01
232,Marvin Bagley III,C,23,DET,35,20,817,171,318,.538,14,52,.269,157,266,.590,.560,61,84,.726,87,145,232,29,17,28,37,72,417,baglema01
233,Nicolas Batum,PF,34,LAC,69,12,1498,138,334,.413,103,272,.379,35,62,.565,.567,30,44,.682,59,215,274,102,45,41,46,136,409,batumni01
234,Davion Mitchell,PG,24,SAC,71,7,1267,161,350,.460,58,171,.339,103,179,.575,.543,22,28,.786,14,80,94,153,34,13,56,98,402,mitchda01
235,Larry Nance Jr.,PF,30,NOP,55,1,1185,169,273,.619,14,39,.359,155,234,.662,.645,50,73,.685,94,217,311,102,49,34,37,114,402,nancela02
236,Luke Kennard,SG,26,TOT,50,11,1055,138,300,.460,93,202,.460,45,98,.459,.615,30,32,.938,8,112,120,68,27,4,39,71,399,kennalu01
237,Jock Landale,C,27,PHO,62,3,861,151,291,.519,20,81,.247,131,210,.624,.553,77,100,.770,105,142,247,57,15,29,54,113,399,landajo01
238,Khris Middleton,SF,31,MIL,27,13,649,139,324,.429,44,131,.336,95,193,.492,.497,77,86,.895,23,89,112,130,20,5,58,61,399,middlkh01
239,Kendrick Nunn,SG-PG,27,TOT,61,2,816,152,365,.416,61,181,.337,91,184,.495,.500,28,33,.848,12,76,88,69,23,3,52,52,393,nunnke01
240,Jordan Nwora,SF,24,TOT,52,7,914,139,330,.421,65,159,.409,74,171,.433,.520,50,64,.781,42,139,181,71,23,11,53,55,393,nworajo01
241,Aaron Wiggins,SG,24,OKC,60,14,1107,152,305,.498,38,101,.376,114,204,.559,.561,49,60,.817,61,124,185,73,32,12,47,92,391,wiggiaa01
242,David Roddy,PF,21,MEM,59,2,1000,149,340,.438,53,172,.308,96,168,.571,.516,36,59,.610,38,117,155,39,28,15,49,88,387,roddyda01
243,John Wall,PG,32,LAC,34,3,755,138,338,.408,33,109,.303,105,229,.459,.457,77,113,.681,14,78,92,178,27,12,80,59,386,walljo01
244,Terence Davis,SG,25,SAC,57,4,757,137,316,.434,78,208,.375,59,108,.546,.557,32,39,.821,19,113,132,61,40,12,47,96,384,daviste02
245,Victor Oladipo,SG,30,MIA,38,1,1015,137,350,.391,56,178,.315,81,172,.471,.471,54,71,.761,16,105,121,129,52,11,74,89,384,oladivi01
246,Anthony Lamb,SF,25,GSW,53,3,1062,134,281,.477,69,183,.377,65,98,.663,.600,40,53,.755,47,136,183,88,26,17,48,122,377,lamban01
247,Mitchell Robinson,C,24,NYK,51,50,1391,164,239,.686,0,0,,164,239,.686,.686,49,100,.490,219,243,462,43,48,82,32,141,377,robinmi01
248,Jeff Green,PF,36,DEN,48,3,925,140,281,.498,23,82,.280,117,199,.588,.539,67,92,.728,32,90,122,56,17,15,42,86,370,greenje02
249,Patrick Beverley,PG,34,TOT,57,57,1565,125,307,.407,71,205,.346,54,102,.529,.523,44,61,.721,42,172,214,164,48,35,55,167,365,beverpa01
250,Gary Harris,SG,28,ORL,42,36,1050,126,274,.460,85,193,.440,41,81,.506,.615,27,30,.900,19,67,86,50,42,10,27,80,364,harriga01
251,Chris Duarte,SF,25,IND,45,12,892,123,331,.372,55,173,.318,68,158,.430,.455,61,72,.847,19,96,115,63,24,9,40,65,362,duartch01
252,Steven Adams,C,29,MEM,42,42,1133,157,263,.597,0,1,.000,157,262,.599,.597,47,129,.364,214,271,485,97,36,46,79,98,361,adamsst01
253,Isaiah Jackson,C,21,IND,53,7,818,141,247,.571,2,12,.167,139,235,.591,.575,76,117,.650,86,134,220,44,24,78,41,118,360,jacksis01
254,Obi Toppin,PF,24,NYK,58,0,832,134,319,.420,62,190,.326,72,129,.558,.517,29,37,.784,26,134,160,44,17,10,32,56,359,toppiob01
255,Cam Reddish,SF,23,TOT,36,20,901,128,285,.449,44,135,.326,84,150,.560,.526,57,68,.838,16,65,81,55,37,13,43,67,357,reddica01
256,Isaiah Hartenstein,C,24,NYK,73,7,1432,151,292,.517,8,36,.222,143,256,.559,.531,44,59,.746,198,289,487,73,43,55,58,188,354,harteis01
257,Edmond Sumner,SG,27,BRK,48,12,690,116,254,.457,30,84,.357,86,170,.506,.516,92,99,.929,11,63,74,68,31,9,45,79,354,sumneed01
258,Cory Joseph,PG,31,DET,54,2,997,120,281,.427,50,133,.376,70,148,.473,.516,54,67,.806,14,72,86,182,29,8,48,77,344,josepco01
259,James Wiseman,C,21,TOT,36,13,657,146,252,.579,4,16,.250,142,236,.602,.587,48,70,.686,58,150,208,23,6,21,40,85,344,wisemja01
260,JaMychal Green,PF,32,GSW,53,1,759,127,239,.531,40,107,.374,87,132,.659,.615,49,64,.766,68,128,196,50,24,22,52,102,343,greenja01
261,Trendon Watford,PF,22,POR,54,4,1002,134,241,.556,21,49,.429,113,192,.589,.600,54,75,.720,39,163,202,108,30,6,60,105,343,watfotr01
262,Andre Drummond,C,29,CHI,58,0,734,142,234,.607,0,2,.000,142,232,.612,.607,56,104,.538,117,261,378,31,38,20,67,109,340,drumman01
263,Wenyen Gabriel,PF,25,LAL,58,2,891,142,237,.599,9,31,.290,133,206,.646,.618,46,73,.630,107,143,250,30,21,31,39,128,339,gabriwe01
264,Xavier Tillman Sr.,PF,24,MEM,52,21,949,145,245,.592,4,15,.267,141,230,.613,.600,44,79,.557,102,146,248,80,47,23,36,81,338,tillmxa01
265,Dario Šarić,PF,28,TOT,52,12,743,119,260,.458,40,106,.377,79,154,.513,.535,57,68,.838,48,143,191,71,18,5,54,95,335,saricda01
266,Alex Caruso,PG,28,CHI,59,28,1417,114,256,.445,48,133,.361,66,123,.537,.539,56,69,.812,36,141,177,179,92,38,73,144,332,carusal01
267,Jalen Johnson,SF,21,ATL,64,6,925,131,273,.480,26,89,.292,105,184,.571,.527,43,66,.652,47,203,250,65,29,27,31,97,331,johnsja05
268,John Konchar,SG,26,MEM,63,22,1331,123,286,.430,58,162,.358,65,124,.524,.531,27,33,.818,54,218,272,85,64,18,33,99,331,konchjo01
269,Oshae Brissett,SF,24,IND,56,1,916,104,262,.397,43,135,.319,61,127,.480,.479,76,108,.704,52,138,190,33,29,11,24,70,327,brissos01
270,Nickeil Alexander-Walker,SG,24,TOT,50,3,778,118,262,.450,52,137,.380,66,125,.528,.550,38,57,.667,13,77,90,99,30,19,52,77,326,alexani01
271,Goran Dragić,PG,36,CHI,51,0,787,127,299,.425,45,128,.352,82,171,.480,.500,27,41,.659,13,56,69,139,11,4,56,63,326,dragigo01
272,Will Barton,SG,32,TOT,49,0,878,117,313,.374,56,154,.364,61,159,.384,.463,35,45,.778,11,111,122,104,21,12,48,48,325,bartowi01
273,Mike Muscala,C,31,TOT,54,7,799,111,253,.439,70,180,.389,41,73,.562,.577,32,41,.780,27,143,170,41,15,22,19,87,324,muscami01
274,Mo Bamba,C,24,TOT,47,7,762,116,238,.487,48,123,.390,68,115,.591,.588,41,62,.661,56,165,221,46,13,42,30,103,321,bambamo01
275,Ochai Agbaji,SG,22,UTA,48,11,878,112,245,.457,60,157,.382,52,88,.591,.580,29,38,.763,33,57,90,37,12,8,23,76,313,agbajoc01
276,Jaden Hardy,SG,20,DAL,38,3,529,104,246,.423,43,115,.374,61,131,.466,.510,60,71,.845,6,56,62,43,12,4,36,50,311,hardyja02
277,Ty Jerome,SG,25,GSW,44,2,814,118,242,.488,35,90,.389,83,152,.546,.560,38,41,.927,7,71,78,135,23,5,30,64,309,jeromty01
278,Mark Williams,C,21,CHO,37,12,655,125,195,.641,0,0,,125,195,.641,.641,54,78,.692,74,163,237,15,25,40,31,81,304,willima07
279,Nassir Little,SF,22,POR,49,2,856,112,246,.455,52,134,.388,60,112,.536,.561,27,39,.692,23,105,128,47,17,18,29,58,303,littlna01
280,Jordan Goodwin,PG,24,WAS,52,4,877,114,253,.451,29,81,.358,85,172,.494,.508,40,54,.741,46,114,160,122,47,22,43,82,297,goodwjo01
281,Landry Shamet,SG,25,PHO,31,7,663,95,246,.386,64,166,.386,31,80,.388,.516,42,47,.894,8,43,51,69,19,5,31,48,296,shamela01
282,Lamar Stevens,PF,25,CLE,54,22,969,116,249,.466,26,82,.317,90,167,.539,.518,37,51,.725,41,132,173,30,23,15,24,68,295,stevela01
283,Josh Christopher,SG,21,HOU,54,1,622,117,256,.457,19,73,.260,98,183,.536,.494,39,50,.780,15,46,61,54,23,12,49,53,292,chrisjo01
284,Ben Simmons,PG,26,BRK,42,33,1105,133,235,.566,0,2,.000,133,233,.571,.566,25,57,.439,40,223,263,256,54,24,97,139,291,simmobe01
285,Yuta Watanabe,SF,28,BRK,49,0,835,103,204,.505,53,115,.461,50,89,.562,.635,31,41,.756,27,98,125,42,22,15,20,71,290,watanyu01
286,Chimezie Metu,C,25,SAC,59,0,636,118,198,.596,9,36,.250,109,162,.673,.619,44,58,.759,44,134,178,40,20,21,29,77,289,metuch01
287,Isaiah Livers,PF,24,DET,46,16,1030,101,248,.407,63,179,.352,38,69,.551,.534,23,30,.767,23,93,116,34,27,25,26,88,288,liveris01
288,Rudy Gay,PF,36,UTA,55,0,806,107,282,.379,31,126,.246,76,156,.487,.434,41,47,.872,33,129,162,56,19,18,37,68,286,gayru01
289,Delon Wright,PG,30,WAS,43,9,1023,106,226,.469,33,95,.347,73,131,.557,.542,40,44,.909,52,85,137,164,83,15,40,54,285,wrighde01
290,Montrezl Harrell,C,29,PHI,51,7,626,112,186,.602,0,2,.000,112,184,.609,.602,59,85,.694,60,80,140,31,16,25,31,74,283,harremo01
291,Jae'Sean Tate,SF,27,HOU,31,7,677,110,229,.480,13,46,.283,97,183,.530,.509,50,69,.725,41,77,118,84,21,7,47,106,283,tateja01
292,Christian Braun,SG,21,DEN,66,3,955,111,221,.502,29,72,.403,82,149,.550,.568,30,48,.625,39,109,148,49,30,16,29,81,281,braunch01
293,Vlatko Čančar,PF,25,DEN,51,8,802,102,208,.490,42,105,.400,60,103,.583,.591,30,32,.938,22,94,116,73,18,12,32,77,276,cancavl01
294,Aleksej Pokusevski,PF,21,OKC,31,25,677,107,243,.440,38,101,.376,69,142,.486,.519,21,33,.636,45,112,157,62,20,41,41,57,273,pokusal01
295,Romeo Langford,SG,23,SAS,37,21,748,110,230,.478,14,52,.269,96,178,.539,.509,32,47,.681,53,50,103,46,19,13,24,63,266,langfro01
296,Joe Ingles,SF,35,MIL,37,0,855,90,207,.435,67,166,.404,23,41,.561,.597,16,19,.842,12,106,118,119,25,5,45,67,263,inglejo01
297,Derrick Jones Jr.,SF,25,CHI,54,0,737,94,186,.505,19,59,.322,75,127,.591,.556,56,73,.767,50,77,127,31,22,31,22,72,263,jonesde02
298,Kevin Knox,PF-SF,23,TOT,52,1,648,93,195,.477,46,124,.371,47,71,.662,.595,28,35,.800,23,97,120,17,16,12,32,81,260,knoxke01
299,Willy Hernangómez,C,28,NOP,35,2,446,86,163,.528,3,11,.273,83,152,.546,.537,81,104,.779,57,117,174,32,16,13,38,61,256,hernawi01
300,T.J. Warren,PF-SF,29,TOT,34,0,541,106,214,.495,17,50,.340,89,164,.543,.535,27,33,.818,17,71,88,29,17,8,18,51,256,warretj01
301,Austin Rivers,SG,30,MIN,52,10,1016,91,209,.435,43,123,.350,48,86,.558,.538,30,39,.769,5,78,83,75,28,4,23,80,255,riverau01
302,Moses Moody,SG,20,GSW,56,3,733,88,197,.447,41,120,.342,47,77,.610,.551,36,52,.692,26,65,91,46,18,6,31,43,253,moodymo01
303,Matisse Thybulle,SG,25,TOT,64,21,1021,97,217,.447,46,127,.362,51,90,.567,.553,13,18,.722,37,83,120,45,72,27,17,100,253,thybuma01
304,Jeremiah Robinson-Earl,PF,22,OKC,36,19,700,95,211,.450,31,96,.323,64,115,.557,.524,31,38,.816,64,95,159,38,21,11,18,59,252,robinje02
305,Duane Washington Jr.,SG,22,PHO,31,3,394,94,256,.367,40,111,.360,54,145,.372,.445,16,24,.667,2,34,36,63,6,4,34,23,244,washidu02
306,Robert Williams,C,25,BOS,29,18,699,110,148,.743,0,1,.000,110,147,.748,.743,22,34,.647,89,159,248,43,14,34,26,58,242,williro04
307,Thaddeus Young,PF,34,TOR,54,9,795,108,198,.545,6,34,.176,102,164,.622,.561,18,26,.692,71,95,166,75,54,5,42,88,240,youngth01
308,Cade Cunningham,PG,21,DET,12,12,400,93,224,.415,17,61,.279,76,163,.466,.453,36,43,.837,12,62,74,72,10,7,39,34,239,cunnica01
309,Jaylin Williams,PF,20,OKC,40,27,708,84,190,.442,37,86,.430,47,104,.452,.539,31,43,.721,32,157,189,56,19,11,27,92,236,willija07
310,R.J. Hampton,PG,21,TOT,38,1,575,77,176,.438,31,82,.378,46,94,.489,.526,46,59,.780,15,49,64,47,24,5,34,34,231,hamptrj01
311,Jaxson Hayes,C,22,NOP,44,2,601,85,152,.559,3,27,.111,82,125,.656,.569,58,83,.699,39,90,129,34,20,19,30,67,231,hayesja02
312,Patty Mills,PG,34,BRK,38,1,515,81,193,.420,47,123,.382,34,70,.486,.541,21,23,.913,8,34,42,52,14,3,26,27,230,millspa02
313,Robert Covington,PF,32,LAC,40,0,652,81,198,.409,40,118,.339,41,80,.513,.510,27,36,.750,27,114,141,48,31,29,23,75,229,covinro01
314,Luke Kornet,C,27,BOS,60,0,697,98,143,.685,3,10,.300,95,133,.714,.696,30,37,.811,78,95,173,42,10,43,24,74,229,kornelu01
315,Zeke Nnaji,PF,22,DEN,45,5,595,89,154,.578,13,45,.289,76,109,.697,.620,36,54,.667,56,51,107,12,15,20,21,83,227,nnajize01
316,P.J. Tucker,PF,37,PHI,66,66,1702,81,191,.424,46,116,.397,35,75,.467,.545,19,23,.826,86,181,267,54,36,14,40,158,227,tuckepj01
317,Ish Wainright,SF,28,PHO,53,1,813,75,201,.373,51,152,.336,24,49,.490,.500,23,27,.852,43,76,119,50,37,18,21,108,224,wainris01
318,Simone Fontecchio,SF,27,UTA,42,2,530,74,206,.359,45,134,.336,29,72,.403,.468,29,36,.806,23,34,57,31,11,8,28,43,222,fontesi01
319,Duncan Robinson,SF,28,MIA,35,0,577,73,199,.367,53,161,.329,20,38,.526,.500,23,25,.920,8,53,61,39,12,0,21,63,222,robindu01
320,Garrison Mathews,SG,26,TOT,49,0,628,62,177,.350,54,160,.338,8,17,.471,.503,43,48,.896,10,57,67,24,23,4,18,57,221,mathega01
321,MarJon Beauchamp,SF,22,MIL,42,9,578,80,206,.388,38,120,.317,42,86,.488,.481,21,29,.724,34,58,92,26,18,4,37,60,219,beaucma01
322,Haywood Highsmith,SF,26,MIA,48,9,877,85,196,.434,36,102,.353,49,94,.521,.526,12,26,.462,50,119,169,34,34,15,35,72,218,highsha01
323,Aaron Holiday,PG,26,ATL,55,5,751,81,192,.422,31,76,.408,50,116,.431,.503,24,28,.857,21,46,67,70,27,10,31,72,217,holidaa01
324,Payton Pritchard,PG,25,BOS,45,2,563,80,205,.390,42,127,.331,38,78,.487,.493,11,15,.733,22,46,68,47,14,1,31,35,213,pritcpa01
325,Usman Garuba,PF,20,HOU,65,1,853,80,154,.519,24,47,.511,56,107,.523,.597,26,44,.591,105,172,277,57,40,26,43,111,210,garubus01
326,Malachi Flynn,PG,24,TOR,46,1,598,75,206,.364,42,115,.365,33,91,.363,.466,17,24,.708,15,53,68,65,18,3,19,56,209,flynnma01
327,Daishen Nix,PG,20,HOU,48,7,801,74,206,.359,37,119,.311,37,87,.425,.449,23,34,.676,16,70,86,122,29,6,72,53,208,nixda01
328,Paul Reed,C,23,PHI,58,0,593,92,160,.575,0,4,.000,92,156,.590,.575,22,29,.759,83,117,200,19,36,41,35,110,206,reedpa01
329,Darius Bazley,PF,22,TOT,39,1,579,74,166,.446,19,49,.388,55,117,.470,.503,37,67,.552,30,98,128,34,20,31,23,39,204,bazleda01
330,George Hill,PG,36,TOT,41,1,767,70,153,.458,28,86,.326,42,67,.627,.549,36,48,.750,14,65,79,99,23,6,32,48,204,hillge01
331,Danuel House Jr.,SF,29,PHI,47,4,667,70,144,.486,31,87,.356,39,57,.684,.594,31,44,.705,8,71,79,34,10,9,22,56,202,houseda01
332,Eugene Omoruyi,SF,25,TOT,33,5,485,79,171,.462,14,57,.246,65,114,.570,.503,29,44,.659,36,52,88,20,21,1,22,77,201,omorueu01
333,Théo Maledon,PG,21,CHO,36,1,581,65,157,.414,21,63,.333,44,94,.468,.481,49,56,.875,9,77,86,86,27,6,35,37,200,maledth01
334,Charles Bassey,C,22,SAS,35,2,508,87,135,.644,3,8,.375,84,127,.661,.656,22,37,.595,75,118,193,48,16,33,41,74,199,bassech01
335,Miles McBride,PG,22,NYK,56,2,674,67,186,.360,37,119,.311,30,67,.448,.460,26,38,.684,13,34,47,63,33,7,21,52,197,mcbrimi01
336,Justise Winslow,SF,26,POR,29,11,776,81,198,.409,14,45,.311,67,153,.438,.444,20,28,.714,49,96,145,98,30,11,43,89,196,winslju01
337,Dyson Daniels,PG,19,NOP,50,11,930,75,179,.419,22,74,.297,53,105,.505,.480,23,37,.622,30,133,163,122,38,11,52,90,195,daniedy01
338,Bismack Biyombo,C,30,PHO,51,10,691,85,151,.563,0,0,,85,151,.563,.563,17,54,.315,56,144,200,45,15,64,44,91,187,biyombi01
339,Ziaire Williams,SF,21,MEM,36,3,528,75,177,.424,22,89,.247,53,88,.602,.486,14,18,.778,15,60,75,26,14,5,36,57,186,willizi02
340,Rodney McGruder,SG,31,DET,32,12,524,62,152,.408,41,97,.423,21,55,.382,.543,18,22,.818,20,54,74,28,16,1,11,39,183,mcgruro01
341,Maxi Kleber,C,31,DAL,30,3,774,64,137,.467,31,88,.352,33,49,.673,.580,21,32,.656,25,91,116,40,9,27,20,68,180,klebima01
342,Dewayne Dedmon,C,33,TOT,33,0,364,68,133,.511,11,37,.297,57,96,.594,.553,32,46,.696,28,86,114,18,8,14,20,64,179,dedmode01
343,Luka Garza,C,24,MIN,26,0,235,61,111,.550,14,38,.368,47,73,.644,.613,41,52,.788,31,29,60,18,3,2,13,41,177,garzalu01
344,Justin Holiday,SG,33,TOT,39,2,605,67,171,.392,43,122,.352,24,49,.490,.518,0,2,.000,4,38,42,36,16,18,20,56,177,holidju01
345,Dean Wade,PF,26,CLE,39,9,776,62,152,.408,38,109,.349,24,43,.558,.533,15,23,.652,16,114,130,32,24,18,14,80,177,wadede01
346,Lindy Waters III,SG,25,OKC,35,0,434,57,144,.396,48,131,.366,9,13,.692,.563,15,18,.833,10,51,61,24,12,9,10,34,177,waterli01
347,Stanley Johnson,SF,26,SAS,30,0,469,65,122,.533,18,40,.450,47,82,.573,.607,26,39,.667,22,73,95,67,16,6,33,48,174,johnsst04
348,Day'Ron Sharpe,C,21,BRK,38,2,429,72,136,.529,6,10,.600,66,126,.524,.551,23,36,.639,72,81,153,29,10,24,37,75,173,sharpda01
349,Isaiah Roby,PF,24,SAS,42,2,474,67,155,.432,18,60,.300,49,95,.516,.490,20,41,.488,21,86,107,38,18,7,31,53,172,robyis01
350,Jericho Sims,C,24,NYK,49,16,774,80,104,.769,0,1,.000,80,103,.777,.769,12,16,.750,93,139,232,24,15,28,26,92,172,simsje01
351,JT Thor,PF,20,CHO,60,4,714,65,167,.389,22,83,.265,43,84,.512,.455,20,31,.645,33,81,114,26,18,15,25,52,172,thorjt01
352,Dāvis Bertāns,PF,30,DAL,40,0,433,57,136,.419,46,120,.383,11,16,.688,.588,10,12,.833,8,33,41,20,10,6,10,49,170,bertada01
353,DeAndre Jordan,C,34,DEN,35,5,499,75,97,.773,1,1,1.000,74,96,.771,.778,18,41,.439,41,127,168,31,8,22,42,65,169,jordade01
354,Amir Coffey,SG,25,LAC,45,9,593,54,141,.383,10,38,.263,44,103,.427,.418,46,59,.780,17,35,52,51,7,3,18,50,164,coffeam01
355,Javonte Green,SG,29,CHI,29,1,458,61,104,.587,13,34,.382,48,70,.686,.649,29,43,.674,25,58,83,23,23,20,20,48,164,greenja02
356,Christian Koloko,C,22,TOR,49,19,685,61,128,.477,1,9,.111,60,119,.504,.480,35,53,.660,72,78,150,23,14,49,18,114,158,kolokch01
357,Evan Fournier,SG,30,NYK,23,7,414,53,151,.351,33,102,.324,20,49,.408,.460,18,21,.857,4,41,45,35,14,3,19,43,157,fournev01
358,Moses Brown,C,23,LAC,34,1,288,61,96,.635,0,0,,61,96,.635,.635,33,72,.458,57,82,139,4,3,14,14,38,155,brownmo01
359,Ousmane Dieng,SF,19,OKC,29,0,451,60,144,.417,23,79,.291,37,65,.569,.497,10,17,.588,14,69,83,32,11,6,17,34,153,diengou01
360,Anthony Gill,PF,30,WAS,49,5,479,55,95,.579,3,22,.136,52,73,.712,.595,40,49,.816,29,46,75,23,6,11,11,58,153,gillan01
361,Caleb Houstan,SF,20,ORL,43,2,646,53,137,.387,36,99,.364,17,38,.447,.518,11,13,.846,28,59,87,20,8,3,13,60,153,houstca01
362,Blake Griffin,C,33,BOS,34,14,488,58,118,.492,20,58,.345,38,60,.633,.576,16,26,.615,37,89,126,44,12,6,16,66,152,griffbl01
363,Derrick Rose,PG,34,NYK,27,0,338,61,159,.384,19,63,.302,42,96,.438,.443,11,12,.917,8,32,40,46,7,5,22,18,152,rosede01
364,JaVale McGee,C,35,DAL,37,7,296,65,107,.607,1,4,.250,64,103,.621,.612,20,34,.588,28,66,94,10,4,21,32,46,151,mcgeeja01
365,Taj Gibson,C,37,WAS,45,2,431,60,110,.545,4,19,.211,56,91,.615,.564,26,38,.684,30,58,88,32,14,11,22,78,150,gibsota01
366,Ricky Rubio,PG,32,CLE,25,0,430,51,138,.370,18,66,.273,33,72,.458,.435,24,31,.774,7,51,58,84,23,5,25,36,144,rubiori01
367,Brandon Boston Jr.,SG,21,LAC,21,1,247,51,121,.421,12,29,.414,39,92,.424,.471,29,38,.763,7,22,29,19,9,0,12,21,143,bostobr01
368,Keon Johnson,SG,20,POR,37,0,337,52,145,.359,22,66,.333,30,79,.380,.434,17,28,.607,9,29,38,42,15,6,34,37,143,johnske07
369,A.J. Green,SG,23,MIL,32,0,302,48,109,.440,39,91,.429,9,18,.500,.619,4,4,1.000,5,33,38,19,6,0,9,29,139,greenaj01
370,Jordan McLaughlin,PG,26,MIN,36,0,572,55,129,.426,18,68,.265,37,61,.607,.496,11,14,.786,15,39,54,117,31,3,28,21,139,mclaujo01
371,Bryce McGowens,SG,20,CHO,37,1,537,45,123,.366,14,46,.304,31,77,.403,.423,34,43,.791,14,47,61,29,9,5,25,33,138,mcgowbr01
372,TyTy Washington Jr.,PG,21,HOU,30,2,412,55,155,.355,17,78,.218,38,77,.494,.410,10,16,.625,2,40,42,47,13,2,14,27,137,washity02
373,Sandro Mamukelashvili,C,23,TOT,33,2,401,45,124,.363,20,64,.313,25,60,.417,.444,26,38,.684,41,71,112,33,9,7,18,39,136,mamuksa01
374,Wesley Matthews,SG,36,MIL,41,0,632,43,125,.344,33,100,.330,10,25,.400,.476,17,20,.850,30,59,89,21,17,10,16,59,136,matthwe02
375,Raul Neto,PG,30,CLE,45,1,450,50,94,.532,12,37,.324,38,57,.667,.596,24,27,.889,7,33,40,63,16,3,16,40,136,netora01
376,Blake Wesley,SG,19,SAS,27,1,451,50,147,.340,16,39,.410,34,108,.315,.395,19,32,.594,9,44,53,58,17,4,44,52,135,weslebl01
377,Nathan Knight,PF,25,MIN,36,0,284,44,78,.564,8,22,.364,36,56,.643,.615,38,55,.691,21,33,54,13,9,6,19,37,134,knighna01
378,Bruno Fernando,C,24,TOT,35,4,374,50,97,.515,0,1,.000,50,96,.521,.515,30,44,.682,49,75,124,31,6,31,22,69,130,fernabr01
379,Kris Dunn,PG,28,UTA,11,0,251,52,100,.520,10,22,.455,42,78,.538,.570,15,18,.833,6,41,47,59,15,6,15,33,129,dunnkr01
380,Admiral Schofield,PF,25,ORL,31,0,368,46,95,.484,20,57,.351,26,38,.684,.589,17,19,.895,19,33,52,25,6,3,6,54,129,schofad01
381,Max Christie,SG,19,LAL,38,3,507,44,105,.419,26,62,.419,18,43,.419,.543,14,16,.875,7,67,74,19,9,7,13,33,128,chrisma02
382,Juancho Hernangómez,PF,27,TOR,42,10,614,48,114,.421,17,67,.254,31,47,.660,.496,9,16,.563,27,96,123,25,16,6,15,43,122,hernaju01
383,Matt Ryan,SF,25,TOT,33,0,306,40,107,.374,32,83,.386,8,24,.333,.523,10,12,.833,4,22,26,15,5,1,7,27,122,ryanma01
384,Jabari Walker,SF,20,POR,46,0,401,46,107,.430,7,29,.241,39,78,.500,.463,23,31,.742,36,56,92,22,5,10,19,42,122,walkeja01
385,Dalano Banton,PG,23,TOR,27,2,251,46,112,.411,13,46,.283,33,66,.500,.469,15,19,.789,9,27,36,29,13,12,16,31,120,bantoda01
386,Saben Lee,PG,23,TOT,22,0,302,37,88,.420,7,20,.350,30,68,.441,.460,36,47,.766,11,26,37,55,15,1,23,27,117,leesa01
387,Richaun Holmes,C,29,SAC,36,1,310,49,71,.690,4,5,.800,45,66,.682,.718,14,17,.824,25,48,73,5,3,11,14,46,116,holmeri01
388,Patrick Baldwin Jr.,SF,20,GSW,26,0,210,40,100,.400,30,77,.390,10,23,.435,.550,4,6,.667,1,35,36,7,6,4,11,14,114,baldwpa01
389,Orlando Robinson,C,22,MIA,29,1,397,46,86,.535,0,5,.000,46,81,.568,.535,21,29,.724,44,74,118,21,12,12,15,52,113,robinor01
390,Kai Jones,C,22,CHO,38,0,383,47,85,.553,3,12,.250,44,73,.603,.571,15,20,.750,31,60,91,7,12,21,19,53,112,joneska01
391,James Bouknight,SG,22,CHO,26,0,354,40,122,.328,16,64,.250,24,58,.414,.393,15,22,.682,5,46,51,28,13,4,19,29,111,bouknja01
392,Kira Lewis Jr.,PG,21,NOP,22,0,223,38,84,.452,13,30,.433,25,54,.463,.530,17,20,.850,5,28,33,19,9,2,10,24,106,lewiski01
393,Markieff Morris,PF,33,TOT,32,1,309,37,89,.416,22,54,.407,15,35,.429,.539,10,10,1.000,13,49,62,26,9,5,17,38,106,morrima02
394,Chuma Okeke,SF,24,ORL,22,7,413,34,93,.366,20,65,.308,14,28,.500,.473,16,21,.762,21,57,78,26,12,9,11,35,104,okekech01
395,Furkan Korkmaz,SG,25,PHI,29,0,273,35,85,.412,13,37,.351,22,48,.458,.488,20,30,.667,6,24,30,19,6,3,19,10,103,korkmfu01
396,Frank Ntilikina,PG,24,DAL,43,3,496,37,104,.356,13,55,.236,24,49,.490,.418,16,24,.667,6,49,55,47,11,4,25,54,103,ntilila01
397,Juan Toscano-Anderson,SF,29,TOT,41,7,487,43,90,.478,6,26,.231,37,64,.578,.511,11,15,.733,19,71,90,37,14,8,23,61,103,toscaju01
398,Goga Bitadze,C,23,TOT,29,0,301,41,79,.519,5,19,.263,36,60,.600,.551,15,32,.469,40,44,84,27,12,16,14,45,102,bitadgo01
399,Kevon Harris,SG,25,ORL,31,0,383,34,83,.410,11,30,.367,23,53,.434,.476,22,27,.815,25,34,59,13,16,4,16,44,101,harrike01
400,Jake LaRavia,PF,21,MEM,33,0,391,35,91,.385,22,67,.328,13,24,.542,.505,7,9,.778,17,43,60,21,12,4,18,48,99,laravja01
401,Robin Lopez,C,34,CLE,34,1,254,39,60,.650,2,3,.667,37,57,.649,.667,12,16,.750,21,24,45,14,1,6,22,34,92,lopezro01
402,Ish Smith,PG,34,DEN,36,0,323,44,101,.436,2,6,.333,42,95,.442,.446,1,2,.500,4,41,45,76,6,6,38,28,91,smithis01
403,Damian Jones,C,27,TOT,31,1,304,34,55,.618,3,6,.500,31,49,.633,.645,19,25,.760,27,54,81,9,4,19,14,37,90,jonesda03
404,Bryn Forbes,SG,29,MIN,25,0,268,30,83,.361,14,46,.304,16,37,.432,.446,15,15,1.000,4,11,15,17,7,2,12,22,89,forbebr01
405,Davon Reed,SG,27,TOT,40,1,336,27,83,.325,17,46,.370,10,37,.270,.428,16,24,.667,10,48,58,21,14,4,20,39,87,reedda01
406,McKinley Wright IV,PG,24,DAL,24,1,278,34,72,.472,7,21,.333,27,51,.529,.521,11,16,.688,8,32,40,48,8,4,16,21,86,wrighmc01
407,Nikola Jović,PF,19,MIA,15,8,204,28,69,.406,8,35,.229,20,34,.588,.464,18,19,.947,9,22,31,10,7,2,10,19,82,jovicni01
408,Frank Kaminsky,C,29,TOT,33,0,212,27,55,.491,12,30,.400,15,25,.600,.600,14,16,.875,4,41,45,28,6,3,9,22,80,kaminfr01
409,Boban Marjanović,C,34,HOU,25,0,119,31,45,.689,0,1,.000,31,44,.705,.689,18,24,.750,13,29,42,5,4,1,8,5,80,marjabo01
410,Gorgui Dieng,C,33,SAS,25,1,251,29,81,.358,12,52,.231,17,29,.586,.432,5,6,.833,23,45,68,35,4,10,20,40,75,dienggo01
411,Terry Taylor,PF,23,TOT,28,2,234,32,67,.478,4,18,.222,28,49,.571,.507,5,7,.714,22,17,39,10,3,5,9,25,73,taylote01
412,Kemba Walker,PG,32,DAL,9,1,144,24,57,.421,7,28,.250,17,29,.586,.482,17,21,.810,3,13,16,19,2,2,4,11,72,walkeke02
413,Svi Mykhailiuk,SF,25,TOT,23,0,165,23,53,.434,16,31,.516,7,22,.318,.585,7,15,.467,3,14,17,10,3,1,6,6,69,mykhasv01
414,Kessler Edwards,SF,22,TOT,25,4,250,24,62,.387,12,37,.324,12,25,.480,.484,7,10,.700,16,23,39,11,5,3,9,24,67,edwarke02
415,Jamal Cain,SF,23,MIA,15,0,186,26,50,.520,2,12,.167,24,38,.632,.540,12,16,.750,12,27,39,9,8,0,4,15,66,cainja01
416,Kennedy Chandler,PG,20,MEM,31,0,245,29,71,.408,2,14,.143,27,57,.474,.423,6,13,.462,7,25,32,51,11,5,16,13,66,chandke01
417,Jae Crowder,SF,32,MIL,11,0,206,22,46,.478,13,33,.394,9,13,.692,.620,9,11,.818,11,35,46,15,5,4,4,16,66,crowdja01
418,Serge Ibaka,C,33,MIL,16,0,185,26,54,.481,6,18,.333,20,36,.556,.537,8,13,.615,15,29,44,4,2,7,11,23,66,ibakase01
419,Theo Pinson,SG,27,DAL,37,0,245,20,61,.328,15,44,.341,5,17,.294,.451,9,11,.818,8,33,41,30,4,1,9,24,64,pinsoth01
420,Udoka Azubuike,C,23,UTA,27,0,171,30,35,.857,0,0,,30,35,.857,.857,3,10,.300,18,46,64,7,5,8,11,16,63,azubuud01
421,David Duke Jr.,SG,23,BRK,18,0,173,28,61,.459,1,8,.125,27,53,.509,.467,5,9,.556,8,12,20,16,7,1,14,27,62,dukeda01
422,Gary Payton II,PG,30,POR,15,1,255,24,41,.585,9,17,.529,15,24,.625,.695,4,4,1.000,10,29,39,22,16,1,12,29,61,paytoga02
423,Jonathan Isaac,PF,25,ORL,11,0,124,22,53,.415,6,15,.400,16,38,.421,.472,5,9,.556,15,29,44,6,14,4,4,5,55,isaacjo01
424,Dominick Barlow,SF,19,SAS,18,0,218,22,47,.468,0,4,.000,22,43,.512,.468,10,15,.667,22,27,49,11,5,9,11,33,54,barlodo01
425,Moussa Diabaté,PF,21,LAC,18,1,172,21,40,.525,1,2,.500,20,38,.526,.538,10,16,.625,29,16,45,3,5,6,9,13,53,diabamo01
426,Trent Forrest,PG,24,ATL,19,3,242,24,50,.480,0,2,.000,24,48,.500,.480,2,3,.667,5,24,29,31,6,2,11,16,50,forretr01
427,Dalen Terry,SG,20,CHI,28,0,137,19,41,.463,6,16,.375,13,25,.520,.537,5,10,.500,7,12,19,16,4,4,6,12,49,terryda01
428,Daniel Theis,C,30,IND,7,1,109,21,44,.477,2,11,.182,19,33,.576,.500,5,12,.417,7,15,22,9,2,6,3,7,49,theisda01
429,Kenneth Lofton Jr.,PF,20,MEM,16,0,72,19,40,.475,4,11,.364,15,29,.517,.525,5,9,.556,8,11,19,11,1,1,5,13,47,loftoke01
430,Cody Zeller,C,30,MIA,10,0,130,15,29,.517,0,1,.000,15,28,.536,.517,17,23,.739,16,19,35,6,2,4,8,23,47,zelleco01
431,Josh Minott,SF,20,MIN,14,0,92,18,34,.529,2,6,.333,16,28,.571,.559,8,8,1.000,5,20,25,4,4,6,3,10,46,minotjo01
432,KZ Okpala,PF,23,SAC,35,3,248,16,38,.421,7,21,.333,9,17,.529,.513,7,8,.875,7,27,34,13,7,7,7,39,46,okpalkz01
433,Jarrett Culver,SG,23,ATL,10,1,137,17,43,.395,1,12,.083,16,31,.516,.407,9,13,.692,10,28,38,6,6,2,7,14,44,culveja01
434,Jeff Dowtin,PG,25,TOR,18,0,159,19,43,.442,3,11,.273,16,32,.500,.477,3,4,.750,6,11,17,17,4,1,5,10,44,dowtije01
435,Otto Porter Jr.,SF,29,TOR,8,2,146,15,30,.500,6,17,.353,9,13,.692,.600,8,8,1.000,6,13,19,8,11,0,4,7,44,porteot01
436,Khem Birch,C,30,TOR,20,0,162,19,32,.594,1,2,.500,18,30,.600,.609,4,5,.800,8,17,25,7,5,5,8,24,43,birchkh01
437,Matthew Dellavedova,PG,32,SAC,30,0,188,15,45,.333,8,24,.333,7,21,.333,.422,4,7,.571,1,10,11,38,6,0,10,17,42,dellama01
438,Dru Smith,SG,25,TOT,10,1,124,18,39,.462,5,18,.278,13,21,.619,.526,1,1,1.000,2,16,18,15,9,4,2,15,42,smithdr01
439,Garrett Temple,SG,36,NOP,21,0,147,15,41,.366,9,23,.391,6,18,.333,.476,3,4,.750,4,10,14,12,9,1,4,14,42,templga01
440,Jason Preston,PG,23,LAC,13,0,122,18,41,.439,5,18,.278,13,23,.565,.500,0,2,.000,2,20,22,27,2,0,10,7,41,prestja01
441,Wendell Moore Jr.,SG,21,MIN,27,2,149,17,42,.405,2,17,.118,15,25,.600,.429,4,5,.800,3,14,17,18,8,5,8,13,40,moorewe01
442,Johnny Davis,SG,20,WAS,18,0,123,16,39,.410,1,9,.111,15,30,.500,.423,4,7,.571,2,15,17,4,1,2,4,18,37,davisjo06
443,James Johnson,PF,35,IND,14,1,124,14,35,.400,3,12,.250,11,23,.478,.443,4,6,.667,2,19,21,10,4,6,5,27,35,johnsja01
444,Cody Martin,SF,27,CHO,7,0,134,14,36,.389,3,14,.214,11,22,.500,.431,4,7,.571,8,16,24,11,4,1,2,13,35,martico01
445,Nerlens Noel,C,28,TOT,17,4,195,13,36,.361,1,2,.500,12,34,.353,.375,8,12,.667,10,36,46,10,16,10,13,32,35,noelne01
446,Johnny Juzang,SF,21,UTA,9,0,92,13,38,.342,8,26,.308,5,12,.417,.447,0,2,.000,2,12,14,2,2,3,2,9,34,juzanjo01
447,A.J. Lawson,SG,22,TOT,13,0,63,13,26,.500,7,16,.438,6,10,.600,.635,1,3,.333,2,8,10,1,1,0,1,8,34,lawsoaj01
448,Julian Champagnie,SF,21,TOT,7,0,75,12,26,.462,9,21,.429,3,5,.600,.635,0,0,,2,14,16,2,1,1,3,7,33,champju02
449,Vit Krejci,PG,22,ATL,24,0,127,13,31,.419,5,18,.278,8,13,.615,.500,1,2,.500,2,13,15,12,3,1,4,12,32,krejcvi01
450,Mamadi Diakite,PF,26,CLE,18,2,120,13,33,.394,4,15,.267,9,18,.500,.455,0,0,,5,13,18,4,2,7,8,18,30,diakima01
451,Greg Brown III,PF,21,POR,16,0,93,11,28,.393,1,7,.143,10,21,.476,.411,5,12,.417,2,17,19,3,4,5,6,13,28,browngr01
452,Jordan Hall,SF,21,SAS,9,0,83,9,28,.321,3,15,.200,6,13,.462,.375,7,9,.778,3,9,12,11,1,0,7,6,28,halljo02
453,Joshua Primo,SG,20,SAS,4,0,93,9,26,.346,3,12,.250,6,14,.429,.404,7,9,.778,2,11,13,18,1,2,11,8,28,primojo01
454,Danny Green,SG,35,TOT,9,0,88,9,23,.391,8,18,.444,1,5,.200,.565,1,1,1.000,2,5,7,2,3,1,6,10,27,greenda02
455,Noah Vonleh,C,27,BOS,23,1,171,11,24,.458,1,4,.250,10,20,.500,.479,2,2,1.000,18,30,48,7,2,8,11,35,25,vonleno01
456,Meyers Leonard,C,30,MIL,6,0,51,8,14,.571,5,10,.500,3,4,.750,.750,3,4,.750,2,11,13,0,1,0,2,7,24,leoname01
457,Ryan Rollins,PG,20,GSW,12,0,62,7,20,.350,3,9,.333,4,11,.364,.425,6,6,1.000,3,9,12,6,1,1,16,10,23,rolliry01
458,Keon Ellis,SG,23,SAC,13,0,50,7,13,.538,6,10,.600,1,3,.333,.769,2,3,.667,4,4,8,4,3,1,1,9,22,elliske01
459,Peyton Watson,SG,20,DEN,14,0,44,10,19,.526,2,4,.500,8,15,.533,.579,0,2,.000,3,5,8,1,0,1,2,2,22,watsope01
460,Trevelin Queen,SG,25,IND,7,0,70,7,29,.241,2,15,.133,5,14,.357,.276,5,5,1.000,8,9,17,6,2,5,7,4,21,queentr01
461,Justin Jackson,SF,27,BOS,23,0,107,7,27,.259,5,20,.250,2,7,.286,.352,1,2,.500,2,15,17,9,4,4,2,7,20,jacksju01
462,Tony Bradley,C,25,CHI,12,0,33,6,12,.500,3,5,.600,3,7,.429,.625,4,4,1.000,1,10,11,1,1,1,1,2,19,bradlto01
463,Jaden Springer,SG,20,PHI,10,0,40,8,16,.500,0,2,.000,8,14,.571,.500,3,4,.750,5,4,9,4,5,2,1,9,19,sprinja01
464,Jack White,SF,25,DEN,16,0,51,7,16,.438,3,8,.375,4,8,.500,.531,2,3,.667,3,6,9,3,2,2,1,8,19,whiteja03
465,Ryan Arcidiacono,PG,28,TOT,16,1,87,6,17,.353,5,10,.500,1,7,.143,.500,0,0,,0,11,11,9,3,0,4,11,17,arcidry01
466,Andre Iguodala,SF,39,GSW,8,0,113,7,15,.467,1,9,.111,6,6,1.000,.500,2,3,.667,3,14,17,19,4,3,9,11,17,iguodan01
467,Thanasis Antetokounmpo,SF,30,MIL,28,0,112,6,22,.273,0,5,.000,6,17,.353,.273,4,8,.500,9,19,28,4,2,3,8,13,16,antetth01
468,Jamaree Bouyea,PG,23,TOT,5,0,71,6,14,.429,2,6,.333,4,8,.500,.500,1,2,.500,1,5,6,4,4,2,4,6,15,bouyeja01
469,Darius Days,PF,23,HOU,4,0,25,5,12,.417,3,10,.300,2,2,1.000,.542,2,2,1.000,1,5,6,1,0,1,0,2,15,daysda01
470,Tyrese Martin,SG,23,ATL,13,0,45,6,16,.375,1,5,.200,5,11,.455,.406,2,2,1.000,2,4,6,0,1,0,1,2,15,martity01
471,Jared Rhoden,SG,23,DET,7,0,66,6,16,.375,1,7,.143,5,9,.556,.406,2,2,1.000,7,7,14,2,2,0,0,7,15,rhodeja01
472,Buddy Boeheim,PG,23,DET,7,0,69,4,23,.174,4,22,.182,0,1,.000,.261,2,2,1.000,2,2,4,3,2,0,0,4,14,boehebu01
473,Scotty Pippen Jr.,PG,22,LAL,6,0,32,4,12,.333,1,3,.333,3,9,.333,.375,5,9,.556,2,2,4,2,2,1,2,3,14,pippesc02
474,Alex Len,C,29,SAC,18,1,58,5,12,.417,0,2,.000,5,10,.500,.417,3,4,.750,4,13,17,6,0,0,9,12,13,lenal01
475,Neemias Queta,C,23,SAC,4,0,25,6,8,.750,0,0,,6,8,.750,.750,0,2,.000,4,5,9,1,0,1,1,7,12,quetane01
476,Isaiah Mobley,PF,23,CLE,10,0,30,5,10,.500,1,3,.333,4,7,.571,.550,0,0,,1,11,12,0,1,1,0,2,11,mobleis01
477,Olivier Sarr,C,23,OKC,4,0,51,4,11,.364,0,4,.000,4,7,.571,.364,3,3,1.000,7,5,12,2,0,5,3,8,11,sarrol01
478,Facundo Campazzo,PG,31,DAL,8,0,52,3,13,.231,3,11,.273,0,2,.000,.346,1,2,.500,0,2,2,9,6,0,3,3,10,campafa01
479,Ron Harper Jr.,SF,22,TOR,4,0,14,4,7,.571,2,4,.500,2,3,.667,.714,0,0,,1,1,2,0,0,0,0,0,10,harpero02
480,Vince Williams Jr.,SG,22,MEM,11,0,52,4,14,.286,2,10,.200,2,4,.500,.357,0,0,,2,5,7,3,4,1,1,6,10,willivi01
481,Kendall Brown,SG,19,IND,6,0,40,4,7,.571,0,1,.000,4,6,.667,.571,1,2,.500,2,4,6,3,4,0,2,9,9,brownke03
482,Tyler Dorsey,SG,26,DAL,3,0,8,4,5,.800,1,2,.500,3,3,1.000,.900,0,0,,1,1,2,0,0,0,0,0,9,dorsety01
483,Trevor Hudgins,PG,23,HOU,5,0,28,2,9,.222,2,8,.250,0,1,.000,.333,3,3,1.000,0,0,0,3,0,0,1,1,9,hudgitr01
484,Cole Swider,SF,23,LAL,6,0,40,3,9,.333,3,8,.375,0,1,.000,.500,0,0,,1,6,7,4,0,0,0,3,9,swideco01
485,Joe Wieskamp,SF,23,TOR,5,0,30,3,8,.375,3,7,.429,0,1,.000,.563,0,0,,0,2,2,1,0,0,1,2,9,wieskjo01
486,Omer Yurtseven,C,24,MIA,5,0,34,4,8,.500,0,1,.000,4,7,.571,.500,1,2,.500,4,4,8,0,1,1,1,6,9,yurtsom01
487,PJ Dozier,SG,26,SAC,10,0,23,3,10,.300,1,5,.200,2,5,.400,.350,0,0,,0,6,6,0,3,1,2,2,7,doziepj01
488,Alize Johnson,PF,26,SAS,4,0,30,3,6,.500,0,2,.000,3,4,.750,.500,1,2,.500,2,8,10,1,1,0,4,3,7,johnsal02
489,Leandro Bolmaro,SG,22,UTA,14,0,68,3,20,.150,0,4,.000,3,16,.188,.150,0,0,,4,3,7,7,3,1,7,10,6,bolmale01
490,Vernon Carey Jr.,C,21,WAS,11,0,28,2,8,.250,0,0,,2,8,.250,.250,2,2,1.000,3,8,11,3,2,2,2,5,6,careyve01
491,Justin Champagnie,SF,21,TOR,3,0,11,3,3,1.000,0,0,,3,3,1.000,1.000,0,0,,1,3,4,1,0,0,0,1,6,champju01
492,JD Davison,PG,20,BOS,8,0,19,3,11,.273,0,3,.000,3,8,.375,.273,0,0,,1,4,5,3,2,0,1,2,6,davisjd01
493,Jared Butler,SG,22,OKC,2,0,19,2,4,.500,1,2,.500,1,2,.500,.625,0,0,,0,1,1,4,3,0,2,3,5,butleja02
494,Malcolm Hill,SF,27,CHI,5,0,9,2,4,.500,1,3,.333,1,1,1.000,.625,0,0,,0,3,3,0,0,0,0,1,5,hillma01
495,Jay Huff,C,24,WAS,2,0,9,1,1,1.000,0,0,,1,1,1.000,1.000,3,3,1.000,0,3,3,0,0,0,2,1,5,huffja01
496,Quenton Jackson,PG,24,WAS,3,0,8,2,3,.667,1,2,.500,1,1,1.000,.833,0,0,,1,0,1,1,0,0,0,1,5,jacksqu01
497,Dylan Windler,SF,26,CLE,2,0,8,2,3,.667,1,2,.500,1,1,1.000,.833,0,0,,0,0,0,1,1,0,1,0,5,windldy01
498,Braxton Key,SF,25,DET,3,0,9,1,1,1.000,0,0,,1,1,1.000,1.000,2,2,1.000,0,1,1,0,0,0,0,0,4,keybr01
499,Micah Potter,PF,24,UTA,3,0,14,2,2,1.000,0,0,,2,2,1.000,1.000,0,0,,1,2,3,2,0,0,0,2,4,pottemi01
500,Dereon Seabron,SG,22,NOP,5,0,12,2,5,.400,0,0,,2,5,.400,.400,0,0,,1,0,1,0,0,0,0,1,4,seabrde01
501,Devon Dotson,PG,23,WAS,6,0,53,1,10,.100,1,4,.250,0,6,.000,.150,0,0,,6,4,10,8,5,0,3,9,3,dotsode01
502,Udonis Haslem,C,42,MIA,6,1,46,1,12,.083,0,2,.000,1,10,.100,.083,1,2,.500,4,4,8,0,1,1,0,8,3,hasleud01
503,Carlik Jones,PG,25,CHI,2,0,23,1,5,.200,0,1,.000,1,4,.250,.200,1,4,.250,1,2,3,2,0,0,1,1,3,jonesca03
504,Trevor Keels,SG,19,NYK,2,0,4,1,3,.333,1,3,.333,0,0,,.500,0,0,,0,2,2,0,0,0,0,0,3,keelstr01
505,Jordan Schakel,SF,24,WAS,2,0,6,1,2,.500,1,1,1.000,0,1,.000,.750,0,0,,0,0,0,1,1,0,0,1,3,schakjo01
506,John Butler,C,20,POR,9,0,30,1,5,.200,0,4,.000,1,1,1.000,.200,0,0,,1,1,2,1,1,3,0,2,2,butlejo01
507,Mfiondu Kabengele,PF,25,BOS,2,0,14,1,2,.500,0,1,.000,1,1,1.000,.500,0,0,,3,2,5,0,0,0,1,3,2,kabenmf01
508,Sam Merrill,SG,26,CLE,2,0,8,1,3,.333,0,2,.000,1,1,1.000,.333,0,0,,0,0,0,0,0,0,0,1,2,merrisa01
509,Chima Moneke,SF,27,SAC,2,0,8,1,2,.500,0,0,,1,2,.500,.500,0,2,.000,2,0,2,1,0,0,2,2,2,monekch01
510,Chris Silva,PF,26,DAL,1,0,3,1,1,1.000,0,0,,1,1,1.000,1.000,0,0,,0,0,0,0,0,0,1,2,2,silvach01
511,Isaiah Todd,PF,21,WAS,4,0,13,1,4,.250,0,3,.000,1,1,1.000,.250,0,0,,0,0,0,0,0,0,0,0,2,toddis01
512,Stanley Umude,SG,23,DET,1,0,2,0,1,.000,0,1,.000,0,0,,.000,2,2,1.000,0,0,0,0,1,1,0,0,2,umudest01
513,Lindell Wigginton,PG,24,MIL,2,0,3,1,3,.333,0,1,.000,1,2,.500,.333,0,0,,0,0,0,0,0,0,0,0,2,wiggili01
514,Sterling Brown,SG,27,LAL,4,0,24,0,4,.000,0,2,.000,0,2,.000,.000,0,0,,3,5,8,2,3,0,0,4,0,brownst02
515,Deonte Burton,SG,29,SAC,2,0,6,0,2,.000,0,1,.000,0,1,.000,.000,0,0,,0,0,0,0,0,0,0,0,0,burtode02
516,Xavier Cooks,PF,27,WAS,1,0,6,0,0,,0,0,,0,0,,,0,0,,1,1,2,0,0,0,1,0,0,cooksxa01
517,Michael Foster Jr.,PF,20,PHI,1,0,1,0,0,,0,0,,0,0,,,0,0,,0,0,0,0,0,0,0,0,0,fostemi02
518,Frank Jackson,PG,24,UTA,1,0,5,0,3,.000,0,1,.000,0,2,.000,.000,0,0,,1,1,2,1,0,0,0,0,0,jacksfr01
519,Marko Simonovic,C,23,CHI,3,0,5,0,1,.000,0,1,.000,0,0,,.000,0,0,,0,0,0,0,0,0,0,1,0,simonma01
520,Alondes Williams,SG,23,BRK,1,0,5,0,0,,0,0,,0,0,,,0,0,,0,1,1,0,0,0,2,1,0,willial06