,player,player_id,line,stat,league_id,event_time,opp,Team,count,over_prob,under_prob,pred
0,A'ja Wilson,410295,1.5,AST,7,2023-10-12T01:00:00,LVA,NYL,1,0.4693877551020409,0.5306122448979592,1.5806545044885592
1,A'ja Wilson,410295,8.5,TRB,7,2023-10-12T01:00:00,LVA,NYL,1,0.4693877551020409,0.5306122448979592,9.214332272921382
2,A'ja Wilson,410295,9.0,TRB,7,2023-10-12T01:00:00,LVA,NYL,1,0.5,0.5,9.214332272921382
3,A'ja Wilson,410295,9.5,TRB,7,2023-10-12T01:00:00,LVA,NYL,9,0.4519009437179747,0.5480990562820253,9.214332272921382
4,A'ja Wilson,410295,21.5,PTS,7,2023-10-12T01:00:00,LVA,NYL,9,0.5248894334440959,0.4751105665559041,21.98887185987568
5,A'ja Wilson,410295,22.0,PTS,7,2023-10-12T01:00:00,LVA,NYL,1,0.5,0.5,21.98887185987568
6,A'ja Wilson,410295,22.5,PTS,7,2023-10-12T01:00:00,LVA,NYL,1,0.449438202247191,0.550561797752809,21.98887185987568
7,A'ja Wilson,410295,33.5,PTS+TRB+AST,7,2023-10-12T01:00:00,LVA,NYL,1,0.4693877551020409,0.5306122448979592,33.23655988328768
8,A.J. Brown,38856,77.5,Receiving Yards,1,2023-10-15T20:25:00,NYJ,PHI,1,0.5,0.5,78.6877053690241
9,A.J. Brown,38856,79.5,Receiving Yards,1,2023-10-15T20:25:00,NYJ,PHI,1,0.5,0.5,78.6877053690241
10,Aaron Hicks,41635,0.5,Home Runs,5,2023-10-11T00:03:00,TEX,BAL,4,,,0.5
11,Aaron Hicks,41635,0.5,Home Runs,5,2023-10-11T00:03:00,TEX,BAL,6,,,0.5
12,Aaron Hicks,41635,0.5,Total Bases,5,2023-10-11T00:03:00,TEX,BAL,10,0.5282308132459532,0.4717691867540468,0.749805789667072
13,Aaron Hicks,41635,0.5,Total Hits,5,2023-10-11T00:03:00,TEX,BAL,12,,,0.5
14,Aaron Hicks,41635,0.5,Total Hits,5,2023-10-11T00:03:00,TEX,BAL,13,,,0.5
15,Aaron Nola,41605,4.5,Pitcher Strikeouts,5,2023-10-11T21:07:00,PHI,ATL,6,0.5558522995493993,0.4441477004506008,5.0223797999470845
16,Aaron Nola,41605,5.0,Pitcher Strikeouts,5,2023-10-11T21:07:00,PHI,ATL,2,0.5,0.5,5.0223797999470845
17,Adam Frazier,42435,0.5,Home Runs,5,2023-10-11T00:03:00,TEX,BAL,4,,,0.5
18,Adam Frazier,42435,0.5,Home Runs,5,2023-10-11T00:03:00,TEX,BAL,6,,,0.5
19,Adam Frazier,42435,0.5,Total Bases,5,2023-10-11T00:03:00,TEX,BAL,10,0.5117170950062413,0.4882829049937586,0.7152645717775609
20,Adam Frazier,42435,0.5,Total Hits,5,2023-10-11T00:03:00,TEX,BAL,12,,,0.5
21,Adam Frazier,42435,0.5,Total Hits,5,2023-10-11T00:03:00,TEX,BAL,13,,,0.5
22,Adam Thielen,36815,65.5,Receiving Yards,1,2023-10-15T17:00:00,MIA,CAR,1,0.5,0.5,67.18583214427028
23,Adam Thielen,36815,68.5,Receiving Yards,1,2023-10-15T17:00:00,MIA,CAR,1,0.5,0.5,67.18583214427028
24,Adam Trautman,35627,20.5,Receiving Yards,1,2023-10-13T00:15:00,KC,DEN,7,0.4895778922029946,0.5104221077970055,20.990015320528773
25,Adam Trautman,35627,21.5,Receiving Yards,1,2023-10-13T00:15:00,KC,DEN,5,0.494909179767044,0.5050908202329559,20.990015320528773
26,Adley Rutschman,42388,0.5,Home Runs,5,2023-10-11T00:03:00,TEX,BAL,4,,,0.5
27,Adley Rutschman,42388,0.5,Home Runs,5,2023-10-11T00:03:00,TEX,BAL,6,,,0.5
28,Adley Rutschman,42388,0.5,Total Hits,5,2023-10-11T00:03:00,TEX,BAL,12,,,0.5
29,Adley Rutschman,42388,0.5,Total Hits,5,2023-10-11T00:03:00,TEX,BAL,13,,,0.5
30,Alec Bohm,39636,0.5,Home Runs,5,2023-10-11T21:07:00,PHI,ATL,4,,,0.5
31,Alec Bohm,39636,0.5,Home Runs,5,2023-10-11T21:07:00,PHI,ATL,6,,,0.5
32,Alec Bohm,39636,0.5,Total Hits,5,2023-10-11T21:07:00,PHI,ATL,1,,,1.0158590912798613
33,Alec Bohm,39636,1.5,Total Hits,5,2023-10-11T21:07:00,PHI,ATL,4,0.3167525347390593,0.6832474652609406,1.0158590912798613
34,Alek Thomas,41381,0.5,Home Runs,5,2023-10-12T01:07:00,ARI,LAD,4,,,0.5
35,Alek Thomas,41381,0.5,Home Runs,5,2023-10-12T01:07:00,ARI,LAD,6,,,0.5
36,Alek Thomas,41381,0.5,Total Bases,5,2023-10-12T01:07:00,ARI,LAD,5,0.6264268501365401,0.37357314986346,0.982557857697692
37,Alek Thomas,41381,0.5,Total Hits,5,2023-10-12T01:07:00,ARI,LAD,4,,,0.5
38,Alek Thomas,41381,0.5,Total Hits,5,2023-10-12T01:07:00,ARI,LAD,5,,,0.5
39,Alex Singleton,35503,10.5,Tackles+Ast,1,2023-10-13T00:15:00,KC,DEN,2,0.4595112782226943,0.5404887217773059,10.347343827927835
40,Alexander Bregman,41839,0.5,Home Runs,5,2023-10-10T20:07:00,MIN,HOU,4,,,0.5
41,Alexander Bregman,41839,0.5,Home Runs,5,2023-10-10T20:07:00,MIN,HOU,6,,,0.5
42,Alexander Bregman,41839,0.5,Total Hits,5,2023-10-10T20:07:00,MIN,HOU,12,,,0.5
43,Alexander Bregman,41839,0.5,Total Hits,5,2023-10-10T20:07:00,MIN,HOU,13,,,0.5
44,Alexander Kirilloff,41805,0.5,Home Runs,5,2023-10-10T20:07:00,MIN,HOU,4,,,0.5
45,Alexander Kirilloff,41805,0.5,Home Runs,5,2023-10-10T20:07:00,MIN,HOU,6,,,0.5
46,Alexander Kirilloff,41805,0.5,Total Hits,5,2023-10-10T20:07:00,MIN,HOU,12,,,0.5
47,Alexander Kirilloff,41805,0.5,Total Hits,5,2023-10-10T20:07:00,MIN,HOU,13,,,0.5
48,Alvin Kamara,38137,67.5,Rush Yards,1,2023-10-15T17:00:00,HOU,NO,1,0.5,0.5,68.18597168128684
49,Alvin Kamara,38137,68.5,Rush Yards,1,2023-10-15T17:00:00,HOU,NO,1,0.5,0.5,68.18597168128684
50,Amani Hooker,39023,4.5,Tackles+Ast,1,2023-10-15T13:30:00,TEN,BAL,1,0.5752349079675634,0.4247650920324366,5.088403728281847
51,Amari Cooper,38999,59.5,Receiving Yards,1,2023-10-15T17:00:00,CLE,SF,1,0.5,0.5,59.685315885533946
52,Anthony Santander,39932,0.5,Home Runs,5,2023-10-11T00:03:00,TEX,BAL,5,,,0.5
53,Anthony Santander,39932,0.5,Home Runs,5,2023-10-11T00:03:00,TEX,BAL,7,,,0.5
54,Anthony Santander,39932,0.5,Total Hits,5,2023-10-11T00:03:00,TEX,BAL,12,,,0.5
55,Anthony Santander,39932,0.5,Total Hits,5,2023-10-11T00:03:00,TEX,BAL,13,,,0.5
56,Austin Hays,42161,0.5,Home Runs,5,2023-10-11T00:03:00,TEX,BAL,3,,,0.5
57,Austin Hays,42161,0.5,Home Runs,5,2023-10-11T00:03:00,TEX,BAL,5,,,0.5
58,Austin Hays,42161,0.5,Total Bases,5,2023-10-11T00:03:00,TEX,BAL,7,0.575001166117731,0.424998833882269,0.8537697356514116
59,Austin Hays,42161,0.5,Total Hits,5,2023-10-11T00:03:00,TEX,BAL,7,,,0.5
60,Austin Hays,42161,0.5,Total Hits,5,2023-10-11T00:03:00,TEX,BAL,8,,,0.5
61,Azeez Al-Shaair,36080,8.5,Tackles+Ast,1,2023-10-15T13:30:00,TEN,BAL,2,0.509032120770277,0.490967879229723,8.732740475789704
62,Betnijah Laney,410218,1.5,3P,7,2023-10-12T01:00:00,LVA,NYL,6,0.5,0.5,1.6763142872545185
63,Betnijah Laney,410218,4.5,TRB,7,2023-10-12T01:00:00,LVA,NYL,9,0.5,0.5,4.669019928084806
64,Betnijah Laney,410218,15.5,PTS,7,2023-10-12T01:00:00,LVA,NYL,11,0.4981835387184918,0.5018164612815084,15.64852622335292
65,Bijan Robinson,404689,75.5,Rush Yards,1,2023-10-15T17:00:00,ATL,WAS,1,0.5,0.5,76.18728173483922
66,Bijan Robinson,404689,76.5,Rush Yards,1,2023-10-15T17:00:00,ATL,WAS,1,0.5,0.5,76.18728173483922
67,Boyce Mullins,40850,0.5,Home Runs,5,2023-10-11T00:03:00,TEX,BAL,4,,,0.5
68,Boyce Mullins,40850,0.5,Home Runs,5,2023-10-11T00:03:00,TEX,BAL,6,,,0.5
69,Boyce Mullins,40850,0.5,Total Bases,5,2023-10-11T00:03:00,TEX,BAL,7,0.5655263727467229,0.4344736272532771,0.8318173632158363
70,Boyce Mullins,40850,0.5,Total Hits,5,2023-10-11T00:03:00,TEX,BAL,7,,,0.5
71,Boyce Mullins,40850,0.5,Total Hits,5,2023-10-11T00:03:00,TEX,BAL,8,,,0.5
72,Braelon Allen,213204,9.5,Receiving Yards,2,2023-10-14T20:00:00,WIS,IOW,1,0.5,0.5,9.667371741039444
73,Braelon Allen,213204,95.5,Rush Yards,2,2023-10-14T20:00:00,WIS,IOW,2,0.5,0.5,95.69019741372796
74,Braelon Allen,213204,111.5,Rush+Rec Yards,2,2023-10-14T20:00:00,WIS,IOW,1,0.5,0.5,111.69179284587318
75,Brandon Aiyuk,38296,57.5,Receiving Yards,1,2023-10-15T17:00:00,CLE,SF,1,0.5,0.5,57.68489765493746
76,Brandon Marsh,42360,0.5,Home Runs,5,2023-10-11T21:07:00,PHI,ATL,3,,,0.5
77,Brandon Marsh,42360,0.5,Home Runs,5,2023-10-11T21:07:00,PHI,ATL,4,,,0.5
78,Brandon Marsh,42360,0.5,Total Bases,5,2023-10-11T21:07:00,PHI,ATL,5,0.5218605609071776,0.4781394390928224,0.7361482749350531
79,Brandon Marsh,42360,0.5,Total Hits,5,2023-10-11T21:07:00,PHI,ATL,3,0.5301422244229871,0.4698577755770131,0.7538489155836549
80,Brandon Pfaadt,402451,3.5,Pitcher Strikeouts,5,2023-10-12T01:07:00,ARI,LAD,4,0.49506525578302,0.5049347442169799,3.646614530854104
81,Brandon Stephens,8776,4.5,Tackles+Ast,1,2023-10-15T13:30:00,TEN,BAL,1,0.43401600434016,0.5659839956598399,4.326827951757629
82,Braydon Bennett,229749,59.5,Rush Yards,2,2023-10-10T23:30:00,APP,CC,2,0.4979225527671597,0.5020774472328402,60.26347322297612
83,Braydon Bennett,229749,60.5,Rush Yards,2,2023-10-10T23:30:00,APP,CC,6,0.4889731092088561,0.5110268907911438,60.26347322297612
84,Breanna Stewart,410221,1.5,3P,7,2023-10-12T01:00:00,LVA,NYL,7,0.4274423347920807,0.5725576652079193,1.4578965369003167
85,Breanna Stewart,410221,2.5,AST,7,2023-10-12T01:00:00,LVA,NYL,1,0.5203045685279188,0.4796954314720812,3.0691927044419387
86,Breanna Stewart,410221,3.5,AST,7,2023-10-12T01:00:00,LVA,NYL,1,0.4373408272591551,0.5626591727408448,3.0691927044419387
87,Breanna Stewart,410221,8.5,TRB,7,2023-10-12T01:00:00,LVA,NYL,8,0.5429897919716454,0.4570102080283545,9.060218490746026
88,Breanna Stewart,410221,9.0,TRB,7,2023-10-12T01:00:00,LVA,NYL,2,0.5,0.5,9.060218490746026
89,Breanna Stewart,410221,9.5,TRB,7,2023-10-12T01:00:00,LVA,NYL,1,0.4693877551020409,0.5306122448979592,9.060218490746026
90,Breanna Stewart,410221,20.5,PTS,7,2023-10-12T01:00:00,LVA,NYL,7,0.5322791410686172,0.4677208589313828,21.12584960165978
91,Breanna Stewart,410221,21.0,PTS,7,2023-10-12T01:00:00,LVA,NYL,2,0.5,0.5,21.12584960165978
92,Breanna Stewart,410221,21.5,PTS,7,2023-10-12T01:00:00,LVA,NYL,1,0.5,0.5,21.12584960165978
93,Breanna Stewart,410221,33.5,PTS+TRB+AST,7,2023-10-12T01:00:00,LVA,NYL,1,0.5203045685279188,0.4796954314720812,33.97611002676854
94,Breece Hall,38803,59.5,Rush Yards,1,2023-10-15T20:25:00,NYJ,PHI,1,0.5,0.5,62.68535421470865
95,Breece Hall,38803,65.5,Rush Yards,1,2023-10-15T20:25:00,NYJ,PHI,1,0.5,0.5,62.68535421470865
96,Brian Robinson,241668,61.5,Rush Yards,1,2023-10-15T17:00:00,ATL,WAS,1,0.5,0.5,61.68474402911402
97,Brock Purdy,35201,236.5,Pass Yards,1,2023-10-15T17:00:00,CLE,SF,1,0.5,0.5,236.70370642155825
98,Bryce Elder,39614,3.0,Pitcher Strikeouts,5,2023-10-11T21:07:00,PHI,ATL,2,0.5,0.5,3.265036850646716
99,Bryce Elder,39614,3.5,Pitcher Strikeouts,5,2023-10-11T21:07:00,PHI,ATL,3,0.4270182524582036,0.5729817475417964,3.265036850646716
100,Bryce Harper,40714,0.5,Home Runs,5,2023-10-11T21:07:00,PHI,ATL,4,,,0.5
101,Bryce Harper,40714,0.5,Home Runs,5,2023-10-11T21:07:00,PHI,ATL,6,,,0.5
102,Bryce Harper,40714,0.5,Total Hits,5,2023-10-11T21:07:00,PHI,ATL,4,,,0.5
103,Bryce Harper,40714,0.5,Total Hits,5,2023-10-11T21:07:00,PHI,ATL,5,,,0.5
104,Bryce Young,418739,215.5,Pass Yards,1,2023-10-15T17:00:00,MIA,CAR,1,0.5,0.5,215.70227519389647
105,Bryson Green,141917,2.0,bt15,2,2023-10-14T20:00:00,WIS,IOW,1,0.5,0.5,2.154562276451003
106,Bryson Green,141917,22.5,Receiving Yards,2,2023-10-14T20:00:00,WIS,IOW,2,0.5,0.5,22.667092102599483
107,Bryson Stott,42357,0.5,Home Runs,5,2023-10-11T21:07:00,PHI,ATL,4,,,0.5
108,Bryson Stott,42357,0.5,Home Runs,5,2023-10-11T21:07:00,PHI,ATL,6,,,0.5
109,Bryson Stott,42357,0.5,Total Hits,5,2023-10-11T21:07:00,PHI,ATL,4,,,0.5
110,Bryson Stott,42357,0.5,Total Hits,5,2023-10-11T21:07:00,PHI,ATL,5,,,0.5
111,C.J. Stroud,418838,240.5,Pass Yards,1,2023-10-15T17:00:00,HOU,NO,1,0.5,0.5,241.704188755594
112,C.J. Stroud,418838,242.5,Pass Yards,1,2023-10-15T17:00:00,HOU,NO,1,0.5,0.5,241.704188755594
113,C.J. Williams,78986,12.5,Receiving Yards,2,2023-10-14T20:00:00,WIS,IOW,1,0.5,0.5,12.66702702213936
114,CJ Daniels,142562,67.5,Receiving Yards,2,2023-10-10T23:30:00,JVS,LIB,2,0.5052301255230125,0.4947698744769875,69.85995959665111
115,CJ Daniels,142562,70.5,Receiving Yards,2,2023-10-10T23:30:00,JVS,LIB,5,0.5,0.5,69.85995959665111
116,Carlos Correa,40068,0.5,Home Runs,5,2023-10-10T20:07:00,MIN,HOU,5,,,0.5
117,Carlos Correa,40068,0.5,Home Runs,5,2023-10-10T20:07:00,MIN,HOU,7,,,0.5
118,Carlos Correa,40068,0.5,Total Hits,5,2023-10-10T20:07:00,MIN,HOU,12,,,0.5
119,Carlos Correa,40068,0.5,Total Hits,5,2023-10-10T20:07:00,MIN,HOU,13,,,0.5
120,CeeDee Lamb,39125,69.5,Receiving Yards,1,2023-10-17T00:15:00,LAC,DAL,1,0.5,0.5,69.68592359292732
121,Chas McCormick,3769,0.5,Home Runs,5,2023-10-10T20:07:00,MIN,HOU,4,,,0.5
122,Chas McCormick,3769,0.5,Home Runs,5,2023-10-10T20:07:00,MIN,HOU,6,,,0.5
123,Chas McCormick,3769,0.5,Total Bases,5,2023-10-10T20:07:00,MIN,HOU,8,0.6084115330887059,0.3915884669112941,0.9356719037505548
124,Chas McCormick,3769,0.5,Total Hits,5,2023-10-10T20:07:00,MIN,HOU,12,,,0.5
125,Chas McCormick,3769,0.5,Total Hits,5,2023-10-10T20:07:00,MIN,HOU,13,,,0.5
126,Chelsea Gray,409962,1.5,3P,7,2023-10-12T01:00:00,LVA,NYL,6,0.4563280194727445,0.5436719805272556,1.5408629601196946
127,Chelsea Gray,409962,4.5,TRB,7,2023-10-12T01:00:00,LVA,NYL,8,0.531950581986842,0.4680494180131579,4.906666501579358
128,Chelsea Gray,409962,5.0,TRB,7,2023-10-12T01:00:00,LVA,NYL,2,0.5,0.5,4.906666501579358
129,Chelsea Gray,409962,7.5,AST,7,2023-10-12T01:00:00,LVA,NYL,11,0.5009081922757285,0.4990918077242715,7.674112861624779
130,Chelsea Gray,409962,16.5,PTS,7,2023-10-12T01:00:00,LVA,NYL,8,0.5429897919716454,0.4570102080283545,17.16171146659298
131,Chelsea Gray,409962,17.0,PTS,7,2023-10-12T01:00:00,LVA,NYL,2,0.5,0.5,17.16171146659298
132,Chelsea Gray,409962,17.5,PTS,7,2023-10-12T01:00:00,LVA,NYL,1,0.4898785425101215,0.5101214574898786,17.16171146659298
133,Chigoziem Okonkwo,39073,32.5,Receiving Yards,1,2023-10-15T13:30:00,TEN,BAL,4,0.4975485593874528,0.5024514406125472,32.644832622980914
134,Chimere Dike,197763,2.5,bt15,2,2023-10-14T20:00:00,WIS,IOW,1,0.5,0.5,2.6717756715392302
135,Chimere Dike,197763,27.5,Receiving Yards,2,2023-10-14T20:00:00,WIS,IOW,2,0.5048789602624257,0.4951210397375743,27.741350688096148
136,Chris Olave,36699,59.5,Receiving Yards,1,2023-10-15T17:00:00,HOU,NO,1,0.5,0.5,59.685315885533946
137,Christan Horn,145935,36.5,Receiving Yards,2,2023-10-10T23:30:00,APP,CC,2,0.5052301255230125,0.4947698744769875,38.13219647603836
138,Christan Horn,145935,38.5,Receiving Yards,2,2023-10-10T23:30:00,APP,CC,5,0.5,0.5,38.13219647603836
139,Christian McCaffrey,35191,75.5,Rush Yards,1,2023-10-15T17:00:00,CLE,SF,1,0.5,0.5,75.68747902591754
140,Christian Walker,40462,0.5,Home Runs,5,2023-10-12T01:07:00,ARI,LAD,4,,,0.5
141,Christian Walker,40462,0.5,Home Runs,5,2023-10-12T01:07:00,ARI,LAD,6,,,0.5
142,Christian Walker,40462,0.5,Total Hits,5,2023-10-12T01:07:00,ARI,LAD,4,,,0.5
143,Christian Walker,40462,0.5,Total Hits,5,2023-10-12T01:07:00,ARI,LAD,5,,,0.5
144,Cole Kmet,38204,36.5,Receiving Yards,1,2023-10-15T17:00:00,CHI,MIN,1,0.5,0.5,36.68132825955937
145,Conner Noah,420027,62.5,Receiving Yards,2,2023-10-12T01:00:00,NMS,SHS,1,0.5,0.5,62.68538817427352
146,Cooper Kupp,38140,86.5,Receiving Yards,1,2023-10-15T20:25:00,LAR,ARI,1,0.5,0.5,88.18887807982924
147,Cooper Kupp,38140,89.5,Receiving Yards,1,2023-10-15T20:25:00,LAR,ARI,1,0.5,0.5,88.18887807982924
148,Corbin Carroll,39284,0.5,Home Runs,5,2023-10-12T01:07:00,ARI,LAD,4,,,0.5
149,Corbin Carroll,39284,0.5,Home Runs,5,2023-10-12T01:07:00,ARI,LAD,6,,,0.5
150,Corbin Carroll,39284,0.5,Total Hits,5,2023-10-12T01:07:00,ARI,LAD,3,,,0.5827961680092917
151,Corbin Carroll,39284,0.5,Total Hits,5,2023-10-12T01:07:00,ARI,LAD,4,,,0.5827961680092917
152,Corbin Carroll,39284,1.5,Total Hits,5,2023-10-12T01:07:00,ARI,LAD,1,0.3231597845601436,0.6768402154398564,0.5827961680092917
153,Corey Seager,40343,0.5,Home Runs,5,2023-10-11T00:03:00,TEX,BAL,4,,,0.5
154,Corey Seager,40343,0.5,Home Runs,5,2023-10-11T00:03:00,TEX,BAL,6,,,0.5
155,Corey Seager,40343,0.5,Total Hits,5,2023-10-11T00:03:00,TEX,BAL,1,,,1.155070286099891
156,Corey Seager,40343,1.5,Total Hits,5,2023-10-11T00:03:00,TEX,BAL,12,0.340348678634792,0.6596513213652079,1.155070286099891
157,Courtland Sutton,35515,3.5,bt15,1,2023-10-13T00:15:00,KC,DEN,14,0.504391349373484,0.4956086506265159,3.6904914385096257
158,Courtland Sutton,35515,18.5,bt66,1,2023-10-13T00:15:00,KC,DEN,1,0.5,0.5,18.667276601398147
159,Courtland Sutton,35515,43.5,Receiving Yards,1,2023-10-13T00:15:00,KC,DEN,6,0.4993079177947777,0.5006920822052222,44.41472582823202
160,Courtland Sutton,35515,44.5,Receiving Yards,1,2023-10-13T00:15:00,KC,DEN,7,0.5004930567832369,0.4995069432167632,44.41472582823202
161,Courtland Sutton,35515,45.5,Receiving Yards,1,2023-10-13T00:15:00,KC,DEN,2,0.5,0.5,44.41472582823202
162,Courtney Vandersloot,410233,6.5,AST,7,2023-10-12T01:00:00,LVA,NYL,10,0.5009977631042779,0.4990022368957222,6.673765015307062
163,Courtney Vandersloot,410233,9.5,PTS,7,2023-10-12T01:00:00,LVA,NYL,11,0.5229991106720286,0.4770008893279712,9.84591523676809
164,Cristian Javier,41894,4.5,Pitcher Strikeouts,5,2023-10-10T20:07:00,MIN,HOU,16,0.5304842817923541,0.4695157182076461,4.835103671645466
165,Cristian Pache,40384,0.5,Home Runs,5,2023-10-11T21:07:00,PHI,ATL,1,,,0.5
166,Cristian Pache,40384,0.5,Total Hits,5,2023-10-11T21:07:00,PHI,ATL,1,,,0.5
167,Cyrus Allen,233512,60.5,Receiving Yards,2,2023-10-10T23:00:00,MTS,LT,1,0.5,0.5,60.68502939532911
168,D'Andre Swift,38710,64.5,Rush Yards,1,2023-10-15T20:25:00,NYJ,PHI,2,0.5,0.5,64.68571309857383
169,D.J. Jones,37905,0.5,Sacks,1,2023-10-13T00:15:00,KC,DEN,5,0.2292914687048131,0.7707085312951869,0.2606889980577992
170,DJ Moore,38222,65.5,Receiving Yards,1,2023-10-15T17:00:00,CHI,MIN,1,0.5,0.5,65.68539254388335
171,DK Metcalf,37624,64.5,Receiving Yards,1,2023-10-15T17:00:00,CIN,SEA,1,0.5,0.5,65.18555282122858
172,DK Metcalf,37624,65.5,Receiving Yards,1,2023-10-15T17:00:00,CIN,SEA,1,0.5,0.5,65.18555282122858
173,Dak Prescott,35704,248.5,Pass Yards,1,2023-10-17T00:15:00,LAC,DAL,1,0.5,0.5,248.705229685402
174,Dallas Goedert,35761,41.5,Receiving Yards,1,2023-10-15T20:25:00,NYJ,PHI,1,0.5,0.5,41.68223413138615
175,Damarri Mathis,39064,4.5,Tackles+Ast,1,2023-10-13T00:15:00,KC,DEN,1,0.5493838513886334,0.4506161486113665,5.050299287022314
176,Damarri Mathis,39064,5.0,Tackles+Ast,1,2023-10-13T00:15:00,KC,DEN,1,0.5,0.5,5.050299287022314
177,Dameon Pierce,37925,51.5,Rush Yards,1,2023-10-15T17:00:00,HOU,NO,1,0.5,0.5,53.18354402722554
178,Dameon Pierce,37925,54.5,Rush Yards,1,2023-10-15T17:00:00,HOU,NO,1,0.5,0.5,53.18354402722554
179,David Lowe,41934,0.5,Home Runs,5,2023-10-11T00:03:00,TEX,BAL,3,,,0.5
180,David Lowe,41934,0.5,Home Runs,5,2023-10-11T00:03:00,TEX,BAL,5,,,0.5
181,David Lowe,41934,0.5,Total Bases,5,2023-10-11T00:03:00,TEX,BAL,3,0.574634312492589,0.4253656875074109,0.8529107537852257
182,David Lowe,41934,0.5,Total Hits,5,2023-10-11T00:03:00,TEX,BAL,3,,,0.5
183,David Lowe,41934,0.5,Total Hits,5,2023-10-11T00:03:00,TEX,BAL,4,,,0.5
184,DeAndre Hopkins,242390,58.5,Receiving Yards,1,2023-10-15T13:30:00,TEN,BAL,7,0.4996129777968685,0.5003870222031316,58.67734825673101
185,DeVonta Smith,35599,63.5,Receiving Yards,1,2023-10-15T20:25:00,NYJ,PHI,1,0.5,0.5,63.68508415829879
186,Deacon Hill,174675,0.5,Pass Touchdowns,2,2023-10-14T20:00:00,WIS,IOW,1,0.5,0.5,0.6916773167271258
187,Deacon Hill,174675,125.5,Pass Yards,2,2023-10-14T20:00:00,WIS,IOW,1,0.5,0.5,125.6938946777292
188,Dean Kremer,42400,3.5,Pitcher Strikeouts,5,2023-10-11T00:03:00,TEX,BAL,16,0.4926927635026608,0.5073072364973391,3.6355096492091694
189,Deebo Samuel,35076,47.5,Receiving Yards,1,2023-10-15T17:00:00,CLE,SF,1,0.5,0.5,47.68299571299731
190,Denico Autry,37309,0.5,Sacks,1,2023-10-15T13:30:00,TEN,BAL,1,0.5,0.5,0.6916773167271258
191,Derek Carr,37801,220.5,Pass Yards,1,2023-10-15T17:00:00,HOU,NO,1,0.5,0.5,220.7028309481126
192,Derrick Henry,36443,9.5,Receiving Yards,1,2023-10-15T13:30:00,TEN,BAL,6,0.5007551066253882,0.4992448933746116,9.67319555310466
193,Derrick Henry,36443,63.5,Rush Yards,1,2023-10-15T13:30:00,TEN,BAL,1,0.5,0.5,64.52380837679559
194,Derrick Henry,36443,64.5,Rush Yards,1,2023-10-15T13:30:00,TEN,BAL,6,0.4988935165821269,0.501106483417873,64.52380837679559
195,Deshaun Watson,304195,219.5,Pass Yards,1,2023-10-15T17:00:00,CLE,SF,1,0.5,0.5,219.702525500237
196,Desmond Ridder,38580,186.5,Pass Yards,1,2023-10-15T17:00:00,ATL,WAS,1,0.5,0.5,186.69982687242967
197,Devin Carter,227743,36.5,Receiving Yards,2,2023-10-12T23:00:00,HOU,WVU,1,0.5,0.5,36.68132825955937
198,Diante Vines,223217,20.5,Receiving Yards,2,2023-10-14T20:00:00,WIS,IOW,2,0.4951210397375743,0.5048789602624257,20.61114218649955
199,Diego Pavia,28389,193.5,Pass Yards,2,2023-10-12T01:00:00,NMS,SHS,1,0.5,0.5,193.7001821295792
200,Donovan Smith,185280,33.5,Rush Yards,2,2023-10-12T23:00:00,HOU,WVU,1,0.5,0.5,33.67991131729061
201,Donovan Smith,185280,250.5,Pass Yards,2,2023-10-12T23:00:00,HOU,WVU,1,0.5,0.5,250.7048222790285
202,Drake London,34766,44.5,Receiving Yards,1,2023-10-15T17:00:00,ATL,WAS,1,0.5,0.5,45.18224479479277
203,Drake London,34766,45.5,Receiving Yards,1,2023-10-15T17:00:00,ATL,WAS,1,0.5,0.5,45.18224479479277
204,Eddie Rosario,39605,0.5,Home Runs,5,2023-10-11T21:07:00,PHI,ATL,4,,,0.5
205,Eddie Rosario,39605,0.5,Home Runs,5,2023-10-11T21:07:00,PHI,ATL,6,,,0.5
206,Eddie Rosario,39605,0.5,Total Bases,5,2023-10-11T21:07:00,PHI,ATL,6,0.5256477672879823,0.4743522327120176,0.744367961683594
207,Eddie Rosario,39605,0.5,Total Hits,5,2023-10-11T21:07:00,PHI,ATL,4,,,0.5
208,Eddie Rosario,39605,0.5,Total Hits,5,2023-10-11T21:07:00,PHI,ATL,5,,,0.5
209,Edouard Julien,410251,0.5,Home Runs,5,2023-10-10T20:07:00,MIN,HOU,1,,,0.5
210,Edouard Julien,410251,0.5,Total Bases,5,2023-10-10T20:07:00,MIN,HOU,5,0.5385995412245962,0.4614004587754037,0.7719380216890251
211,Edouard Julien,410251,0.5,Total Hits,5,2023-10-10T20:07:00,MIN,HOU,8,,,0.5
212,Edouard Julien,410251,0.5,Total Hits,5,2023-10-10T20:07:00,MIN,HOU,9,,,0.5
213,Elijah Metcalf,223433,59.5,Receiving Yards,2,2023-10-10T23:00:00,MTS,LT,5,0.5,0.5,60.810222142449554
214,Elijah Metcalf,223433,60.5,Receiving Yards,2,2023-10-10T23:00:00,MTS,LT,1,0.5,0.5,60.810222142449554
215,Elijah Metcalf,223433,63.5,Receiving Yards,2,2023-10-10T23:00:00,MTS,LT,2,0.5,0.5,60.810222142449554
216,Erick All,226476,3.5,bt15,2,2023-10-14T20:00:00,WIS,IOW,1,0.5,0.5,3.669785992510735
217,Erick All,226476,39.5,Receiving Yards,2,2023-10-14T20:00:00,WIS,IOW,2,0.5048789602624257,0.4951210397375743,39.75883670257965
218,Evan Carter,424020,0.5,Home Runs,5,2023-10-11T00:03:00,TEX,BAL,1,,,0.5
219,Evan Carter,424020,0.5,Total Bases,5,2023-10-11T00:03:00,TEX,BAL,4,0.5534321242274289,0.4465678757725712,0.8044776687383108
220,Evan Carter,424020,0.5,Total Hits,5,2023-10-11T00:03:00,TEX,BAL,8,,,0.5
221,Evan Carter,424020,0.5,Total Hits,5,2023-10-11T00:03:00,TEX,BAL,9,,,0.5
222,Evan Longoria,40449,0.5,Home Runs,5,2023-10-12T01:07:00,ARI,LAD,4,,,0.5
223,Evan Longoria,40449,0.5,Home Runs,5,2023-10-12T01:07:00,ARI,LAD,6,,,0.5
224,Evan Longoria,40449,0.5,Total Bases,5,2023-10-12T01:07:00,ARI,LAD,6,0.5118532798777958,0.4881467201222041,0.7155420570749049
225,Evan Longoria,40449,0.5,Total Hits,5,2023-10-12T01:07:00,ARI,LAD,4,,,0.5
226,Evan Longoria,40449,0.5,Total Hits,5,2023-10-12T01:07:00,ARI,LAD,5,,,0.5
227,Frank Peasant,30469,51.5,Rush Yards,2,2023-10-10T23:00:00,MTS,LT,7,0.4982446846023011,0.5017553153976989,51.65207554741828
228,Frederick Freeman,39176,0.5,Home Runs,5,2023-10-12T01:07:00,ARI,LAD,4,,,0.5
229,Frederick Freeman,39176,0.5,Home Runs,5,2023-10-12T01:07:00,ARI,LAD,6,,,0.5
230,Frederick Freeman,39176,0.5,Total Hits,5,2023-10-12T01:07:00,ARI,LAD,1,,,1.1293402877605492
231,Frederick Freeman,39176,1.5,Total Hits,5,2023-10-12T01:07:00,ARI,LAD,4,0.3678141798754214,0.6321858201245786,1.1293402877605492
232,Gabriel Moreno,39867,0.5,Home Runs,5,2023-10-12T01:07:00,ARI,LAD,4,,,0.5
233,Gabriel Moreno,39867,0.5,Home Runs,5,2023-10-12T01:07:00,ARI,LAD,6,,,0.5
234,Gabriel Moreno,39867,0.5,Total Hits,5,2023-10-12T01:07:00,ARI,LAD,4,,,0.5
235,Gabriel Moreno,39867,0.5,Total Hits,5,2023-10-12T01:07:00,ARI,LAD,5,,,0.5
236,Gardner Minshew,35740,216.5,Pass Yards,1,2023-10-15T17:00:00,JAX,IND,1,0.5,0.5,216.7025841542891
237,Garrett Greene,62086,164.5,Pass Yards,2,2023-10-12T23:00:00,HOU,WVU,1,0.5,0.5,164.69713802718198
238,Garrett Wilson,34250,54.5,Receiving Yards,1,2023-10-15T20:25:00,NYJ,PHI,1,0.5,0.5,55.18407775756738
239,Garrett Wilson,34250,55.5,Receiving Yards,1,2023-10-15T20:25:00,NYJ,PHI,1,0.5,0.5,55.18407775756738
240,Geno Smith,39062,248.5,Pass Yards,1,2023-10-15T17:00:00,CIN,SEA,1,0.5,0.5,251.2049650419412
241,Geno Smith,39062,253.5,Pass Yards,1,2023-10-15T17:00:00,CIN,SEA,1,0.5,0.5,251.2049650419412
242,George Kittle,35038,40.5,Receiving Yards,1,2023-10-15T17:00:00,CLE,SF,1,0.5,0.5,40.68121552944848
243,Geraldo Perdomo,41348,0.5,Home Runs,5,2023-10-12T01:07:00,ARI,LAD,2,,,0.5
244,Geraldo Perdomo,41348,0.5,Home Runs,5,2023-10-12T01:07:00,ARI,LAD,5,,,0.5
245,Geraldo Perdomo,41348,0.5,Total Bases,5,2023-10-12T01:07:00,ARI,LAD,6,0.4950781217274746,0.5049218782725254,0.6819350164199608
246,Geraldo Perdomo,41348,0.5,Total Hits,5,2023-10-12T01:07:00,ARI,LAD,4,,,0.5
247,Geraldo Perdomo,41348,0.5,Total Hits,5,2023-10-12T01:07:00,ARI,LAD,5,,,0.5
248,Grayson McCall,226885,1.5,Pass Touchdowns,2,2023-10-10T23:30:00,APP,CC,8,0.5456933386178444,0.4543066613821556,1.826951607632584
249,Grayson McCall,226885,263.5,Pass Yards,2,2023-10-10T23:30:00,APP,CC,3,0.5,0.5,267.3727884960099
250,Grayson McCall,226885,267.5,Pass Yards,2,2023-10-10T23:30:00,APP,CC,2,0.5,0.5,267.3727884960099
251,Grayson McCall,226885,269.5,Pass Yards,2,2023-10-10T23:30:00,APP,CC,3,0.5,0.5,267.3727884960099
252,Grayson McCall,226885,270.5,Pass Yards,2,2023-10-10T23:30:00,APP,CC,1,0.5,0.5,267.3727884960099
253,Gunnar Henderson,39898,0.5,Home Runs,5,2023-10-11T00:03:00,TEX,BAL,5,,,0.5
254,Gunnar Henderson,39898,0.5,Home Runs,5,2023-10-11T00:03:00,TEX,BAL,7,,,0.5
255,Gunnar Henderson,39898,0.5,Total Hits,5,2023-10-11T00:03:00,TEX,BAL,6,,,0.7010436625362183
256,Gunnar Henderson,39898,0.5,Total Hits,5,2023-10-11T00:03:00,TEX,BAL,7,,,0.7010436625362183
257,Gunnar Henderson,39898,1.5,Total Hits,5,2023-10-11T00:03:00,TEX,BAL,6,0.3137584131365881,0.6862415868634119,0.7010436625362183
258,Hayden Rucci,223050,1.5,bt15,2,2023-10-14T20:00:00,WIS,IOW,1,0.5,0.5,1.6763142872545185
259,Hayden Rucci,223050,14.5,Receiving Yards,2,2023-10-14T20:00:00,WIS,IOW,1,0.5,0.5,14.665773603468075
260,Holden Willis,188869,59.5,Receiving Yards,2,2023-10-10T23:00:00,MTS,LT,5,0.5020841043220818,0.4979158956779183,60.71348416188477
261,Holden Willis,188869,60.5,Receiving Yards,2,2023-10-10T23:00:00,MTS,LT,1,0.5,0.5,60.71348416188477
262,Holden Willis,188869,65.5,Receiving Yards,2,2023-10-10T23:00:00,MTS,LT,1,0.5,0.5,60.71348416188477
263,Hudson Clement,236414,40.5,Receiving Yards,2,2023-10-12T23:00:00,HOU,WVU,1,0.5,0.5,40.68121552944848
264,Isiah Pacheco,38653,1.5,bt15,1,2023-10-13T00:15:00,KC,DEN,5,0.6211148214744413,0.3788851785255586,2.149560839498601
265,Isiah Pacheco,38653,2.0,bt15,1,2023-10-13T00:15:00,KC,DEN,1,0.5,0.5,2.149560839498601
266,Isiah Pacheco,38653,2.5,bt15,1,2023-10-13T00:15:00,KC,DEN,6,0.3739873059815367,0.6260126940184632,2.149560839498601
267,Isiah Pacheco,38653,8.5,bt66,1,2023-10-13T00:15:00,KC,DEN,6,0.5081219997628437,0.4918780002371563,8.726090771186804
268,Isiah Pacheco,38653,11.5,Receiving Yards,1,2023-10-13T00:15:00,KC,DEN,1,0.5,0.5,14.299739000722974
269,Isiah Pacheco,38653,12.5,Receiving Yards,1,2023-10-13T00:15:00,KC,DEN,12,0.4913458476797502,0.5086541523202498,14.299739000722974
270,Isiah Pacheco,38653,15.5,Receiving Yards,1,2023-10-13T00:15:00,KC,DEN,1,0.5203045685279188,0.4796954314720812,14.299739000722974
271,Isiah Pacheco,38653,16.5,Receiving Yards,1,2023-10-13T00:15:00,KC,DEN,10,0.4786324848515619,0.5213675151484382,14.299739000722974
272,Isiah Pacheco,38653,15.5,Rush Attempts,1,2023-10-13T00:15:00,KC,DEN,3,0.5259028789649144,0.4740971210350857,16.110613600076725
273,Isiah Pacheco,38653,16.5,Rush Attempts,1,2023-10-13T00:15:00,KC,DEN,1,0.5,0.5,16.110613600076725
274,Isiah Pacheco,38653,73.5,Rush Yards,1,2023-10-13T00:15:00,KC,DEN,7,0.5035230319336402,0.4964769680663597,74.85588902697246
275,Isiah Pacheco,38653,74.5,Rush Yards,1,2023-10-13T00:15:00,KC,DEN,6,0.5,0.5,74.85588902697246
276,Isiah Pacheco,38653,77.5,Rush Yards,1,2023-10-13T00:15:00,KC,DEN,1,0.5,0.5,74.85588902697246
277,Isiah Pacheco,38653,80.5,Rush Yards,1,2023-10-13T00:15:00,KC,DEN,1,0.5,0.5,74.85588902697246
278,Isiah Pacheco,38653,89.5,Rush+Rec Yards,1,2023-10-13T00:15:00,KC,DEN,5,0.502126370446659,0.4978736295533409,90.1538273955861
279,Isiah Pacheco,38653,90.5,Rush+Rec Yards,1,2023-10-13T00:15:00,KC,DEN,5,0.494909179767044,0.5050908202329559,90.1538273955861
280,Ja'Marr Chase,34658,85.5,Receiving Yards,1,2023-10-15T17:00:00,CIN,SEA,1,0.5,0.5,85.68904156492451
281,Jack Gibbens,409581,6.5,Tackles+Ast,1,2023-10-15T13:30:00,TEN,BAL,1,0.5401900804186387,0.4598099195813613,6.929852961416615
282,Jack Turner,144561,231.5,Pass Yards,2,2023-10-10T23:00:00,MTS,LT,1,0.5,0.5,231.70320831791847
283,Jackie Young,409927,2.5,3P,7,2023-10-12T01:00:00,LVA,NYL,7,0.5432623996181134,0.4567376003818867,2.851772281830876
284,Jackie Young,409927,4.5,AST,7,2023-10-12T01:00:00,LVA,NYL,11,0.4972720080145998,0.5027279919854001,4.654502980666964
285,Jackie Young,409927,5.0,TRB,7,2023-10-12T01:00:00,LVA,NYL,2,0.5,0.5,5.421726244664259
286,Jackie Young,409927,5.5,TRB,7,2023-10-12T01:00:00,LVA,NYL,9,0.4668232853300174,0.5331767146699825,5.421726244664259
287,Jackie Young,409927,18.5,PTS,7,2023-10-12T01:00:00,LVA,NYL,2,0.5318481012658227,0.4681518987341772,19.260473895040544
288,Jackie Young,409927,19.0,PTS,7,2023-10-12T01:00:00,LVA,NYL,2,0.5,0.5,19.260473895040544
289,Jackie Young,409927,19.5,PTS,7,2023-10-12T01:00:00,LVA,NYL,7,0.4711410508339411,0.5288589491660588,19.260473895040544
290,Jackie Young,409927,28.5,PTS+TRB+AST,7,2023-10-12T01:00:00,LVA,NYL,1,0.5,0.5,28.67737806837148
291,Jackson Acker,174605,30.5,Rush Yards,2,2023-10-14T20:00:00,WIS,IOW,2,0.4951210397375743,0.5048789602624257,30.60914474238401
292,Jackson Acker,174605,34.5,Rush+Rec Yards,2,2023-10-14T20:00:00,WIS,IOW,1,0.5,0.5,34.68048426904521
293,Jacob Realmuto,39622,0.5,Home Runs,5,2023-10-11T21:07:00,PHI,ATL,4,,,0.5
294,Jacob Realmuto,39622,0.5,Home Runs,5,2023-10-11T21:07:00,PHI,ATL,6,,,0.5
295,Jacob Realmuto,39622,0.5,Total Hits,5,2023-10-11T21:07:00,PHI,ATL,4,,,0.5
296,Jacob Realmuto,39622,0.5,Total Hits,5,2023-10-11T21:07:00,PHI,ATL,5,,,0.5
297,Jaiden Credle,211720,55.5,Rush Yards,2,2023-10-10T23:00:00,MTS,LT,2,0.4947698744769875,0.5052301255230125,56.24521394597292
298,Jaiden Credle,211720,56.5,Rush Yards,2,2023-10-10T23:00:00,MTS,LT,3,0.5,0.5,56.24521394597292
299,Jake Bailey,223971,42.5,Receiving Yards,2,2023-10-12T23:30:00,ECU,SMU,1,0.5,0.5,42.68227607207472
300,Jakobus Seth,225014,1.5,bt15,2,2023-10-14T20:00:00,WIS,IOW,1,0.5,0.5,1.6763142872545185
301,Jakobus Seth,225014,10.5,Receiving Yards,2,2023-10-14T20:00:00,WIS,IOW,1,0.5,0.5,10.666009391057717
302,Jalen Hurts,34413,239.5,Pass Yards,1,2023-10-15T20:25:00,NYJ,PHI,1,0.5,0.5,242.70398946047607
303,Jalen Hurts,34413,245.5,Pass Yards,1,2023-10-15T20:25:00,NYJ,PHI,1,0.5,0.5,242.70398946047607
304,James Conner,38888,57.5,Rush Yards,1,2023-10-15T20:25:00,LAR,ARI,1,0.5,0.5,57.68489765493746
305,James Cook,34320,52.5,Rush Yards,1,2023-10-16T00:20:00,BUF,NYG,1,0.5,0.5,52.68413202694259
306,James Outman,40447,0.5,Home Runs,5,2023-10-12T01:07:00,ARI,LAD,4,,,0.5
307,James Outman,40447,0.5,Home Runs,5,2023-10-12T01:07:00,ARI,LAD,6,,,0.5
308,James Outman,40447,0.5,Total Bases,5,2023-10-12T01:07:00,ARI,LAD,5,0.5439916600826373,0.4560083399173625,0.7836448551075504
309,James Outman,40447,0.5,Total Hits,5,2023-10-12T01:07:00,ARI,LAD,4,,,0.5
310,James Outman,40447,0.5,Total Hits,5,2023-10-12T01:07:00,ARI,LAD,5,,,0.5
311,Jared Brown,214206,56.5,Receiving Yards,2,2023-10-10T23:30:00,APP,CC,2,0.5,0.5,58.68462382539168
312,Jared Brown,214206,58.5,Receiving Yards,2,2023-10-10T23:30:00,APP,CC,4,0.5,0.5,58.68462382539168
313,Jared Brown,214206,60.5,Receiving Yards,2,2023-10-10T23:30:00,APP,CC,2,0.5,0.5,58.68462382539168
314,Jason Heyward,40628,0.5,Home Runs,5,2023-10-12T01:07:00,ARI,LAD,2,,,0.5
315,Jason Heyward,40628,0.5,Home Runs,5,2023-10-12T01:07:00,ARI,LAD,4,,,0.5
316,Jason Heyward,40628,0.5,Total Bases,5,2023-10-12T01:07:00,ARI,LAD,4,0.5723757141031302,0.4276242858968698,0.8476384367133383
317,Jason Heyward,40628,0.5,Total Hits,5,2023-10-12T01:07:00,ARI,LAD,3,,,0.5
318,Jason Heyward,40628,0.5,Total Hits,5,2023-10-12T01:07:00,ARI,LAD,4,,,0.5
319,Javonte Williams,36203,11.5,Receiving Yards,1,2023-10-13T00:15:00,KC,DEN,6,0.5027286387788104,0.4972713612211897,12.1069965701991
320,Javonte Williams,36203,12.5,Receiving Yards,1,2023-10-13T00:15:00,KC,DEN,6,0.4840314207278954,0.5159685792721046,12.1069965701991
321,Javonte Williams,36203,11.5,Rush Attempts,1,2023-10-13T00:15:00,KC,DEN,3,0.4944503090033162,0.5055496909966837,11.619755512446048
322,Javonte Williams,36203,36.5,Rush Yards,1,2023-10-13T00:15:00,KC,DEN,7,0.4896827855534512,0.5103172144465489,37.45817332718761
323,Javonte Williams,36203,38.5,Rush Yards,1,2023-10-13T00:15:00,KC,DEN,6,0.4932523229237254,0.5067476770762745,37.45817332718761
324,Javonte Williams,36203,52.5,Rush+Rec Yards,1,2023-10-13T00:15:00,KC,DEN,5,0.5,0.5,52.6841320269426
325,Jaylen Waddle,36153,63.5,Receiving Yards,1,2023-10-15T17:00:00,MIA,CAR,1,0.5,0.5,63.68508415829879
326,Jeremy Peña,40208,0.5,Home Runs,5,2023-10-10T20:07:00,MIN,HOU,1,,,0.5
327,Jeremy Peña,40208,0.5,Total Hits,5,2023-10-10T20:07:00,MIN,HOU,1,,,0.5
328,Jerick McKinnon,37298,8.5,Rush Yards,1,2023-10-13T00:15:00,KC,DEN,6,0.5076409025788172,0.4923590974211827,9.12751177263955
329,Jerick McKinnon,37298,9.5,Rush Yards,1,2023-10-13T00:15:00,KC,DEN,6,0.4826374856918379,0.5173625143081619,9.12751177263955
330,Jerick McKinnon,37298,9.5,bt66,1,2023-10-13T00:15:00,KC,DEN,5,0.4876790894346622,0.5123209105653379,9.57170815537594
331,Jerick McKinnon,37298,12.5,Receiving Yards,1,2023-10-13T00:15:00,KC,DEN,6,0.5016859680110886,0.4983140319889113,13.154952809886735
332,Jerick McKinnon,37298,13.5,Receiving Yards,1,2023-10-13T00:15:00,KC,DEN,6,0.4959146978684047,0.5040853021315951,13.154952809886735
333,Jerick McKinnon,37298,23.5,Rush+Rec Yards,1,2023-10-13T00:15:00,KC,DEN,5,0.5082034454470877,0.4917965545529122,24.6920223855244
334,Jerick McKinnon,37298,25.5,Rush+Rec Yards,1,2023-10-13T00:15:00,KC,DEN,5,0.4959353033063083,0.5040646966936918,24.6920223855244
335,Jerry Jeudy,35522,4.5,bt15,1,2023-10-13T00:15:00,KC,DEN,14,0.5002737647708628,0.499726235229137,4.670478473253885
336,Jerry Jeudy,35522,21.5,bt66,1,2023-10-13T00:15:00,KC,DEN,1,0.5,0.5,21.66751679382983
337,Jerry Jeudy,35522,54.5,Receiving Yards,1,2023-10-13T00:15:00,KC,DEN,6,0.4958109310243233,0.5041890689756767,55.346900323154266
338,Jerry Jeudy,35522,55.5,Receiving Yards,1,2023-10-13T00:15:00,KC,DEN,8,0.5027008231299667,0.4972991768700332,55.346900323154266
339,Jerry Jeudy,35522,56.5,Receiving Yards,1,2023-10-13T00:15:00,KC,DEN,1,0.5,0.5,55.346900323154266
340,Joe Mixon,39121,62.5,Rush Yards,1,2023-10-15T17:00:00,CIN,SEA,1,0.5,0.5,65.185529896095
341,Joe Mixon,39121,67.5,Rush Yards,1,2023-10-15T17:00:00,CIN,SEA,1,0.5,0.5,65.185529896095
342,Joey Aguilar,415384,1.5,Pass Touchdowns,2,2023-10-10T23:30:00,APP,CC,2,0.6315312594382362,0.3684687405617638,2.097010245863631
343,Joey Aguilar,415384,2.5,Pass Touchdowns,2,2023-10-10T23:30:00,APP,CC,4,0.3430666768557187,0.6569333231442813,2.097010245863631
344,Joey Aguilar,415384,243.5,Pass Yards,2,2023-10-10T23:30:00,APP,CC,2,0.4979225527671597,0.5020774472328402,245.5590580447564
345,Joey Aguilar,415384,244.5,Pass Yards,2,2023-10-10T23:30:00,APP,CC,3,0.5,0.5,245.5590580447564
346,Joey Aguilar,415384,247.5,Pass Yards,2,2023-10-10T23:30:00,APP,CC,3,0.5,0.5,245.5590580447564
347,Johan Rojas,409129,0.5,Home Runs,5,2023-10-11T21:07:00,PHI,ATL,3,,,0.5
348,Johan Rojas,409129,0.5,Home Runs,5,2023-10-11T21:07:00,PHI,ATL,5,,,0.5
349,Johan Rojas,409129,0.5,Total Bases,5,2023-10-11T21:07:00,PHI,ATL,4,0.5834993683455776,0.4165006316544223,0.8742394694442319
350,Johan Rojas,409129,0.5,Total Hits,5,2023-10-11T21:07:00,PHI,ATL,3,,,0.5
351,Johan Rojas,409129,0.5,Total Hits,5,2023-10-11T21:07:00,PHI,ATL,4,,,0.5
352,Jonah Heim,42289,0.5,Home Runs,5,2023-10-11T00:03:00,TEX,BAL,4,,,0.5
353,Jonah Heim,42289,0.5,Home Runs,5,2023-10-11T00:03:00,TEX,BAL,6,,,0.5
354,Jonah Heim,42289,0.5,Total Bases,5,2023-10-11T00:03:00,TEX,BAL,8,0.5973173310110761,0.4026826689889239,0.9078491495987874
355,Jonah Heim,42289,0.5,Total Hits,5,2023-10-11T00:03:00,TEX,BAL,12,,,0.5
356,Jonah Heim,42289,0.5,Total Hits,5,2023-10-11T00:03:00,TEX,BAL,13,,,0.5
357,Jonathan Brady,213063,36.5,Receiving Yards,2,2023-10-12T01:00:00,NMS,SHS,1,0.5,0.5,36.68132825955937
358,Jonquel Jones,410231,11.5,TRB,7,2023-10-12T01:00:00,LVA,NYL,11,0.4981804308938248,0.5018195691061751,11.65123384620285
359,Jonquel Jones,410231,15.5,PTS,7,2023-10-12T01:00:00,LVA,NYL,10,0.5351183820941585,0.4648816179058413,16.031153293697162
360,Jonquel Jones,410231,16.0,PTS,7,2023-10-12T01:00:00,LVA,NYL,1,0.5,0.5,16.031153293697162
361,Jordan Westburg,417390,0.5,Home Runs,5,2023-10-11T00:03:00,TEX,BAL,1,,,0.5
362,Jordan Westburg,417390,0.5,Total Bases,5,2023-10-11T00:03:00,TEX,BAL,4,0.5452580638305068,0.4547419361694931,0.7864143832564089
363,Jordan Westburg,417390,0.5,Total Hits,5,2023-10-11T00:03:00,TEX,BAL,3,,,0.5
364,Jordan Westburg,417390,0.5,Total Hits,5,2023-10-11T00:03:00,TEX,BAL,4,,,0.5
365,Jorge Polanco,42210,0.5,Home Runs,5,2023-10-10T20:07:00,MIN,HOU,5,,,0.5
366,Jorge Polanco,42210,0.5,Home Runs,5,2023-10-10T20:07:00,MIN,HOU,7,,,0.5
367,Jorge Polanco,42210,0.5,Total Hits,5,2023-10-10T20:07:00,MIN,HOU,12,,,0.5
368,Jorge Polanco,42210,0.5,Total Hits,5,2023-10-10T20:07:00,MIN,HOU,13,,,0.5
369,Jose Adolis García,40355,0.5,Home Runs,5,2023-10-11T00:03:00,TEX,BAL,4,,,0.5
370,Jose Adolis García,40355,0.5,Home Runs,5,2023-10-11T00:03:00,TEX,BAL,6,,,0.5
371,Jose Adolis García,40355,0.5,Total Hits,5,2023-10-11T00:03:00,TEX,BAL,4,,,0.5
372,Jose Adolis García,40355,0.5,Total Hits,5,2023-10-11T00:03:00,TEX,BAL,5,,,0.5
373,Jose Altuve,40185,0.5,Home Runs,5,2023-10-10T20:07:00,MIN,HOU,4,,,0.5
374,Jose Altuve,40185,0.5,Home Runs,5,2023-10-10T20:07:00,MIN,HOU,6,,,0.5
375,Jose Altuve,40185,0.5,Total Hits,5,2023-10-10T20:07:00,MIN,HOU,9,,,0.5
376,Jose Altuve,40185,0.5,Total Hits,5,2023-10-10T20:07:00,MIN,HOU,10,,,0.5
377,Joseph Manjack,176178,47.5,Receiving Yards,2,2023-10-12T23:00:00,HOU,WVU,1,0.5,0.5,47.68299571299731
378,Josey Jewell,35509,7.5,Tackles+Ast,1,2023-10-13T00:15:00,KC,DEN,3,0.5202335935594048,0.4797664064405952,7.807628639205942
379,Josh Allen,34275,260.5,Pass Yards,1,2023-10-16T00:20:00,BUF,NYG,1,0.5,0.5,260.7056862268464
380,Joshua Dobbs,36495,199.5,Pass Yards,1,2023-10-15T20:25:00,LAR,ARI,1,0.5,0.5,201.7012998662891
381,Joshua Dobbs,36495,203.5,Pass Yards,1,2023-10-15T20:25:00,LAR,ARI,1,0.5,0.5,201.7012998662891
382,Joshua Jung,41932,0.5,Home Runs,5,2023-10-11T00:03:00,TEX,BAL,3,,,0.5
383,Joshua Jung,41932,0.5,Home Runs,5,2023-10-11T00:03:00,TEX,BAL,5,,,0.5
384,Joshua Jung,41932,0.5,Total Bases,5,2023-10-11T00:03:00,TEX,BAL,6,0.6069704571460787,0.3930295428539215,0.9320140785108988
385,Joshua Jung,41932,0.5,Total Hits,5,2023-10-11T00:03:00,TEX,BAL,11,,,0.5
386,Joshua Jung,41932,0.5,Total Hits,5,2023-10-11T00:03:00,TEX,BAL,12,,,0.5
387,Joshua Rojas,39280,0.5,Home Runs,5,2023-10-11T21:07:00,PHI,ATL,1,0.0797546012269938,0.9202453987730062,0.0831220207464915
388,Joshua Rojas,39280,0.5,Total Hits,5,2023-10-11T21:07:00,PHI,ATL,1,0.599271402550091,0.4007285974499089,0.9126941582060556
389,José Abreu,42407,0.5,Home Runs,5,2023-10-10T20:07:00,MIN,HOU,4,,,0.5
390,José Abreu,42407,0.5,Home Runs,5,2023-10-10T20:07:00,MIN,HOU,6,,,0.5
391,José Abreu,42407,0.5,Total Hits,5,2023-10-10T20:07:00,MIN,HOU,4,,,0.5
392,José Abreu,42407,0.5,Total Hits,5,2023-10-10T20:07:00,MIN,HOU,5,,,0.5
393,Julio Martinez,39934,0.5,Home Runs,5,2023-10-12T01:07:00,ARI,LAD,3,,,0.5
394,Julio Martinez,39934,0.5,Home Runs,5,2023-10-12T01:07:00,ARI,LAD,5,,,0.5
395,Julio Martinez,39934,0.5,Total Hits,5,2023-10-12T01:07:00,ARI,LAD,4,,,0.5
396,Julio Martinez,39934,0.5,Total Hits,5,2023-10-12T01:07:00,ARI,LAD,5,,,0.5
397,Justin Fields,35269,215.5,Pass Yards,1,2023-10-15T17:00:00,CHI,MIN,1,0.5,0.5,215.70227519389647
398,Justin Herbert,38387,283.5,Pass Yards,1,2023-10-17T00:15:00,LAC,DAL,1,0.5,0.5,283.70707763123374
399,Justin Reid,35333,4.5,Tackles+Ast,1,2023-10-13T00:15:00,KC,DEN,3,0.5221867633144635,0.4778132366855365,4.7896815458675
400,Justin Simmons,37741,5.5,Tackles+Ast,1,2023-10-13T00:15:00,KC,DEN,3,0.5202335935594048,0.4797664064405952,5.789583410582634
401,Justin Tucker,37980,1.5,FG,1,2023-10-15T13:30:00,TEN,BAL,1,0.4782333386100997,0.5217666613899002,1.6080501938655316
402,Justin Tucker,37980,2.5,Extra Points Made,1,2023-10-15T13:30:00,TEN,BAL,1,0.3683392958011673,0.6316607041988326,2.168955016316876
403,Justin Tucker,37980,6.5,Kicking Points,1,2023-10-15T13:30:00,TEN,BAL,3,0.5033251821758262,0.4966748178241739,6.688597008774917
404,Justin Watson,35335,21.5,Receiving Yards,1,2023-10-13T00:15:00,KC,DEN,8,0.5096170538012372,0.4903829461987626,22.11166612160607
405,Justin Watson,35335,22.5,Receiving Yards,1,2023-10-13T00:15:00,KC,DEN,5,0.4979503996720639,0.502049600327936,22.11166612160607
406,Kadarius Toney,34000,15.5,bt66,1,2023-10-13T00:15:00,KC,DEN,5,0.4994552552188946,0.5005447447811053,15.660997303535783
407,Kadarius Toney,34000,31.5,Receiving Yards,1,2023-10-13T00:15:00,KC,DEN,5,0.494336295234436,0.505663704765564,31.61111203637238
408,Kadarius Toney,242865,31.5,Receiving Yards,1,2023-10-13T00:15:00,KC,DEN,1,0.5,0.5,31.61111203637238
409,Kaedin Robinson,68797,59.5,Receiving Yards,2,2023-10-10T23:30:00,APP,CC,8,0.4994922129231163,0.5005077870768837,59.67534931395491
410,Kaidon Salter,64340,1.5,Pass Touchdowns,2,2023-10-10T23:30:00,JVS,LIB,5,0.5961525214487202,0.4038474785512798,2.005843867301243
411,Kaidon Salter,64340,42.5,Rush Yards,2,2023-10-10T23:30:00,JVS,LIB,3,0.5,0.5,46.40698993189705
412,Kaidon Salter,64340,44.5,Rush Yards,2,2023-10-10T23:30:00,JVS,LIB,2,0.5020774472328402,0.4979225527671597,46.40698993189705
413,Kaidon Salter,64340,53.5,Rush Yards,2,2023-10-10T23:30:00,JVS,LIB,2,0.5,0.5,46.40698993189705
414,Kaidon Salter,64340,230.5,Pass Yards,2,2023-10-10T23:30:00,JVS,LIB,2,0.5020774472328402,0.4979225527671597,231.44017640955047
415,Kaidon Salter,64340,231.5,Pass Yards,2,2023-10-10T23:30:00,JVS,LIB,5,0.5,0.5,231.44017640955047
416,Kaleb Johnson,28752,59.5,Rush Yards,2,2023-10-14T20:00:00,WIS,IOW,2,0.5,0.5,59.685315885533946
417,Kareem Jackson,38820,6.0,Tackles+Ast,1,2023-10-13T00:15:00,KC,DEN,1,0.5,0.5,6.337659056713865
418,Kareem Jackson,38820,6.5,Tackles+Ast,1,2023-10-13T00:15:00,KC,DEN,2,0.4610098558949826,0.5389901441050173,6.337659056713865
419,Keegan Shoemaker,193673,225.5,Pass Yards,2,2023-10-12T01:00:00,NMS,SHS,1,0.5,0.5,225.7033687995809
420,Keenan Allen,38673,74.5,Receiving Yards,1,2023-10-17T00:15:00,LAC,DAL,1,0.5,0.5,74.68691466742436
421,Kelsey Plum,410285,2.5,3P,7,2023-10-12T01:00:00,LVA,NYL,7,0.5315500058086934,0.4684499941913067,2.8016271868348968
422,Kelsey Plum,410285,3.5,AST,7,2023-10-12T01:00:00,LVA,NYL,1,0.4373408272591551,0.5626591727408448,3.9009397015045497
423,Kelsey Plum,410285,4.0,AST,7,2023-10-12T01:00:00,LVA,NYL,2,0.5,0.5,3.9009397015045497
424,Kelsey Plum,410285,18.5,PTS,7,2023-10-12T01:00:00,LVA,NYL,2,0.5318481012658227,0.4681518987341772,19.257899697619465
425,Kelsey Plum,410285,19.0,PTS,7,2023-10-12T01:00:00,LVA,NYL,1,0.5,0.5,19.257899697619465
426,Kelsey Plum,410285,19.5,PTS,7,2023-10-12T01:00:00,LVA,NYL,8,0.468646605076675,0.531353394923325,19.257899697619465
427,Kenneth Walker,35833,64.5,Rush Yards,1,2023-10-15T17:00:00,CIN,SEA,2,0.5,0.5,64.68571309857383
428,Ketel Marte,39273,0.5,Home Runs,5,2023-10-12T01:07:00,ARI,LAD,5,,,0.5
429,Ketel Marte,39273,0.5,Home Runs,5,2023-10-12T01:07:00,ARI,LAD,7,,,0.5
430,Ketel Marte,39273,0.5,Total Hits,5,2023-10-12T01:07:00,ARI,LAD,4,,,0.5
431,Ketel Marte,39273,0.5,Total Hits,5,2023-10-12T01:07:00,ARI,LAD,5,,,0.5
432,Kevin Byard,7717,5.5,Tackles+Ast,1,2023-10-15T13:30:00,TEN,BAL,1,0.5531514581373471,0.4468485418626529,5.989923431318805
433,Kole Taylor,228306,29.5,Receiving Yards,2,2023-10-12T23:00:00,HOU,WVU,1,0.5,0.5,29.67929361770033
434,Kyle Hamilton,36626,4.5,Tackles+Ast,1,2023-10-15T13:30:00,TEN,BAL,1,0.5752349079675634,0.4247650920324366,5.088403728281847
435,Kyle Schwarber,41564,0.5,Home Runs,5,2023-10-11T21:07:00,PHI,ATL,4,,,0.5
436,Kyle Schwarber,41564,0.5,Home Runs,5,2023-10-11T21:07:00,PHI,ATL,6,,,0.5
437,Kyle Schwarber,41564,0.5,Total Bases,5,2023-10-11T21:07:00,PHI,ATL,4,0.5811244177925599,0.41887558220744,0.8685744955999329
438,Kyle Schwarber,41564,0.5,Total Hits,5,2023-10-11T21:07:00,PHI,ATL,4,,,0.5
439,Kyle Schwarber,41564,0.5,Total Hits,5,2023-10-11T21:07:00,PHI,ATL,5,,,0.5
440,Kyle Tucker,42270,0.5,Home Runs,5,2023-10-10T20:07:00,MIN,HOU,4,,,0.5
441,Kyle Tucker,42270,0.5,Home Runs,5,2023-10-10T20:07:00,MIN,HOU,6,,,0.5
442,Kyle Tucker,42270,0.5,Total Hits,5,2023-10-10T20:07:00,MIN,HOU,12,,,0.5
443,Kyle Tucker,42270,0.5,Total Hits,5,2023-10-10T20:07:00,MIN,HOU,13,,,0.5
444,Kyren Williams,38869,56.5,Rush Yards,1,2023-10-15T20:25:00,LAR,ARI,1,0.5,0.5,56.68419824144895
445,Lamar Jackson,36635,0.5,INT,1,2023-10-15T13:30:00,TEN,BAL,4,0.493232336059136,0.5067676639408639,0.6783062018621236
446,Lamar Jackson,36635,1.5,Pass Touchdowns,1,2023-10-15T13:30:00,TEN,BAL,4,0.3846641506049239,0.615335849395076,1.334026131773781
447,Lamar Jackson,36635,35.5,Pass Attempts,1,2023-10-15T13:30:00,TEN,BAL,3,0.5035080643547115,0.4964919356452884,35.73337980459721
448,Lamar Jackson,36635,42.5,Rush Yards,1,2023-10-15T13:30:00,TEN,BAL,5,0.4979080456877931,0.5020919543122069,42.647468383863234
449,Lamar Jackson,36635,221.5,Pass Yards,1,2023-10-15T13:30:00,TEN,BAL,5,0.5001474343443444,0.4998525656556555,221.7078534513116
450,Leody Taveras,5629,0.5,Home Runs,5,2023-10-11T00:03:00,TEX,BAL,4,,,0.5
451,Leody Taveras,5629,0.5,Home Runs,5,2023-10-11T00:03:00,TEX,BAL,6,,,0.5
452,Leody Taveras,5629,0.5,Total Bases,5,2023-10-11T00:03:00,TEX,BAL,8,0.5732014100229561,0.4267985899770438,0.8495626700873556
453,Leody Taveras,5629,0.5,Total Hits,5,2023-10-11T00:03:00,TEX,BAL,11,,,0.5
454,Leody Taveras,5629,0.5,Total Hits,5,2023-10-11T00:03:00,TEX,BAL,12,,,0.5
455,Lourdes Gurriel Jr.,39902,0.5,Home Runs,5,2023-10-12T01:07:00,ARI,LAD,3,,,0.5
456,Lourdes Gurriel Jr.,39902,0.5,Home Runs,5,2023-10-12T01:07:00,ARI,LAD,4,,,0.5
457,Lourdes Gurriel Jr.,39902,0.5,Total Hits,5,2023-10-12T01:07:00,ARI,LAD,4,0.6353793656783728,0.3646206343216273,1.0066947335727372
458,Malik Jackson,31210,87.5,Rush Yards,2,2023-10-10T23:30:00,JVS,LIB,1,0.5,0.5,89.18938600481835
459,Malik Jackson,31210,90.5,Rush Yards,2,2023-10-10T23:30:00,JVS,LIB,1,0.5,0.5,89.18938600481835
460,Malik Phillips,415328,30.5,Receiving Yards,2,2023-10-12T01:00:00,NMS,SHS,1,0.5,0.5,30.67989403513896
461,Marcell Ozuna,41519,0.5,Home Runs,5,2023-10-11T21:07:00,PHI,ATL,4,,,0.5
462,Marcell Ozuna,41519,0.5,Home Runs,5,2023-10-11T21:07:00,PHI,ATL,6,,,0.5
463,Marcell Ozuna,41519,0.5,Total Hits,5,2023-10-11T21:07:00,PHI,ATL,4,,,0.5
464,Marcell Ozuna,41519,0.5,Total Hits,5,2023-10-11T21:07:00,PHI,ATL,5,,,0.5
465,Marcus Semien,40345,0.5,Home Runs,5,2023-10-11T00:03:00,TEX,BAL,5,,,0.5
466,Marcus Semien,40345,0.5,Home Runs,5,2023-10-11T00:03:00,TEX,BAL,7,,,0.5
467,Marcus Semien,40345,0.5,Total Hits,5,2023-10-11T00:03:00,TEX,BAL,7,,,0.6607750014729663
468,Marcus Semien,40345,0.5,Total Hits,5,2023-10-11T00:03:00,TEX,BAL,8,,,0.6607750014729663
469,Marcus Semien,40345,1.5,Total Hits,5,2023-10-11T00:03:00,TEX,BAL,5,0.3161222339304531,0.6838777660695469,0.6607750014729663
470,Marcus Williams,38513,4.5,Tackles+Ast,1,2023-10-15T13:30:00,TEN,BAL,1,0.4375689084895259,0.5624310915104742,4.3448797170331845
471,Mark Andrews,38773,53.5,Receiving Yards,1,2023-10-15T13:30:00,TEN,BAL,7,0.5012228613637116,0.4987771386362884,53.70661669352982
472,Markus Betts,40441,0.5,Home Runs,5,2023-10-12T01:07:00,ARI,LAD,4,,,0.5
473,Markus Betts,40441,0.5,Home Runs,5,2023-10-12T01:07:00,ARI,LAD,6,,,0.5
474,Markus Betts,40441,0.5,Total Hits,5,2023-10-12T01:07:00,ARI,LAD,1,,,0.8273723990395366
475,Markus Betts,40441,0.5,Total Hits,5,2023-10-12T01:07:00,ARI,LAD,2,,,0.8273723990395366
476,Markus Betts,40441,1.5,Total Hits,5,2023-10-12T01:07:00,ARI,LAD,3,0.3203772764230237,0.6796227235769762,0.8273723990395366
477,Marquez Valdes-Scantling,36287,13.5,bt66,1,2023-10-13T00:15:00,KC,DEN,5,0.4931448119055864,0.5068551880944134,13.602881558352497
478,Marquez Valdes-Scantling,36287,18.5,Receiving Yards,1,2023-10-13T00:15:00,KC,DEN,13,0.4964066547919198,0.5035933452080802,18.62854738589758
479,Marquise Brown,37740,54.5,Receiving Yards,1,2023-10-15T20:25:00,LAR,ARI,1,0.5,0.5,56.18430833770252
480,Marquise Brown,37740,57.5,Receiving Yards,1,2023-10-15T20:25:00,LAR,ARI,1,0.5,0.5,56.18430833770252
481,Martín Maldonado,41042,0.5,Home Runs,5,2023-10-10T20:07:00,MIN,HOU,4,,,0.5
482,Martín Maldonado,41042,0.5,Home Runs,5,2023-10-10T20:07:00,MIN,HOU,6,,,0.5
483,Martín Maldonado,41042,0.5,Total Bases,5,2023-10-10T20:07:00,MIN,HOU,7,0.4015892927341462,0.5984107072658538,0.5121457003704482
484,Martín Maldonado,41042,0.5,Total Hits,5,2023-10-10T20:07:00,MIN,HOU,7,,,0.5
485,Martín Maldonado,41042,0.5,Total Hits,5,2023-10-10T20:07:00,MIN,HOU,8,,,0.5
486,Marvin Mims,404671,16.5,Receiving Yards,1,2023-10-13T00:15:00,KC,DEN,1,0.5,0.5,17.303171167580377
487,Marvin Mims,404671,17.5,Receiving Yards,1,2023-10-13T00:15:00,KC,DEN,2,0.4956341883305879,0.5043658116694121,17.303171167580377
488,Matthew Golden,224008,60.5,Receiving Yards,2,2023-10-12T23:00:00,HOU,WVU,1,0.5,0.5,60.68502939532911
489,Matthew Olson,42048,0.5,Home Runs,5,2023-10-11T21:07:00,PHI,ATL,4,,,0.5
490,Matthew Olson,42048,0.5,Home Runs,5,2023-10-11T21:07:00,PHI,ATL,6,,,0.5
491,Matthew Olson,42048,0.5,Total Bases,5,2023-10-11T21:07:00,PHI,ATL,4,0.583152152183816,0.4168478478161839,0.8734092548938884
492,Matthew Olson,42048,0.5,Total Hits,5,2023-10-11T21:07:00,PHI,ATL,4,,,0.5
493,Matthew Olson,42048,0.5,Total Hits,5,2023-10-11T21:07:00,PHI,ATL,5,,,0.5
494,Matthew Stafford,38227,268.5,Pass Yards,1,2023-10-15T20:25:00,LAR,ARI,1,0.5,0.5,270.20635825148054
495,Matthew Stafford,38227,271.5,Pass Yards,1,2023-10-15T20:25:00,LAR,ARI,1,0.5,0.5,270.20635825148054
496,Matthew Wallner,230873,0.5,Home Runs,5,2023-10-10T20:07:00,MIN,HOU,4,,,0.5
497,Matthew Wallner,230873,0.5,Home Runs,5,2023-10-10T20:07:00,MIN,HOU,6,,,0.5
498,Matthew Wallner,230873,0.5,Total Bases,5,2023-10-10T20:07:00,MIN,HOU,7,0.5515174596039912,0.4484825403960087,0.8002171936691979
499,Matthew Wallner,230873,0.5,Total Hits,5,2023-10-10T20:07:00,MIN,HOU,12,,,0.5
500,Matthew Wallner,230873,0.5,Total Hits,5,2023-10-10T20:07:00,MIN,HOU,13,,,0.5
501,Mauricio Dubón,42437,0.5,Home Runs,5,2023-10-10T20:07:00,MIN,HOU,1,,,0.5
502,Mauricio Dubón,42437,0.5,Total Hits,5,2023-10-10T20:07:00,MIN,HOU,1,,,0.5
503,Maximilian Kepler,41801,0.5,Home Runs,5,2023-10-10T20:07:00,MIN,HOU,4,,,0.5
504,Maximilian Kepler,41801,0.5,Home Runs,5,2023-10-10T20:07:00,MIN,HOU,6,,,0.5
505,Maximilian Kepler,41801,0.5,Total Hits,5,2023-10-10T20:07:00,MIN,HOU,12,,,0.5
506,Maximilian Kepler,41801,0.5,Total Hits,5,2023-10-10T20:07:00,MIN,HOU,13,,,0.5
507,Maxwell Muncy,39179,0.5,Home Runs,5,2023-10-12T01:07:00,ARI,LAD,4,,,0.5
508,Maxwell Muncy,39179,0.5,Home Runs,5,2023-10-12T01:07:00,ARI,LAD,6,,,0.5
509,Maxwell Muncy,39179,0.5,Total Hits,5,2023-10-12T01:07:00,ARI,LAD,4,,,0.5
510,Maxwell Muncy,39179,0.5,Total Hits,5,2023-10-12T01:07:00,ARI,LAD,5,,,0.5
511,Michael A. Taylor,41815,0.5,Home Runs,5,2023-10-10T20:07:00,MIN,HOU,2,,,0.5
512,Michael A. Taylor,41815,0.5,Home Runs,5,2023-10-10T20:07:00,MIN,HOU,3,,,0.5
513,Michael A. Taylor,41815,0.5,Total Bases,5,2023-10-10T20:07:00,MIN,HOU,7,0.4461983167154548,0.5538016832845453,0.5895136704012026
514,Michael A. Taylor,41815,0.5,Total Hits,5,2023-10-10T20:07:00,MIN,HOU,11,0.4564681242851302,0.5435318757148699,0.6082716647554952
515,Michael Austin Riley,39562,0.5,Home Runs,5,2023-10-11T21:07:00,PHI,ATL,4,,,0.5
516,Michael Austin Riley,39562,0.5,Home Runs,5,2023-10-11T21:07:00,PHI,ATL,6,,,0.5
517,Michael Austin Riley,39562,0.5,Total Hits,5,2023-10-11T21:07:00,PHI,ATL,4,,,0.5
518,Michael Austin Riley,39562,0.5,Total Hits,5,2023-10-11T21:07:00,PHI,ATL,5,,,0.5
519,Michael Brantley,41087,0.5,Home Runs,5,2023-10-10T20:07:00,MIN,HOU,4,,,0.5
520,Michael Brantley,41087,0.5,Home Runs,5,2023-10-10T20:07:00,MIN,HOU,6,,,0.5
521,Michael Brantley,41087,0.5,Total Hits,5,2023-10-10T20:07:00,MIN,HOU,12,,,0.5
522,Michael Brantley,41087,0.5,Total Hits,5,2023-10-10T20:07:00,MIN,HOU,13,,,0.5
523,Michael Harris II,39593,0.5,Home Runs,5,2023-10-11T21:07:00,PHI,ATL,4,,,0.5
524,Michael Harris II,39593,0.5,Home Runs,5,2023-10-11T21:07:00,PHI,ATL,6,,,0.5
525,Michael Harris II,39593,0.5,Total Bases,5,2023-10-11T21:07:00,PHI,ATL,4,0.5918333155997446,0.4081666844002554,0.8943753346498966
526,Michael Harris II,39593,0.5,Total Hits,5,2023-10-11T21:07:00,PHI,ATL,4,,,0.5
527,Michael Harris II,39593,0.5,Total Hits,5,2023-10-11T21:07:00,PHI,ATL,5,,,0.5
528,Michael Lynn,42228,3.5,Pitcher Strikeouts,5,2023-10-12T01:07:00,ARI,LAD,7,0.4664216205953488,0.533578379404651,3.512044384708908
529,Michael Pittman,36251,64.5,Receiving Yards,1,2023-10-15T17:00:00,JAX,IND,1,0.5,0.5,64.68571309857383
530,Michael Thomas,37480,55.5,Receiving Yards,1,2023-10-15T17:00:00,HOU,NO,1,0.5,0.5,55.68443649466717
531,Miguel Rojas,39676,0.5,Home Runs,5,2023-10-12T01:07:00,ARI,LAD,3,,,0.5
532,Miguel Rojas,39676,0.5,Home Runs,5,2023-10-12T01:07:00,ARI,LAD,5,,,0.5
533,Miguel Rojas,39676,0.5,Total Bases,5,2023-10-12T01:07:00,ARI,LAD,5,0.5928136539710762,0.4071863460289239,0.896770723777301
534,Miguel Rojas,39676,0.5,Total Hits,5,2023-10-12T01:07:00,ARI,LAD,3,,,0.5
535,Miguel Rojas,39676,0.5,Total Hits,5,2023-10-12T01:07:00,ARI,LAD,4,,,0.5
536,Mike Evans,36822,60.5,Receiving Yards,1,2023-10-15T20:25:00,TB,DET,1,0.5,0.5,60.68502939532911
537,Mitchell Garver,41159,0.5,Home Runs,5,2023-10-11T00:03:00,TEX,BAL,4,,,0.5
538,Mitchell Garver,41159,0.5,Home Runs,5,2023-10-11T00:03:00,TEX,BAL,6,,,0.5
539,Mitchell Garver,41159,0.5,Total Bases,5,2023-10-11T00:03:00,TEX,BAL,7,0.6006568261341592,0.3993431738658409,0.9161434426406052
540,Mitchell Garver,41159,0.5,Total Hits,5,2023-10-11T00:03:00,TEX,BAL,12,,,0.5
541,Mitchell Garver,41159,0.5,Total Hits,5,2023-10-11T00:03:00,TEX,BAL,13,,,0.5
542,Nate Noel,224068,104.5,Rush Yards,2,2023-10-10T23:30:00,APP,CC,2,0.4947698744769875,0.5052301255230125,105.90178903121412
543,Nate Noel,224068,105.5,Rush Yards,2,2023-10-10T23:30:00,APP,CC,4,0.5092348588591352,0.4907651411408646,105.90178903121412
544,Nate Noel,224068,106.5,Rush Yards,2,2023-10-10T23:30:00,APP,CC,1,0.5,0.5,105.90178903121412
545,Nate Noel,224068,107.5,Rush Yards,2,2023-10-10T23:30:00,APP,CC,1,0.5,0.5,105.90178903121412
546,Nathan Eovaldi,40009,4.5,Pitcher Strikeouts,5,2023-10-11T00:03:00,TEX,BAL,16,0.4847391568350296,0.5152608431649702,4.587432706474337
547,Nicholas Castellanos,41551,0.5,Home Runs,5,2023-10-11T21:07:00,PHI,ATL,4,,,0.5
548,Nicholas Castellanos,41551,0.5,Home Runs,5,2023-10-11T21:07:00,PHI,ATL,6,,,0.5
549,Nicholas Castellanos,41551,0.5,Total Bases,5,2023-10-11T21:07:00,PHI,ATL,4,0.6018672821932707,0.3981327178067294,0.9191668302095438
550,Nicholas Castellanos,41551,0.5,Total Hits,5,2023-10-11T21:07:00,PHI,ATL,4,,,0.5
551,Nicholas Castellanos,41551,0.5,Total Hits,5,2023-10-11T21:07:00,PHI,ATL,5,,,0.5
552,Nicholas Vattiato,145250,1.5,Pass Touchdowns,2,2023-10-10T23:00:00,MTS,LT,5,0.5095587711894569,0.4904412288105431,1.7067004277825155
553,Nicholas Vattiato,145250,259.5,Pass Yards,2,2023-10-10T23:00:00,MTS,LT,3,0.5,0.5,263.5058736360303
554,Nicholas Vattiato,145250,267.5,Pass Yards,2,2023-10-10T23:00:00,MTS,LT,1,0.5,0.5,263.5058736360303
555,Nicholas Vattiato,145250,270.5,Pass Yards,2,2023-10-10T23:00:00,MTS,LT,1,0.5,0.5,263.5058736360303
556,Nick Folk,36428,1.5,Extra Points Made,1,2023-10-15T13:30:00,TEN,BAL,1,0.5401900804186387,0.4598099195813613,1.80773251360276
557,Nick Folk,36428,1.5,FG,1,2023-10-15T13:30:00,TEN,BAL,1,0.4637964774951076,0.5362035225048923,1.5633738582828742
558,Nick Folk,36428,5.5,Kicking Points,1,2023-10-15T13:30:00,TEN,BAL,3,0.5355831539854043,0.4644168460145957,5.882255160309552
559,Nico Collins,38015,55.5,Receiving Yards,1,2023-10-15T17:00:00,HOU,NO,1,0.5,0.5,55.68443649466717
560,Nico Ragaini,187466,1.5,bt15,2,2023-10-14T20:00:00,WIS,IOW,1,0.5,0.5,1.6763142872545185
561,Nico Ragaini,187466,16.5,Receiving Yards,2,2023-10-14T20:00:00,WIS,IOW,2,0.5048789602624257,0.4951210397375743,16.716339855832896
562,Orlando Arcia,39547,0.5,Home Runs,5,2023-10-11T21:07:00,PHI,ATL,4,,,0.5
563,Orlando Arcia,39547,0.5,Home Runs,5,2023-10-11T21:07:00,PHI,ATL,6,,,0.5
564,Orlando Arcia,39547,0.5,Total Bases,5,2023-10-11T21:07:00,PHI,ATL,4,0.5875879479324361,0.412412052067564,0.8840675254331106
565,Orlando Arcia,39547,0.5,Total Hits,5,2023-10-11T21:07:00,PHI,ATL,4,,,0.5
566,Orlando Arcia,39547,0.5,Total Hits,5,2023-10-11T21:07:00,PHI,ATL,5,,,0.5
567,Ozhanio Albies,39543,0.5,Home Runs,5,2023-10-11T21:07:00,PHI,ATL,4,,,0.5
568,Ozhanio Albies,39543,0.5,Home Runs,5,2023-10-11T21:07:00,PHI,ATL,6,,,0.5
569,Ozhanio Albies,39543,0.5,Total Hits,5,2023-10-11T21:07:00,PHI,ATL,4,,,0.5
570,Ozhanio Albies,39543,0.5,Total Hits,5,2023-10-11T21:07:00,PHI,ATL,5,,,0.5
571,Pat Surtain,38316,3.5,Tackles+Ast,1,2023-10-13T00:15:00,KC,DEN,1,0.5294129181536531,0.470587081846347,3.811700101176262
572,Patrick Mahomes,37657,0.5,INT,1,2023-10-13T00:15:00,KC,DEN,12,0.4721381370801026,0.5278618629198973,0.6375259368524137
573,Patrick Mahomes,37657,2.5,Pass Touchdowns,1,2023-10-13T00:15:00,KC,DEN,13,0.3980117692130532,0.6019882307869469,2.27979571688634
574,Patrick Mahomes,37657,19.5,Rush Yards,1,2023-10-13T00:15:00,KC,DEN,1,0.5,0.5,20.0572874702233
575,Patrick Mahomes,37657,20.5,Rush Yards,1,2023-10-13T00:15:00,KC,DEN,1,0.4796954314720812,0.5203045685279188,20.0572874702233
576,Patrick Mahomes,37657,24.5,Pass Completions,1,2023-10-13T00:15:00,KC,DEN,2,0.463621419725064,0.536378580274936,24.227702355830303
577,Patrick Mahomes,37657,35.5,Longest Pass Completion,1,2023-10-13T00:15:00,KC,DEN,2,0.4949301593919982,0.5050698406080019,35.604539588368
578,Patrick Mahomes,37657,36.5,Pass Attempts,1,2023-10-13T00:15:00,KC,DEN,6,0.5034531586389864,0.4965468413610137,36.73370596430106
579,Patrick Mahomes,37657,265.5,Pass Yards,1,2023-10-13T00:15:00,KC,DEN,1,0.5101214574898786,0.4898785425101215,272.3058006564009
580,Patrick Mahomes,37657,268.5,Pass Yards,1,2023-10-13T00:15:00,KC,DEN,1,0.5,0.5,272.3058006564009
581,Patrick Mahomes,37657,270.5,Pass Yards,1,2023-10-13T00:15:00,KC,DEN,1,0.5,0.5,272.3058006564009
582,Patrick Mahomes,37657,272.5,Pass Yards,1,2023-10-13T00:15:00,KC,DEN,5,0.4979503996720639,0.502049600327936,272.3058006564009
583,Patrick Mahomes,37657,273.5,Pass Yards,1,2023-10-13T00:15:00,KC,DEN,7,0.5,0.5,272.3058006564009
584,Patrick Mahomes,37657,292.5,Pass+Rush Yds,1,2023-10-13T00:15:00,KC,DEN,1,0.5,0.5,292.7084825165772
585,Patrick Queen,36624,6.5,Tackles+Ast,1,2023-10-15T13:30:00,TEN,BAL,1,0.5531514581373471,0.4468485418626529,7.089923048258592
586,Patrick Queen,36624,7.0,Tackles+Ast,1,2023-10-15T13:30:00,TEN,BAL,1,0.5,0.5,7.089923048258592
587,Perry Carter,414994,35.5,Receiving Yards,2,2023-10-10T23:30:00,JVS,LIB,2,0.4979225527671597,0.5020774472328402,37.81491993995156
588,Perry Carter,414994,38.5,Receiving Yards,2,2023-10-10T23:30:00,JVS,LIB,5,0.5,0.5,37.81491993995156
589,Preston Stone,68879,14.5,Rush Yards,2,2023-10-12T23:30:00,ECU,SMU,1,0.5,0.5,14.665773603468075
590,Preston Stone,68879,260.5,Pass Yards,2,2023-10-12T23:30:00,ECU,SMU,1,0.5,0.5,260.7056862268464
591,Puka Nacua,410885,71.5,Receiving Yards,1,2023-10-15T20:25:00,LAR,ARI,1,0.5,0.5,71.68710072365953
592,Quayvon Cyrus,420726,60.5,Receiving Yards,2,2023-10-10T23:00:00,MTS,LT,4,0.5,0.5,60.68502939532911
593,Quinton Cooley,204318,73.5,Rush Yards,2,2023-10-10T23:30:00,JVS,LIB,2,0.4979225527671597,0.5020774472328402,75.10308738354534
594,Quinton Cooley,204318,75.5,Rush Yards,2,2023-10-10T23:30:00,JVS,LIB,5,0.5,0.5,75.10308738354534
595,Quinton Lane,47238,26.5,Receiving Yards,2,2023-10-10T23:30:00,JVS,LIB,2,0.4947698744769875,0.5052301255230125,28.08324671468966
596,Quinton Lane,47238,27.5,Receiving Yards,2,2023-10-10T23:30:00,JVS,LIB,4,0.5,0.5,28.08324671468966
597,Quinton Lane,47238,32.5,Receiving Yards,2,2023-10-10T23:30:00,JVS,LIB,1,0.5,0.5,28.08324671468966
598,RJ Maryland,105562,37.5,Receiving Yards,2,2023-10-12T23:30:00,ECU,SMU,1,0.5,0.5,37.680687977819176
599,Rachaad White,37510,51.5,Rush Yards,1,2023-10-15T20:25:00,TB,DET,1,0.5,0.5,51.68336903398348
600,Rahjai Harris,124329,49.5,Rush Yards,2,2023-10-12T23:30:00,ECU,SMU,1,0.5,0.5,49.68369515994902
601,Ramón Urías,42157,0.5,Home Runs,5,2023-10-11T00:03:00,TEX,BAL,4,,,0.5
602,Ramón Urías,42157,0.5,Home Runs,5,2023-10-11T00:03:00,TEX,BAL,5,,,0.5
603,Ramón Urías,42157,0.5,Total Bases,5,2023-10-11T00:03:00,TEX,BAL,4,0.5683161835550181,0.4316838164449818,0.8382313246237841
604,Ramón Urías,42157,0.5,Total Hits,5,2023-10-11T00:03:00,TEX,BAL,4,0.5646435121579547,0.4353564878420451,0.8297961362327015
605,Rashee Rice,410796,15.5,bt66,1,2023-10-13T00:15:00,KC,DEN,6,0.4998696621908003,0.5001303378091997,15.665062622394572
606,Rashee Rice,410796,28.5,Receiving Yards,1,2023-10-13T00:15:00,KC,DEN,6,0.5016859680110886,0.4983140319889113,29.249629056434063
607,Rashee Rice,410796,29.5,Receiving Yards,1,2023-10-13T00:15:00,KC,DEN,7,0.5029700620819322,0.4970299379180679,29.249629056434063
608,Roger McCreary,38748,4.5,Tackles+Ast,1,2023-10-15T13:30:00,TEN,BAL,2,0.5076424317567431,0.4923575682432569,4.709856977687328
609,Ronald Acuña Jr.,39575,0.5,Home Runs,5,2023-10-11T21:07:00,PHI,ATL,2,,,0.5
610,Ronald Acuña Jr.,39575,0.5,Home Runs,5,2023-10-11T21:07:00,PHI,ATL,4,,,0.5
611,Ronald Acuña Jr.,39575,0.5,Total Hits,5,2023-10-11T21:07:00,PHI,ATL,1,,,1.1181461068540322
612,Ronald Acuña Jr.,39575,1.5,Total Hits,5,2023-10-11T21:07:00,PHI,ATL,3,0.3811803131658431,0.6188196868341568,1.1181461068540322
613,Roquan Smith,36946,9.5,Tackles+Ast,1,2023-10-15T13:30:00,TEN,BAL,1,0.5401900804186387,0.4598099195813613,9.983542671041077
614,Royce Lewis,41775,0.5,Home Runs,5,2023-10-10T20:07:00,MIN,HOU,5,,,0.5
615,Royce Lewis,41775,0.5,Home Runs,5,2023-10-10T20:07:00,MIN,HOU,7,,,0.5
616,Royce Lewis,41775,0.5,Total Hits,5,2023-10-10T20:07:00,MIN,HOU,12,,,0.5
617,Royce Lewis,41775,0.5,Total Hits,5,2023-10-10T20:07:00,MIN,HOU,13,,,0.5
618,Russell Wilson,38300,0.5,INT,1,2023-10-13T00:15:00,KC,DEN,12,0.4926379984342502,0.5073620015657497,0.6771405770747393
619,Russell Wilson,38300,1.5,Pass Touchdowns,1,2023-10-13T00:15:00,KC,DEN,13,0.3703689431273128,0.6296310568726873,1.2938231197714236
620,Russell Wilson,38300,19.5,Rush Yards,1,2023-10-13T00:15:00,KC,DEN,1,0.5,0.5,20.64110167736168
621,Russell Wilson,38300,20.5,Rush Yards,1,2023-10-13T00:15:00,KC,DEN,14,0.5037934100242273,0.4962065899757725,20.64110167736168
622,Russell Wilson,38300,20.5,Pass Completions,1,2023-10-13T00:15:00,KC,DEN,6,0.5304384086581738,0.4695615913418261,21.050519098945667
623,Russell Wilson,38300,21.5,Pass Completions,1,2023-10-13T00:15:00,KC,DEN,2,0.4548053337267848,0.5451946662732152,21.050519098945667
624,Russell Wilson,38300,33.5,Longest Pass Completion,1,2023-10-13T00:15:00,KC,DEN,13,0.4879177255662651,0.512082274433735,33.5
625,Russell Wilson,38300,34.5,Pass Attempts,1,2023-10-13T00:15:00,KC,DEN,1,0.5,0.5,34.68048426904521
626,Russell Wilson,38300,225.5,Pass Yards,1,2023-10-13T00:15:00,KC,DEN,1,0.5101214574898786,0.4898785425101215,227.07441114229064
627,Russell Wilson,38300,226.5,Pass Yards,1,2023-10-13T00:15:00,KC,DEN,7,0.495960063925815,0.5040399360741848,227.07441114229064
628,Russell Wilson,38300,227.5,Pass Yards,1,2023-10-13T00:15:00,KC,DEN,6,0.4982920051795341,0.5017079948204657,227.07441114229064
629,Russell Wilson,38300,228.5,Pass Yards,1,2023-10-13T00:15:00,KC,DEN,1,0.5,0.5,227.07441114229064
630,Russell Wilson,38300,248.5,Pass+Rush Yds,1,2023-10-13T00:15:00,KC,DEN,1,0.5,0.5,251.2727672897208
631,Russell Wilson,38300,251.5,Pass+Rush Yds,1,2023-10-13T00:15:00,KC,DEN,5,0.502049600327936,0.4979503996720639,251.2727672897208
632,Ryan Jeffers,42200,0.5,Home Runs,5,2023-10-10T20:07:00,MIN,HOU,5,,,0.5
633,Ryan Jeffers,42200,0.5,Home Runs,5,2023-10-10T20:07:00,MIN,HOU,7,,,0.5
634,Ryan Jeffers,42200,0.5,Total Bases,5,2023-10-10T20:07:00,MIN,HOU,10,0.5098232161913338,0.4901767838086662,0.711413719592569
635,Ryan Jeffers,42200,0.5,Total Hits,5,2023-10-10T20:07:00,MIN,HOU,12,,,0.5
636,Ryan Jeffers,42200,0.5,Total Hits,5,2023-10-10T20:07:00,MIN,HOU,13,,,0.5
637,Ryan Mountcastle,40830,0.5,Home Runs,5,2023-10-11T00:03:00,TEX,BAL,4,,,0.5
638,Ryan Mountcastle,40830,0.5,Home Runs,5,2023-10-11T00:03:00,TEX,BAL,6,,,0.5
639,Ryan Mountcastle,40830,0.5,Total Hits,5,2023-10-11T00:03:00,TEX,BAL,12,,,0.5
640,Ryan Mountcastle,40830,0.5,Total Hits,5,2023-10-11T00:03:00,TEX,BAL,13,,,0.5
641,Ryan O'Hearn,41020,0.5,Home Runs,5,2023-10-11T00:03:00,TEX,BAL,4,,,0.5
642,Ryan O'Hearn,41020,0.5,Home Runs,5,2023-10-11T00:03:00,TEX,BAL,6,,,0.5
643,Ryan O'Hearn,41020,0.5,Total Bases,5,2023-10-11T00:03:00,TEX,BAL,8,0.6125449295262541,0.387455070473746,0.9462379230130272
644,Ryan O'Hearn,41020,0.5,Total Hits,5,2023-10-11T00:03:00,TEX,BAL,12,,,0.5
645,Ryan O'Hearn,41020,0.5,Total Hits,5,2023-10-11T00:03:00,TEX,BAL,13,,,0.5
646,Ryan Tannehill,36409,0.5,INT,1,2023-10-15T13:30:00,TEN,BAL,5,0.5076148654685189,0.4923851345314811,0.7069423031002277
647,Ryan Tannehill,36409,1.5,Pass Touchdowns,1,2023-10-15T13:30:00,TEN,BAL,5,0.3343300541488614,0.6656699458511385,1.193061584531499
648,Ryan Tannehill,36409,8.5,Rush Yards,1,2023-10-15T13:30:00,TEN,BAL,7,0.4962533859024658,0.5037466140975343,8.63970470695489
649,Ryan Tannehill,36409,35.5,Pass Attempts,1,2023-10-15T13:30:00,TEN,BAL,4,0.498318474968648,0.5016815250313519,35.65548394058312
650,Ryan Tannehill,36409,210.5,Pass Yards,1,2023-10-15T13:30:00,TEN,BAL,7,0.5009407059228975,0.4990592940771025,210.7356408523549
651,Sabrina Ionescu,410214,2.5,3P,7,2023-10-12T01:00:00,LVA,NYL,7,0.5563778171804535,0.4436221828195465,2.907832821473786
652,Sabrina Ionescu,410214,4.5,AST,7,2023-10-12T01:00:00,LVA,NYL,11,0.4990918077242715,0.5009081922757285,4.664183569686416
653,Sabrina Ionescu,410214,4.5,TRB,7,2023-10-12T01:00:00,LVA,NYL,11,0.5049357307693081,0.4950642692306918,4.695364989543253
654,Sabrina Ionescu,410214,15.5,PTS,7,2023-10-12T01:00:00,LVA,NYL,1,0.5,0.5,16.184264070581378
655,Sabrina Ionescu,410214,16.0,PTS,7,2023-10-12T01:00:00,LVA,NYL,2,0.5,0.5,16.184264070581378
656,Sabrina Ionescu,410214,16.5,PTS,7,2023-10-12T01:00:00,LVA,NYL,8,0.4583029921320105,0.5416970078679895,16.184264070581378
657,Sabrina Ionescu,410214,24.5,PTS+TRB+AST,7,2023-10-12T01:00:00,LVA,NYL,1,0.5203045685279188,0.4796954314720812,24.920894772527607
658,Sam Howell,37456,227.5,Pass Yards,1,2023-10-15T17:00:00,ATL,WAS,1,0.5,0.5,227.7029916725712
659,Sam Pinckney,31360,79.5,Receiving Yards,2,2023-10-10T23:30:00,APP,CC,2,0.4979225527671597,0.5020774472328402,82.42663980777826
660,Sam Pinckney,31360,82.5,Receiving Yards,2,2023-10-10T23:30:00,APP,CC,4,0.5,0.5,82.42663980777826
661,Sam Pinckney,31360,84.5,Receiving Yards,2,2023-10-10T23:30:00,APP,CC,2,0.5,0.5,82.42663980777826
662,Sean Murphy-Bunting,38639,4.5,Tackles+Ast,1,2023-10-15T13:30:00,TEN,BAL,1,0.4665814822095537,0.5334185177904462,4.4967566345771735
663,Senger Peralta,41030,0.5,Home Runs,5,2023-10-12T01:07:00,ARI,LAD,3,,,0.5
664,Senger Peralta,41030,0.5,Home Runs,5,2023-10-12T01:07:00,ARI,LAD,5,,,0.5
665,Senger Peralta,41030,0.5,Total Bases,5,2023-10-12T01:07:00,ARI,LAD,4,0.6187740148822117,0.3812259851177881,0.9623735835489512
666,Senger Peralta,41030,0.5,Total Hits,5,2023-10-12T01:07:00,ARI,LAD,3,,,0.5
667,Senger Peralta,41030,0.5,Total Hits,5,2023-10-12T01:07:00,ARI,LAD,4,,,0.5
668,Seth Anderson,201825,15.5,Receiving Yards,2,2023-10-14T20:00:00,WIS,IOW,1,0.4796954314720812,0.5203045685279188,15.475640711563804
669,Skyler Bell,144136,11.5,Receiving Yards,2,2023-10-14T20:00:00,WIS,IOW,1,0.5,0.5,11.666609705727254
670,Skyy Moore,36021,27.5,Receiving Yards,1,2023-10-13T00:15:00,KC,DEN,7,0.5001943121786816,0.4998056878213184,28.12774730432909
671,Skyy Moore,36021,28.5,Receiving Yards,1,2023-10-13T00:15:00,KC,DEN,6,0.4983140319889113,0.5016859680110886,28.12774730432909
672,Smoke Harris,213505,64.5,Receiving Yards,2,2023-10-10T23:00:00,MTS,LT,2,0.4979225527671597,0.5020774472328402,68.95998187718043
673,Smoke Harris,213505,67.5,Receiving Yards,2,2023-10-10T23:00:00,MTS,LT,2,0.5,0.5,68.95998187718043
674,Smoke Harris,213505,72.5,Receiving Yards,2,2023-10-10T23:00:00,MTS,LT,3,0.5,0.5,68.95998187718043
675,Sonny Gray,3009,3.5,Pitcher Strikeouts,5,2023-10-10T20:07:00,MIN,HOU,4,0.5652608046942299,0.43473919530577,4.178463302185511
676,Sonny Gray,3009,4.0,Pitcher Strikeouts,5,2023-10-10T20:07:00,MIN,HOU,2,0.5,0.5,4.178463302185511
677,Sonny Gray,3009,4.5,Pitcher Strikeouts,5,2023-10-10T20:07:00,MIN,HOU,10,0.4204597287144442,0.5795402712855559,4.178463302185511
678,Star Thomas,143062,42.5,Rush Yards,2,2023-10-12T01:00:00,NMS,SHS,1,0.5,0.5,42.68227607207472
679,Stefon Diggs,34309,84.5,Receiving Yards,1,2023-10-16T00:20:00,BUF,NYG,1,0.5,0.5,87.1888394101149
680,Stefon Diggs,34309,89.5,Receiving Yards,1,2023-10-16T00:20:00,BUF,NYG,1,0.5,0.5,87.1888394101149
681,Tanner Mordecai,176729,1.5,Pass Touchdowns,2,2023-10-14T20:00:00,WIS,IOW,1,0.3399999999999999,0.66,1.2086966658896374
682,Tanner Mordecai,176729,27.5,Rush Yards,2,2023-10-14T20:00:00,WIS,IOW,2,0.5,0.5,27.67447401188237
683,Tanner Mordecai,176729,178.5,Pass Yards,2,2023-10-14T20:00:00,WIS,IOW,2,0.5,0.5,178.69908399580015
684,Terry McLaurin,36688,54.5,Receiving Yards,1,2023-10-15T17:00:00,ATL,WAS,1,0.5,0.5,55.683958630958266
685,Terry McLaurin,36688,56.5,Receiving Yards,1,2023-10-15T17:00:00,ATL,WAS,1,0.5,0.5,55.683958630958266
686,Thomas Pham,42188,0.5,Home Runs,5,2023-10-12T01:07:00,ARI,LAD,4,,,0.5
687,Thomas Pham,42188,0.5,Home Runs,5,2023-10-12T01:07:00,ARI,LAD,6,,,0.5
688,Thomas Pham,42188,0.5,Total Hits,5,2023-10-12T01:07:00,ARI,LAD,4,,,0.5
689,Thomas Pham,42188,0.5,Total Hits,5,2023-10-12T01:07:00,ARI,LAD,5,,,0.5
690,Tony Pollard,35610,70.5,Rush Yards,1,2023-10-17T00:15:00,LAC,DAL,1,0.5,0.5,70.68651006052241
691,Travis Etienne,38823,68.5,Rush Yards,1,2023-10-15T17:00:00,JAX,IND,1,0.5,0.5,68.6862717446572
692,Travis Kelce,36266,65.5,Receiving Yards,1,2023-10-13T00:15:00,KC,DEN,1,0.5101214574898786,0.4898785425101215,67.96465378175985
693,Travis Kelce,36266,67.5,Receiving Yards,1,2023-10-13T00:15:00,KC,DEN,6,0.5,0.5,67.96465378175985
694,Travis Kelce,36266,68.5,Receiving Yards,1,2023-10-13T00:15:00,KC,DEN,7,0.4925059668772509,0.507494033122749,67.96465378175985
695,Travis d'Arnaud,39531,0.5,Home Runs,5,2023-10-11T21:07:00,PHI,ATL,3,,,0.5
696,Travis d'Arnaud,39531,0.5,Home Runs,5,2023-10-11T21:07:00,PHI,ATL,5,,,0.5
697,Travis d'Arnaud,39531,0.5,Total Bases,5,2023-10-11T21:07:00,PHI,ATL,3,0.6172571028189011,0.3827428971810988,0.9584203293884164
698,Travis d'Arnaud,39531,0.5,Total Hits,5,2023-10-11T21:07:00,PHI,ATL,4,,,0.5
699,Travis d'Arnaud,39531,0.5,Total Hits,5,2023-10-11T21:07:00,PHI,ATL,5,,,0.5
700,Trea Turner,39182,0.5,Home Runs,5,2023-10-11T21:07:00,PHI,ATL,4,,,0.5
701,Trea Turner,39182,0.5,Home Runs,5,2023-10-11T21:07:00,PHI,ATL,6,,,0.5
702,Trea Turner,39182,0.5,Total Hits,5,2023-10-11T21:07:00,PHI,ATL,1,,,1.05577835902914
703,Trea Turner,39182,1.5,Total Hits,5,2023-10-11T21:07:00,PHI,ATL,4,0.334933216418719,0.665066783581281,1.05577835902914
704,Trent Hudson,415126,27.5,Receiving Yards,2,2023-10-12T01:00:00,NMS,SHS,1,0.5,0.5,27.67447401188237
705,Trent McDuffie,35249,4.5,Tackles+Ast,1,2023-10-13T00:15:00,KC,DEN,2,0.5534509409426602,0.4465490590573398,4.962760882810914
706,Treon Sibley,143001,52.5,Receiving Yards,2,2023-10-10T23:30:00,JVS,LIB,2,0.4979225527671597,0.5020774472328402,54.81627308283391
707,Treon Sibley,143001,55.5,Receiving Yards,2,2023-10-10T23:30:00,JVS,LIB,5,0.5,0.5,54.81627308283391
708,Trevor Lawrence,8637,249.5,Pass Yards,1,2023-10-15T17:00:00,JAX,IND,1,0.5,0.5,249.7045388904901
709,Tua Tagovailoa,35383,282.5,Pass Yards,1,2023-10-15T17:00:00,MIA,CAR,1,0.5,0.5,283.7075649100263
710,Tua Tagovailoa,35383,284.5,Pass Yards,1,2023-10-15T17:00:00,MIA,CAR,1,0.5,0.5,283.7075649100263
711,Tyjae Spears,410108,14.5,Receiving Yards,1,2023-10-15T13:30:00,TEN,BAL,7,0.5068201872234034,0.4931798127765967,14.732739240521877
712,Tyjae Spears,410108,27.5,Rush Yards,1,2023-10-15T13:30:00,TEN,BAL,7,0.5026374899843482,0.4973625100156519,27.7106254169663
713,Tyler Lockett,36004,54.5,Receiving Yards,1,2023-10-15T17:00:00,CIN,SEA,1,0.5,0.5,54.68371902046759
714,Tyre Shelton,140872,83.5,Rush Yards,2,2023-10-10T23:00:00,MTS,LT,5,0.5016764459346186,0.4983235540653814,84.28762375315871
715,Tyre Shelton,140872,85.5,Rush Yards,2,2023-10-10T23:00:00,MTS,LT,2,0.5,0.5,84.28762375315871
716,Tyreek Hill,38949,91.5,Receiving Yards,1,2023-10-15T17:00:00,MIA,CAR,1,0.5,0.5,93.68969886415258
717,Tyreek Hill,38949,95.5,Receiving Yards,1,2023-10-15T17:00:00,MIA,CAR,1,0.5,0.5,93.68969886415258
718,Will Pauling,199353,2.5,bt15,2,2023-10-14T20:00:00,WIS,IOW,1,0.5,0.5,2.6717756715392302
719,Will Pauling,199353,29.5,Receiving Yards,2,2023-10-14T20:00:00,WIS,IOW,2,0.4951210397375743,0.5048789602624257,29.608674526982828
720,Willi Castro,40140,0.5,Home Runs,5,2023-10-10T20:07:00,MIN,HOU,4,,,0.5
721,Willi Castro,40140,0.5,Home Runs,5,2023-10-10T20:07:00,MIN,HOU,6,,,0.5
722,Willi Castro,40140,0.5,Total Bases,5,2023-10-10T20:07:00,MIN,HOU,8,0.5631086304481485,0.4368913695518514,0.8262918536283903
723,Willi Castro,40140,0.5,Total Hits,5,2023-10-10T20:07:00,MIN,HOU,12,,,0.5
724,Willi Castro,40140,0.5,Total Hits,5,2023-10-10T20:07:00,MIN,HOU,13,,,0.5
725,William Smith,39173,0.5,Home Runs,5,2023-10-12T01:07:00,ARI,LAD,4,,,0.5
726,William Smith,39173,0.5,Home Runs,5,2023-10-12T01:07:00,ARI,LAD,6,,,0.5
727,William Smith,39173,0.5,Total Hits,5,2023-10-12T01:07:00,ARI,LAD,1,,,0.8369012932333074
728,William Smith,39173,0.5,Total Hits,5,2023-10-12T01:07:00,ARI,LAD,2,,,0.8369012932333074
729,William Smith,39173,1.5,Total Hits,5,2023-10-12T01:07:00,ARI,LAD,3,0.3273267417813993,0.6726732582186006,0.8369012932333074
730,Yainer Diaz,42426,0.5,Home Runs,5,2023-10-10T20:07:00,MIN,HOU,3,,,0.5
731,Yainer Diaz,42426,0.5,Home Runs,5,2023-10-10T20:07:00,MIN,HOU,5,,,0.5
732,Yainer Diaz,42426,0.5,Total Hits,5,2023-10-10T20:07:00,MIN,HOU,6,,,0.5
733,Yainer Diaz,42426,0.5,Total Hits,5,2023-10-10T20:07:00,MIN,HOU,7,,,0.5
734,Yandy Díaz,39793,0.5,Home Runs,5,2023-10-10T20:07:00,MIN,HOU,1,0.1348403058929374,0.8651596941070625,0.1448852765483279
735,Yandy Díaz,39793,0.5,Total Hits,5,2023-10-10T20:07:00,MIN,HOU,1,0.6472184531886024,0.3527815468113975,1.0399640995226411
736,Yordan Alvarez,3514,0.5,Home Runs,5,2023-10-10T20:07:00,MIN,HOU,4,,,0.5
737,Yordan Alvarez,3514,0.5,Home Runs,5,2023-10-10T20:07:00,MIN,HOU,6,,,0.5
738,Yordan Alvarez,3514,0.5,Total Hits,5,2023-10-10T20:07:00,MIN,HOU,4,,,0.5
739,Yordan Alvarez,3514,0.5,Total Hits,5,2023-10-10T20:07:00,MIN,HOU,5,,,0.5
740,Zach Hrbacek,137115,38.5,Rush Yards,2,2023-10-12T01:00:00,NMS,SHS,1,0.5,0.5,38.680915845177616
741,Zach Wilson,34241,189.5,Pass Yards,1,2023-10-15T20:25:00,NYJ,PHI,1,0.5,0.5,192.6998540344716
742,Zach Wilson,34241,195.5,Pass Yards,1,2023-10-15T20:25:00,NYJ,PHI,1,0.5,0.5,192.6998540344716
743,Zay Flowers,410752,58.5,Receiving Yards,1,2023-10-15T13:30:00,TEN,BAL,7,0.5031653365411253,0.4968346634588745,58.74522282070421
