,game_id,eventnum,eventmsgtype,eventmsgactiontype,period,pctimestring,homedescription,neutraldescription,visitordescription,score,scoremargin,player1_id,player1_name,player1_team_abbreviation,player2_id,player2_name,player2_team_abbreviation,player3_id,player3_name,player3_team_abbreviation,timeinseconds,play_elapsed_time,total_elapsed_time,max_time,time_remaining,h_lineup,a_lineup
0,0022200463,2,12,0,1,12:00,,Start of 1st Period (7:33 PM EST),,,0,0,,,0,,,0,,,720,0.0,0.0,2880.0,2880.0,"(203944, 1628973, 1629011, 1629628, 1629656)","(202691, 203110, 1626172, 1629673, 1630541)"
1,0022200463,4,10,0,1,12:00,Jump Ball Robinson vs. Looney: Tip to Randle,,,,0,1629011,Mitchell Robinson,NYK,1626172,Kevon Looney,GSW,203944,Julius Randle,NYK,720,0.0,0.0,2880.0,2880.0,"(203944, 1628973, 1629011, 1629628, 1629656)","(202691, 203110, 1626172, 1629673, 1630541)"
2,0022200463,7,2,101,1,11:47,MISS Brunson 7' Driving Floating Jump Shot,,,,0,1628973,Jalen Brunson,NYK,0,,,0,,,707,13.0,13.0,2880.0,2867.0,"(203944, 1628973, 1629011, 1629628, 1629656)","(202691, 203110, 1626172, 1629673, 1630541)"
3,0022200463,8,4,0,1,11:45,,,Looney REBOUND (Off:0 Def:1),,0,1626172,Kevon Looney,GSW,0,,,0,,,705,2.0,15.0,2880.0,2865.0,"(203944, 1628973, 1629011, 1629628, 1629656)","(202691, 203110, 1626172, 1629673, 1630541)"
4,0022200463,9,2,1,1,11:22,,,MISS Poole 21' Jump Shot,,0,1629673,Jordan Poole,GSW,0,,,0,,,682,23.0,38.0,2880.0,2842.0,"(203944, 1628973, 1629011, 1629628, 1629656)","(202691, 203110, 1626172, 1629673, 1630541)"
5,0022200463,10,4,0,1,11:20,Randle REBOUND (Off:0 Def:1),,,,0,203944,Julius Randle,NYK,0,,,0,,,680,2.0,40.0,2880.0,2840.0,"(203944, 1628973, 1629011, 1629628, 1629656)","(202691, 203110, 1626172, 1629673, 1630541)"
6,0022200463,11,2,1,1,11:14,MISS Randle 25' 3PT Jump Shot,,,,0,203944,Julius Randle,NYK,0,,,0,,,674,6.0,46.0,2880.0,2834.0,"(203944, 1628973, 1629011, 1629628, 1629656)","(202691, 203110, 1626172, 1629673, 1630541)"
7,0022200463,12,4,0,1,11:12,Barrett REBOUND (Off:1 Def:0),,,,0,1629628,RJ Barrett,NYK,0,,,0,,,672,2.0,48.0,2880.0,2832.0,"(203944, 1628973, 1629011, 1629628, 1629656)","(202691, 203110, 1626172, 1629673, 1630541)"
8,0022200463,13,2,101,1,11:05,MISS Barrett 10' Driving Floating Jump Shot,,,,0,1629628,RJ Barrett,NYK,0,,,0,,,665,7.0,55.0,2880.0,2825.0,"(203944, 1628973, 1629011, 1629628, 1629656)","(202691, 203110, 1626172, 1629673, 1630541)"
9,0022200463,14,4,0,1,11:03,Randle REBOUND (Off:1 Def:1),,,,0,203944,Julius Randle,NYK,0,,,0,,,663,2.0,57.0,2880.0,2823.0,"(203944, 1628973, 1629011, 1629628, 1629656)","(202691, 203110, 1626172, 1629673, 1630541)"
10,0022200463,15,2,1,1,11:01,MISS Randle 3PT Jump Shot,,,,0,203944,Julius Randle,NYK,0,,,0,,,661,2.0,59.0,2880.0,2821.0,"(203944, 1628973, 1629011, 1629628, 1629656)","(202691, 203110, 1626172, 1629673, 1630541)"
11,0022200463,16,4,0,1,10:59,,,Poole REBOUND (Off:0 Def:1),,0,1629673,Jordan Poole,GSW,0,,,0,,,659,2.0,61.0,2880.0,2819.0,"(203944, 1628973, 1629011, 1629628, 1629656)","(202691, 203110, 1626172, 1629673, 1630541)"
12,0022200463,17,2,1,1,10:45,,,MISS Poole 25' 3PT Jump Shot,,0,1629673,Jordan Poole,GSW,0,,,0,,,645,14.0,75.0,2880.0,2805.0,"(203944, 1628973, 1629011, 1629628, 1629656)","(202691, 203110, 1626172, 1629673, 1630541)"
13,0022200463,18,4,0,1,10:43,,,Moody REBOUND (Off:1 Def:0),,0,1630541,Moses Moody,GSW,0,,,0,,,643,2.0,77.0,2880.0,2803.0,"(203944, 1628973, 1629011, 1629628, 1629656)","(202691, 203110, 1626172, 1629673, 1630541)"
14,0022200463,19,2,1,1,10:37,,,MISS Thompson 24' 3PT Jump Shot,,0,202691,Klay Thompson,GSW,0,,,0,,,637,6.0,83.0,2880.0,2797.0,"(203944, 1628973, 1629011, 1629628, 1629656)","(202691, 203110, 1626172, 1629673, 1630541)"
15,0022200463,20,4,0,1,10:35,Grimes REBOUND (Off:0 Def:1),,,,0,1629656,Quentin Grimes,NYK,0,,,0,,,635,2.0,85.0,2880.0,2795.0,"(203944, 1628973, 1629011, 1629628, 1629656)","(202691, 203110, 1626172, 1629673, 1630541)"
16,0022200463,21,6,2,1,10:23,,,Looney S.FOUL (P1.T1) (S.Wall),,0,1626172,Kevon Looney,GSW,203944,Julius Randle,NYK,0,,,623,12.0,97.0,2880.0,2783.0,"(203944, 1628973, 1629011, 1629628, 1629656)","(202691, 203110, 1626172, 1629673, 1630541)"
17,0022200463,23,3,11,1,10:23,Randle Free Throw 1 of 2 (1 PTS),,,0 - 1,1,203944,Julius Randle,NYK,0,,,0,,,623,0.0,97.0,2880.0,2783.0,"(203944, 1628973, 1629011, 1629628, 1629656)","(202691, 203110, 1626172, 1629673, 1630541)"
18,0022200463,24,3,12,1,10:23,Randle Free Throw 2 of 2 (2 PTS),,,0 - 2,2,203944,Julius Randle,NYK,0,,,0,,,623,0.0,97.0,2880.0,2783.0,"(203944, 1628973, 1629011, 1629628, 1629656)","(202691, 203110, 1626172, 1629673, 1630541)"
19,0022200463,26,5,39,1,10:10,,,Thompson Step Out of Bounds Turnover (P1.T1),,0,202691,Klay Thompson,GSW,0,,,0,,,610,13.0,110.0,2880.0,2770.0,"(203944, 1628973, 1629011, 1629628, 1629656)","(202691, 203110, 1626172, 1629673, 1630541)"
20,0022200463,27,1,1,1,9:50,Barrett 24' 3PT Jump Shot (3 PTS) (Randle 1 AST),,,0 - 5,5,1629628,RJ Barrett,NYK,203944,Julius Randle,NYK,0,,,590,20.0,130.0,2880.0,2750.0,"(203944, 1628973, 1629011, 1629628, 1629656)","(202691, 203110, 1626172, 1629673, 1630541)"
21,0022200463,29,2,1,1,9:28,,,MISS Poole 25' 3PT Jump Shot,,0,1629673,Jordan Poole,GSW,0,,,0,,,568,22.0,152.0,2880.0,2728.0,"(203944, 1628973, 1629011, 1629628, 1629656)","(202691, 203110, 1626172, 1629673, 1630541)"
22,0022200463,30,4,0,1,9:26,Randle REBOUND (Off:1 Def:2),,,,0,203944,Julius Randle,NYK,0,,,0,,,566,2.0,154.0,2880.0,2726.0,"(203944, 1628973, 1629011, 1629628, 1629656)","(202691, 203110, 1626172, 1629673, 1630541)"
23,0022200463,31,1,1,1,9:21,Grimes 25' 3PT Jump Shot (3 PTS) (Randle 2 AST),,,0 - 8,8,1629656,Quentin Grimes,NYK,203944,Julius Randle,NYK,0,,,561,5.0,159.0,2880.0,2721.0,"(203944, 1628973, 1629011, 1629628, 1629656)","(202691, 203110, 1626172, 1629673, 1630541)"
24,0022200463,33,1,99,1,8:58,,,Thompson 1' Cutting Finger Roll Layup Shot (2 PTS) (Green 1 AST),2 - 8,6,202691,Klay Thompson,GSW,203110,Draymond Green,GSW,0,,,538,23.0,182.0,2880.0,2698.0,"(203944, 1628973, 1629011, 1629628, 1629656)","(202691, 203110, 1626172, 1629673, 1630541)"
25,0022200463,35,2,80,1,8:39,MISS Randle 25' 3PT Step Back Jump Shot,,,,0,203944,Julius Randle,NYK,0,,,0,,,519,19.0,201.0,2880.0,2679.0,"(203944, 1628973, 1629011, 1629628, 1629656)","(202691, 203110, 1626172, 1629673, 1630541)"
26,0022200463,36,4,0,1,8:37,,,Moody REBOUND (Off:1 Def:1),,0,1630541,Moses Moody,GSW,0,,,0,,,517,2.0,203.0,2880.0,2677.0,"(203944, 1628973, 1629011, 1629628, 1629656)","(202691, 203110, 1626172, 1629673, 1630541)"
27,0022200463,37,1,1,1,8:25,,,Moody 3PT Jump Shot (3 PTS) (Green 2 AST),5 - 8,3,1630541,Moses Moody,GSW,203110,Draymond Green,GSW,0,,,505,12.0,215.0,2880.0,2665.0,"(203944, 1628973, 1629011, 1629628, 1629656)","(202691, 203110, 1626172, 1629673, 1630541)"
28,0022200463,39,1,1,1,8:05,Randle 26' 3PT Jump Shot (5 PTS) (Barrett 1 AST),,,5 - 11,6,203944,Julius Randle,NYK,1629628,RJ Barrett,NYK,0,,,485,20.0,235.0,2880.0,2645.0,"(203944, 1628973, 1629011, 1629628, 1629656)","(202691, 203110, 1626172, 1629673, 1630541)"
29,0022200463,41,1,73,1,7:49,,,Poole 2' Driving Reverse Layup (2 PTS) (Looney 1 AST),7 - 11,4,1629673,Jordan Poole,GSW,1626172,Kevon Looney,GSW,0,,,469,16.0,251.0,2880.0,2629.0,"(203944, 1628973, 1629011, 1629628, 1629656)","(202691, 203110, 1626172, 1629673, 1630541)"
30,0022200463,43,2,63,1,7:32,MISS Brunson 5' Fadeaway Jumper,,,,0,1628973,Jalen Brunson,NYK,0,,,0,,,452,17.0,268.0,2880.0,2612.0,"(203944, 1628973, 1629011, 1629628, 1629656)","(202691, 203110, 1626172, 1629673, 1630541)"
31,0022200463,44,4,0,1,7:30,,,Green REBOUND (Off:0 Def:1),,0,203110,Draymond Green,GSW,0,,,0,,,450,2.0,270.0,2880.0,2610.0,"(203944, 1628973, 1629011, 1629628, 1629656)","(202691, 203110, 1626172, 1629673, 1630541)"
32,0022200463,45,2,101,1,7:26,,,MISS Thompson 3' Driving Floating Jump Shot,,0,202691,Klay Thompson,GSW,0,,,0,,,446,4.0,274.0,2880.0,2606.0,"(203944, 1628973, 1629011, 1629628, 1629656)","(202691, 203110, 1626172, 1629673, 1630541)"
33,0022200463,46,4,0,1,7:24,,,Green REBOUND (Off:1 Def:1),,0,203110,Draymond Green,GSW,0,,,0,,,444,2.0,276.0,2880.0,2604.0,"(203944, 1628973, 1629011, 1629628, 1629656)","(202691, 203110, 1626172, 1629673, 1630541)"
34,0022200463,47,1,97,1,7:24,,,Green Tip Layup Shot (2 PTS),9 - 11,2,203110,Draymond Green,GSW,0,,,0,,,444,0.0,276.0,2880.0,2604.0,"(203944, 1628973, 1629011, 1629628, 1629656)","(202691, 203110, 1626172, 1629673, 1630541)"
35,0022200463,48,2,1,1,7:13,MISS Brunson 25' 3PT Jump Shot,,,,0,1628973,Jalen Brunson,NYK,0,,,0,,,433,11.0,287.0,2880.0,2593.0,"(203944, 1628973, 1629011, 1629628, 1629656)","(202691, 203110, 1626172, 1629673, 1630541)"
36,0022200463,49,4,0,1,7:11,,,Green REBOUND (Off:1 Def:2),,0,203110,Draymond Green,GSW,0,,,0,,,431,2.0,289.0,2880.0,2591.0,"(203944, 1628973, 1629011, 1629628, 1629656)","(202691, 203110, 1626172, 1629673, 1630541)"
37,0022200463,50,6,26,1,7:05,,,Thompson Offensive Charge Foul (P1) (S.Wall),,0,202691,Klay Thompson,GSW,1628973,Jalen Brunson,NYK,0,,,425,6.0,295.0,2880.0,2585.0,"(203944, 1628973, 1629011, 1629628, 1629656)","(202691, 203110, 1626172, 1629673, 1630541)"
38,0022200463,52,5,37,1,7:05,,,Thompson Offensive Foul Turnover (P2.T2),,0,202691,Klay Thompson,GSW,0,,,0,,,425,0.0,295.0,2880.0,2585.0,"(203944, 1628973, 1629011, 1629628, 1629656)","(202691, 203110, 1626172, 1629673, 1630541)"
39,0022200463,53,2,1,1,6:56,MISS Barrett 25' 3PT Jump Shot,,,,0,1629628,RJ Barrett,NYK,0,,,0,,,416,9.0,304.0,2880.0,2576.0,"(203944, 1628973, 1629011, 1629628, 1629656)","(202691, 203110, 1626172, 1629673, 1630541)"
40,0022200463,54,4,0,1,6:54,Robinson REBOUND (Off:1 Def:0),,,,0,1629011,Mitchell Robinson,NYK,0,,,0,,,414,2.0,306.0,2880.0,2574.0,"(203944, 1628973, 1629011, 1629628, 1629656)","(202691, 203110, 1626172, 1629673, 1630541)"
41,0022200463,55,5,2,1,6:52,Robinson Lost Ball Turnover (P1.T1),,Moody STEAL (1 STL),,0,1629011,Mitchell Robinson,NYK,1630541,Moses Moody,GSW,0,,,412,2.0,308.0,2880.0,2572.0,"(203944, 1628973, 1629011, 1629628, 1629656)","(202691, 203110, 1626172, 1629673, 1630541)"
42,0022200463,57,9,1,1,6:52,KNICKS Timeout: Regular (Full 1 Short 0),,,,0,1610612752,,,0,,,0,,,412,0.0,308.0,2880.0,2572.0,"(203944, 1628973, 1629011, 1629628, 1629656)","(202691, 203110, 1626172, 1629673, 1630541)"
43,0022200463,58,10,0,1,6:44, ,,,,0,1629628,RJ Barrett,NYK,1630541,Moses Moody,GSW,1610612744,,,404,8.0,316.0,2880.0,2564.0,"(203944, 1628973, 1629011, 1629628, 1629656)","(202691, 203110, 1626172, 1629673, 1630541)"
44,0022200463,61,5,45,1,6:44,,,Poole Out of Bounds - Bad Pass Turnover Turnover (P1.T3),,0,1629673,Jordan Poole,GSW,0,,,0,,,404,0.0,316.0,2880.0,2564.0,"(203944, 1628973, 1629011, 1629628, 1629656)","(202691, 203110, 1626172, 1629673, 1630541)"
45,0022200463,64,6,4,1,6:29,Randle OFF.Foul (P1) (J.DeRosa),,,,0,203944,Julius Randle,NYK,1629673,Jordan Poole,GSW,0,,,389,15.0,331.0,2880.0,2549.0,"(203944, 1628973, 1629011, 1629628, 1629656)","(202691, 203110, 1626172, 1629673, 1630541)"
46,0022200463,66,5,37,1,6:29,Randle Offensive Foul Turnover (P1.T2),,,,0,203944,Julius Randle,NYK,0,,,0,,,389,0.0,331.0,2880.0,2549.0,"(203944, 1628973, 1629011, 1629628, 1629656)","(202691, 203110, 1626172, 1629673, 1630541)"
47,0022200463,67,5,45,1,6:16,,,Poole Out of Bounds - Bad Pass Turnover Turnover (P2.T4),,0,1629673,Jordan Poole,GSW,0,,,0,,,376,13.0,344.0,2880.0,2536.0,"(203944, 1628973, 1629011, 1629628, 1629656)","(202691, 203110, 1626172, 1629673, 1630541)"
48,0022200463,68,6,2,1,6:08,,,Green S.FOUL (P1.T2) (S.Wall),,0,203110,Draymond Green,GSW,1629011,Mitchell Robinson,NYK,0,,,368,8.0,352.0,2880.0,2528.0,"(203944, 1628973, 1629011, 1629628, 1629656)","(202691, 203110, 1626172, 1629673, 1630541)"
49,0022200463,70,3,11,1,6:08,MISS Robinson Free Throw 1 of 2,,,,0,1629011,Mitchell Robinson,NYK,0,,,0,,,368,0.0,352.0,2880.0,2528.0,"(203944, 1628973, 1629011, 1629628, 1629656)","(202691, 203110, 1626172, 1629673, 1630541)"
50,0022200463,71,4,1,1,6:08,KNICKS Rebound,,,,0,1610612752,,,0,,,0,,,368,0.0,352.0,2880.0,2528.0,"(203944, 1628973, 1629011, 1629628, 1629656)","(202691, 203110, 1626172, 1629673, 1630541)"
51,0022200463,72,3,12,1,6:08,Robinson Free Throw 2 of 2 (1 PTS),,,9 - 12,3,1629011,Mitchell Robinson,NYK,0,,,0,,,368,0.0,352.0,2880.0,2528.0,"(203944, 1628973, 1629011, 1629628, 1629656)","(202691, 203110, 1626172, 1629673, 1630541)"
52,0022200463,74,6,2,1,5:57,Grimes S.FOUL (P1.T1) (E.Malloy),,,,0,1629656,Quentin Grimes,NYK,1629673,Jordan Poole,GSW,0,,,357,11.0,363.0,2880.0,2517.0,"(203944, 1628973, 1629011, 1629628, 1629656)","(202691, 203110, 1626172, 1629673, 1630541)"
53,0022200463,76,3,13,1,5:57,,,Poole Free Throw 1 of 3 (3 PTS),10 - 12,2,1629673,Jordan Poole,GSW,0,,,0,,,357,0.0,363.0,2880.0,2517.0,"(203944, 1628973, 1629011, 1629628, 1629656)","(202691, 203110, 1626172, 1629673, 1630541)"
54,0022200463,77,3,14,1,5:57,,,Poole Free Throw 2 of 3 (4 PTS),11 - 12,1,1629673,Jordan Poole,GSW,0,,,0,,,357,0.0,363.0,2880.0,2517.0,"(203944, 1628973, 1629011, 1629628, 1629656)","(202691, 203110, 1626172, 1629673, 1630541)"
55,0022200463,78,3,15,1,5:57,,,Poole Free Throw 3 of 3 (5 PTS),12 - 12,0,1629673,Jordan Poole,GSW,0,,,0,,,357,0.0,363.0,2880.0,2517.0,"(203944, 1628973, 1629011, 1629628, 1629656)","(202691, 203110, 1626172, 1629673, 1630541)"
56,0022200463,79,2,1,1,5:49,MISS Randle 25' 3PT Jump Shot,,,,0,203944,Julius Randle,NYK,0,,,0,,,349,8.0,371.0,2880.0,2509.0,"(203944, 1628973, 1629011, 1629628, 1629656)","(202691, 203110, 1626172, 1629673, 1630541)"
57,0022200463,80,4,0,1,5:47,Robinson REBOUND (Off:2 Def:0),,,,0,1629011,Mitchell Robinson,NYK,0,,,0,,,347,2.0,373.0,2880.0,2507.0,"(203944, 1628973, 1629011, 1629628, 1629656)","(202691, 203110, 1626172, 1629673, 1630541)"
58,0022200463,81,1,3,1,5:39,Barrett 7' Hook Shot (5 PTS),,,12 - 14,2,1629628,RJ Barrett,NYK,0,,,0,,,339,8.0,381.0,2880.0,2499.0,"(203944, 1628973, 1629011, 1629628, 1629656)","(202691, 203110, 1626172, 1629673, 1630541)"
59,0022200463,82,2,1,1,5:17,,,MISS Moody 3PT Jump Shot,,0,1630541,Moses Moody,GSW,0,,,0,,,317,22.0,403.0,2880.0,2477.0,"(203944, 1628973, 1629011, 1629628, 1629656)","(202691, 203110, 1626172, 1629673, 1630541)"
60,0022200463,83,4,0,1,5:15,Randle REBOUND (Off:1 Def:3),,,,0,203944,Julius Randle,NYK,0,,,0,,,315,2.0,405.0,2880.0,2475.0,"(203944, 1628973, 1629011, 1629628, 1629656)","(202691, 203110, 1626172, 1629673, 1630541)"
61,0022200463,84,1,1,1,5:08,Grimes 25' 3PT Jump Shot (6 PTS) (Randle 3 AST),,,12 - 17,5,1629656,Quentin Grimes,NYK,203944,Julius Randle,NYK,0,,,308,7.0,412.0,2880.0,2468.0,"(203944, 1628973, 1629011, 1629628, 1629656)","(202691, 203110, 1626172, 1629673, 1630541)"
62,0022200463,86,1,1,1,4:56,,,Poole 25' 3PT Jump Shot (8 PTS) (Looney 2 AST),15 - 17,2,1629673,Jordan Poole,GSW,1626172,Kevon Looney,GSW,0,,,296,12.0,424.0,2880.0,2456.0,"(203944, 1628973, 1629011, 1629628, 1629656)","(202691, 203110, 1626172, 1629673, 1630541)"
63,0022200463,89,1,63,1,4:35,Brunson 11' Fadeaway Jumper (2 PTS),,,15 - 19,4,1628973,Jalen Brunson,NYK,0,,,0,,,275,21.0,445.0,2880.0,2435.0,"(203944, 1628973, 1629011, 1629628, 1629656)","(202691, 203110, 1626172, 1629673, 1630541)"
64,0022200463,90,2,1,1,4:21,,,MISS Thompson 25' 3PT Jump Shot,,0,202691,Klay Thompson,GSW,0,,,0,,,261,14.0,459.0,2880.0,2421.0,"(203944, 1628973, 1629011, 1629628, 1629656)","(202691, 203110, 1626172, 1629673, 1630541)"
65,0022200463,91,4,0,1,4:19,Brunson REBOUND (Off:0 Def:1),,,,0,1628973,Jalen Brunson,NYK,0,,,0,,,259,2.0,461.0,2880.0,2419.0,"(203944, 1628973, 1629011, 1629628, 1629656)","(202691, 203110, 1626172, 1629673, 1630541)"
66,0022200463,92,2,6,1,4:15,MISS Brunson 2' Driving Layup,,,,0,1628973,Jalen Brunson,NYK,0,,,0,,,255,4.0,465.0,2880.0,2415.0,"(203944, 1628973, 1629011, 1629628, 1629656)","(202691, 203110, 1626172, 1629673, 1630541)"
67,0022200463,93,4,0,1,4:13,,,Thompson REBOUND (Off:0 Def:1),,0,202691,Klay Thompson,GSW,0,,,0,,,253,2.0,467.0,2880.0,2413.0,"(203944, 1628973, 1629011, 1629628, 1629656)","(202691, 203110, 1626172, 1629673, 1630541)"
68,0022200463,94,1,6,1,4:09,,,Poole 1' Driving Layup (10 PTS) (Thompson 1 AST),17 - 19,2,1629673,Jordan Poole,GSW,202691,Klay Thompson,GSW,0,,,249,4.0,471.0,2880.0,2409.0,"(203944, 1628973, 1629011, 1629628, 1629656)","(202691, 203110, 1626172, 1629673, 1630541)"
69,0022200463,96,2,79,1,4:03,MISS Grimes 25' 3PT Pullup Jump Shot,,,,0,1629656,Quentin Grimes,NYK,0,,,0,,,243,6.0,477.0,2880.0,2403.0,"(203944, 1628973, 1629011, 1629628, 1629656)","(202691, 203110, 1626172, 1629673, 1630541)"
70,0022200463,97,4,0,1,4:01,,,Thompson REBOUND (Off:0 Def:2),,0,202691,Klay Thompson,GSW,0,,,0,,,241,2.0,479.0,2880.0,2401.0,"(203944, 1628973, 1629011, 1629628, 1629656)","(202691, 203110, 1626172, 1629673, 1630541)"
71,0022200463,98,2,79,1,3:55,,,MISS Thompson 27' 3PT Pullup Jump Shot,,0,202691,Klay Thompson,GSW,0,,,0,,,235,6.0,485.0,2880.0,2395.0,"(203944, 1628973, 1629011, 1629628, 1629656)","(202691, 203110, 1626172, 1629673, 1630541)"
72,0022200463,99,4,0,1,3:53,Brunson REBOUND (Off:0 Def:2),,,,0,1628973,Jalen Brunson,NYK,0,,,0,,,233,2.0,487.0,2880.0,2393.0,"(203944, 1628973, 1629011, 1629628, 1629656)","(202691, 203110, 1626172, 1629673, 1630541)"
73,0022200463,100,1,5,1,3:39,Randle 2' Layup (7 PTS) (Grimes 1 AST),,,17 - 21,4,203944,Julius Randle,NYK,1629656,Quentin Grimes,NYK,0,,,219,14.0,501.0,2880.0,2379.0,"(203944, 1628973, 1629011, 1629628, 1629656)","(202691, 203110, 1626172, 1629673, 1630541)"
74,0022200463,102,9,1,1,3:39,,,Warriors Timeout: Regular (Reg.1 Short 0),,0,1610612744,,,0,,,0,,,219,0.0,501.0,2880.0,2379.0,"(203944, 1628973, 1629011, 1629628, 1629656)","(202691, 203110, 1626172, 1629673, 1630541)"
75,0022200463,103,8,0,1,3:39,SUB: Quickley FOR Barrett,,,,0,1629628,RJ Barrett,NYK,1630193,Immanuel Quickley,NYK,0,,,219,0.0,501.0,2880.0,2379.0,"(203944, 1628973, 1629011, 1629656, 1630193)","(202691, 203110, 1626172, 1629673, 1630541)"
76,0022200463,104,8,0,1,3:39,,,SUB: Kuminga FOR Moody,,0,1630541,Moses Moody,GSW,1630228,Jonathan Kuminga,GSW,0,,,219,0.0,501.0,2880.0,2379.0,"(203944, 1628973, 1629011, 1629656, 1630193)","(202691, 203110, 1626172, 1629673, 1630228)"
77,0022200463,105,8,0,1,3:39,,,SUB: Wiseman FOR Looney,,0,1626172,Kevon Looney,GSW,1630164,James Wiseman,GSW,0,,,219,0.0,501.0,2880.0,2379.0,"(203944, 1628973, 1629011, 1629656, 1630193)","(202691, 203110, 1629673, 1630164, 1630228)"
78,0022200463,106,8,0,1,3:39,,,SUB: Jerome FOR Green,,0,203110,Draymond Green,GSW,1629660,Ty Jerome,GSW,0,,,219,0.0,501.0,2880.0,2379.0,"(203944, 1628973, 1629011, 1629656, 1630193)","(202691, 1629660, 1629673, 1630164, 1630228)"
79,0022200463,111,5,1,1,3:25,Quickley STEAL (1 STL),,Thompson Bad Pass Turnover (P3.T5),,0,202691,Klay Thompson,GSW,1630193,Immanuel Quickley,NYK,0,,,205,14.0,515.0,2880.0,2365.0,"(203944, 1628973, 1629011, 1629656, 1630193)","(202691, 1629660, 1629673, 1630164, 1630228)"
80,0022200463,113,1,1,1,3:18,Quickley 25' 3PT Jump Shot (3 PTS) (Grimes 2 AST),,,17 - 24,7,1630193,Immanuel Quickley,NYK,1629656,Quentin Grimes,NYK,0,,,198,7.0,522.0,2880.0,2358.0,"(203944, 1628973, 1629011, 1629656, 1630193)","(202691, 1629660, 1629673, 1630164, 1630228)"
81,0022200463,115,1,1,1,2:51,,,Thompson 18' Jump Shot (4 PTS),19 - 24,5,202691,Klay Thompson,GSW,0,,,0,,,171,27.0,549.0,2880.0,2331.0,"(203944, 1628973, 1629011, 1629656, 1630193)","(202691, 1629660, 1629673, 1630164, 1630228)"
82,0022200463,116,2,101,1,2:30,MISS Quickley 10' Driving Floating Jump Shot,,,,0,1630193,Immanuel Quickley,NYK,0,,,0,,,150,21.0,570.0,2880.0,2310.0,"(203944, 1628973, 1629011, 1629656, 1630193)","(202691, 1629660, 1629673, 1630164, 1630228)"
83,0022200463,117,4,0,1,2:28,Randle REBOUND (Off:2 Def:3),,,,0,203944,Julius Randle,NYK,0,,,0,,,148,2.0,572.0,2880.0,2308.0,"(203944, 1628973, 1629011, 1629656, 1630193)","(202691, 1629660, 1629673, 1630164, 1630228)"
84,0022200463,118,2,5,1,2:22,MISS Randle 3' Layup,,Wiseman BLOCK (1 BLK),,0,203944,Julius Randle,NYK,0,,,1630164,James Wiseman,GSW,142,6.0,578.0,2880.0,2302.0,"(203944, 1628973, 1629011, 1629656, 1630193)","(202691, 1629660, 1629673, 1630164, 1630228)"
85,0022200463,120,4,0,1,2:20,,,Poole REBOUND (Off:0 Def:2),,0,1629673,Jordan Poole,GSW,0,,,0,,,140,2.0,580.0,2880.0,2300.0,"(203944, 1628973, 1629011, 1629656, 1630193)","(202691, 1629660, 1629673, 1630164, 1630228)"
86,0022200463,121,1,2,1,2:15,,,Poole 7' Running Jump Shot (12 PTS),21 - 24,3,1629673,Jordan Poole,GSW,0,,,0,,,135,5.0,585.0,2880.0,2295.0,"(203944, 1628973, 1629011, 1629656, 1630193)","(202691, 1629660, 1629673, 1630164, 1630228)"
87,0022200463,122,1,1,1,1:59,Brunson 25' 3PT Jump Shot (5 PTS) (Randle 4 AST),,,21 - 27,6,1628973,Jalen Brunson,NYK,203944,Julius Randle,NYK,0,,,119,16.0,601.0,2880.0,2279.0,"(203944, 1628973, 1629011, 1629656, 1630193)","(202691, 1629660, 1629673, 1630164, 1630228)"
88,0022200463,123,2,79,1,1:48,,,MISS Poole 29' 3PT Pullup Jump Shot,,0,1629673,Jordan Poole,GSW,0,,,0,,,108,11.0,612.0,2880.0,2268.0,"(203944, 1628973, 1629011, 1629656, 1630193)","(202691, 1629660, 1629673, 1630164, 1630228)"
89,0022200463,124,4,0,1,1:46,Randle REBOUND (Off:2 Def:4),,,,0,203944,Julius Randle,NYK,0,,,0,,,106,2.0,614.0,2880.0,2266.0,"(203944, 1628973, 1629011, 1629656, 1630193)","(202691, 1629660, 1629673, 1630164, 1630228)"
90,0022200463,125,5,1,1,1:43,Randle Bad Pass Turnover (P2.T3),,Poole STEAL (1 STL),,0,203944,Julius Randle,NYK,1629673,Jordan Poole,GSW,0,,,103,3.0,617.0,2880.0,2263.0,"(203944, 1628973, 1629011, 1629656, 1630193)","(202691, 1629660, 1629673, 1630164, 1630228)"
91,0022200463,127,1,50,1,1:38,,,Kuminga 1' Running Dunk (2 PTS) (Poole 1 AST),23 - 27,4,1630228,Jonathan Kuminga,GSW,1629673,Jordan Poole,GSW,0,,,98,5.0,622.0,2880.0,2258.0,"(203944, 1628973, 1629011, 1629656, 1630193)","(202691, 1629660, 1629673, 1630164, 1630228)"
92,0022200463,129,1,101,1,1:30,Brunson 10' Driving Floating Jump Shot (7 PTS),,,23 - 29,6,1628973,Jalen Brunson,NYK,0,,,0,,,90,8.0,630.0,2880.0,2250.0,"(203944, 1628973, 1629011, 1629656, 1630193)","(202691, 1629660, 1629673, 1630164, 1630228)"
93,0022200463,130,1,102,1,1:08,,,Jerome 7' Driving Floating Bank Jump Shot (2 PTS),25 - 29,4,1629660,Ty Jerome,GSW,0,,,0,,,68,22.0,652.0,2880.0,2228.0,"(203944, 1628973, 1629011, 1629656, 1630193)","(202691, 1629660, 1629673, 1630164, 1630228)"
94,0022200463,131,1,108,1,0:56,Robinson 1' Cutting Dunk Shot (3 PTS) (Brunson 1 AST),,,25 - 31,6,1629011,Mitchell Robinson,NYK,1628973,Jalen Brunson,NYK,0,,,56,12.0,664.0,2880.0,2216.0,"(203944, 1628973, 1629011, 1629656, 1630193)","(202691, 1629660, 1629673, 1630164, 1630228)"
95,0022200463,133,2,101,1,0:42,,,MISS Poole 4' Driving Floating Jump Shot,,0,1629673,Jordan Poole,GSW,0,,,0,,,42,14.0,678.0,2880.0,2202.0,"(203944, 1628973, 1629011, 1629656, 1630193)","(202691, 1629660, 1629673, 1630164, 1630228)"
96,0022200463,134,4,0,1,0:40,Randle REBOUND (Off:2 Def:5),,,,0,203944,Julius Randle,NYK,0,,,0,,,40,2.0,680.0,2880.0,2200.0,"(203944, 1628973, 1629011, 1629656, 1630193)","(202691, 1629660, 1629673, 1630164, 1630228)"
97,0022200463,136,6,2,1,0:32,,,Wiseman S.FOUL (P1.T3) (E.Malloy),,0,1630164,James Wiseman,GSW,1629656,Quentin Grimes,NYK,0,,,32,8.0,688.0,2880.0,2192.0,"(203944, 1628973, 1629011, 1629656, 1630193)","(202691, 1629660, 1629673, 1630164, 1630228)"
98,0022200463,139,8,0,1,0:32,SUB: Hartenstein FOR Robinson,,,,0,1629011,Mitchell Robinson,NYK,1628392,Isaiah Hartenstein,NYK,0,,,32,0.0,688.0,2880.0,2192.0,"(203944, 1628392, 1628973, 1629656, 1630193)","(202691, 1629660, 1629673, 1630164, 1630228)"
99,0022200463,140,8,0,1,0:32,SUB: McBride FOR Brunson,,,,0,1628973,Jalen Brunson,NYK,1630540,Miles McBride,NYK,0,,,32,0.0,688.0,2880.0,2192.0,"(203944, 1628392, 1629656, 1630193, 1630540)","(202691, 1629660, 1629673, 1630164, 1630228)"
100,0022200463,141,8,0,1,0:32,,,SUB: Lamb FOR Thompson,,0,202691,Klay Thompson,GSW,1630237,Anthony Lamb,GSW,0,,,32,0.0,688.0,2880.0,2192.0,"(203944, 1628392, 1629656, 1630193, 1630540)","(1629660, 1629673, 1630164, 1630228, 1630237)"
101,0022200463,138,3,11,1,0:32,Grimes Free Throw 1 of 2 (7 PTS),,,25 - 32,7,1629656,Quentin Grimes,NYK,0,,,0,,,32,0.0,688.0,2880.0,2192.0,"(203944, 1628392, 1629656, 1630193, 1630540)","(1629660, 1629673, 1630164, 1630228, 1630237)"
102,0022200463,145,3,12,1,0:32,Grimes Free Throw 2 of 2 (8 PTS),,,25 - 33,8,1629656,Quentin Grimes,NYK,0,,,0,,,32,0.0,688.0,2880.0,2192.0,"(203944, 1628392, 1629656, 1630193, 1630540)","(1629660, 1629673, 1630164, 1630228, 1630237)"
103,0022200463,146,2,1,1,0:18,,,MISS Wiseman 25' 3PT Jump Shot,,0,1630164,James Wiseman,GSW,0,,,0,,,18,14.0,702.0,2880.0,2178.0,"(203944, 1628392, 1629656, 1630193, 1630540)","(1629660, 1629673, 1630164, 1630228, 1630237)"
104,0022200463,147,4,0,1,0:16,Quickley REBOUND (Off:0 Def:1),,,,0,1630193,Immanuel Quickley,NYK,0,,,0,,,16,2.0,704.0,2880.0,2176.0,"(203944, 1628392, 1629656, 1630193, 1630540)","(1629660, 1629673, 1630164, 1630228, 1630237)"
105,0022200463,148,2,1,1,0:01,MISS Grimes 25' 3PT Jump Shot,,,,0,1629656,Quentin Grimes,NYK,0,,,0,,,1,15.0,719.0,2880.0,2161.0,"(203944, 1628392, 1629656, 1630193, 1630540)","(1629660, 1629673, 1630164, 1630228, 1630237)"
106,0022200463,149,4,0,1,0:01,KNICKS Rebound,,,,0,1610612752,,,0,,,0,,,1,0.0,719.0,2880.0,2161.0,"(203944, 1628392, 1629656, 1630193, 1630540)","(1629660, 1629673, 1630164, 1630228, 1630237)"
107,0022200463,150,13,0,1,0:00,,End of 1st Period (7:59 PM EST),,25 - 33,8,0,,,0,,,0,,,0,1.0,720.0,2880.0,2160.0,"(203944, 1628392, 1629656, 1630193, 1630540)","(1629660, 1629673, 1630164, 1630228, 1630237)"
108,0022200463,159,12,0,2,12:00,,Start of 2nd Period (8:02 PM EST),,25 - 33,8,0,,,0,,,0,,,720,0.0,720.0,2880.0,2160.0,"(1628392, 1629628, 1630193, 1630540, 1630579)","(203110, 1629660, 1630228, 1630237, 1630541)"
109,0022200463,161,1,1,2,11:36,,,Lamb 3PT Jump Shot (3 PTS) (Green 3 AST),28 - 33,5,1630237,Anthony Lamb,GSW,203110,Draymond Green,GSW,0,,,696,24.0,744.0,2880.0,2136.0,"(1628392, 1629628, 1630193, 1630540, 1630579)","(203110, 1629660, 1630228, 1630237, 1630541)"
110,0022200463,163,1,106,2,11:22,Sims 1' Running Alley Oop Dunk Shot (2 PTS) (Quickley 1 AST),,,28 - 35,7,1630579,Jericho Sims,NYK,1630193,Immanuel Quickley,NYK,0,,,682,14.0,758.0,2880.0,2122.0,"(1628392, 1629628, 1630193, 1630540, 1630579)","(203110, 1629660, 1630228, 1630237, 1630541)"
111,0022200463,166,1,2,2,11:03,,,Jerome 10' Running Jump Shot (4 PTS),30 - 35,5,1629660,Ty Jerome,GSW,0,,,0,,,663,19.0,777.0,2880.0,2103.0,"(1628392, 1629628, 1630193, 1630540, 1630579)","(203110, 1629660, 1630228, 1630237, 1630541)"
112,0022200463,167,2,1,2,10:49,MISS Barrett 26' 3PT Jump Shot,,,,0,1629628,RJ Barrett,NYK,0,,,0,,,649,14.0,791.0,2880.0,2089.0,"(1628392, 1629628, 1630193, 1630540, 1630579)","(203110, 1629660, 1630228, 1630237, 1630541)"
113,0022200463,168,4,0,2,10:48,,,Warriors Rebound,,0,1610612744,,,0,,,0,,,648,1.0,792.0,2880.0,2088.0,"(1628392, 1629628, 1630193, 1630540, 1630579)","(203110, 1629660, 1630228, 1630237, 1630541)"
114,0022200463,170,1,1,2,10:31,,,Lamb 25' 3PT Jump Shot (6 PTS) (Green 4 AST),33 - 35,2,1630237,Anthony Lamb,GSW,203110,Draymond Green,GSW,0,,,631,17.0,809.0,2880.0,2071.0,"(1628392, 1629628, 1630193, 1630540, 1630579)","(203110, 1629660, 1630228, 1630237, 1630541)"
115,0022200463,172,1,1,2,10:15,McBride 25' 3PT Jump Shot (3 PTS) (Barrett 2 AST),,,33 - 38,5,1630540,Miles McBride,NYK,1629628,RJ Barrett,NYK,0,,,615,16.0,825.0,2880.0,2055.0,"(1628392, 1629628, 1630193, 1630540, 1630579)","(203110, 1629660, 1630228, 1630237, 1630541)"
116,0022200463,174,2,1,2,9:57,,,MISS Jerome 24' 3PT Jump Shot,,0,1629660,Ty Jerome,GSW,0,,,0,,,597,18.0,843.0,2880.0,2037.0,"(1628392, 1629628, 1630193, 1630540, 1630579)","(203110, 1629660, 1630228, 1630237, 1630541)"
117,0022200463,175,4,0,2,9:55,Quickley REBOUND (Off:0 Def:2),,,,0,1630193,Immanuel Quickley,NYK,0,,,0,,,595,2.0,845.0,2880.0,2035.0,"(1628392, 1629628, 1630193, 1630540, 1630579)","(203110, 1629660, 1630228, 1630237, 1630541)"
118,0022200463,176,1,1,2,9:43,Quickley 26' 3PT Jump Shot (6 PTS) (McBride 1 AST),,,33 - 41,8,1630193,Immanuel Quickley,NYK,1630540,Miles McBride,NYK,0,,,583,12.0,857.0,2880.0,2023.0,"(1628392, 1629628, 1630193, 1630540, 1630579)","(203110, 1629660, 1630228, 1630237, 1630541)"
119,0022200463,178,1,6,2,9:22,,,Kuminga 2' Driving Layup (4 PTS),35 - 41,6,1630228,Jonathan Kuminga,GSW,0,,,0,,,562,21.0,878.0,2880.0,2002.0,"(1628392, 1629628, 1630193, 1630540, 1630579)","(203110, 1629660, 1630228, 1630237, 1630541)"
120,0022200463,179,2,6,2,9:16,MISS Barrett 1' Driving Layup,,,,0,1629628,RJ Barrett,NYK,0,,,0,,,556,6.0,884.0,2880.0,1996.0,"(1628392, 1629628, 1630193, 1630540, 1630579)","(203110, 1629660, 1630228, 1630237, 1630541)"
121,0022200463,180,4,0,2,9:14,Sims REBOUND (Off:1 Def:0),,,,0,1630579,Jericho Sims,NYK,0,,,0,,,554,2.0,886.0,2880.0,1994.0,"(1628392, 1629628, 1630193, 1630540, 1630579)","(203110, 1629660, 1630228, 1630237, 1630541)"
122,0022200463,181,1,87,2,9:14,Sims Putback Dunk (4 PTS),,,35 - 43,8,1630579,Jericho Sims,NYK,0,,,0,,,554,0.0,886.0,2880.0,1994.0,"(1628392, 1629628, 1630193, 1630540, 1630579)","(203110, 1629660, 1630228, 1630237, 1630541)"
123,0022200463,182,6,1,2,9:03,Barrett P.FOUL (P1.T1) (E.Malloy),,,,0,1629628,RJ Barrett,NYK,1630237,Anthony Lamb,GSW,0,,,543,11.0,897.0,2880.0,1983.0,"(1628392, 1629628, 1630193, 1630540, 1630579)","(203110, 1629660, 1630228, 1630237, 1630541)"
124,0022200463,184,2,1,2,8:54,,,MISS Green 27' 3PT Jump Shot,,0,203110,Draymond Green,GSW,0,,,0,,,534,9.0,906.0,2880.0,1974.0,"(1628392, 1629628, 1630193, 1630540, 1630579)","(203110, 1629660, 1630228, 1630237, 1630541)"
125,0022200463,185,4,0,2,8:52,Barrett REBOUND (Off:1 Def:1),,,,0,1629628,RJ Barrett,NYK,0,,,0,,,532,2.0,908.0,2880.0,1972.0,"(1628392, 1629628, 1630193, 1630540, 1630579)","(203110, 1629660, 1630228, 1630237, 1630541)"
126,0022200463,186,1,6,2,8:45,Barrett 2' Driving Layup (7 PTS),,,35 - 45,10,1629628,RJ Barrett,NYK,0,,,0,,,525,7.0,915.0,2880.0,1965.0,"(1628392, 1629628, 1630193, 1630540, 1630579)","(203110, 1629660, 1630228, 1630237, 1630541)"
127,0022200463,187,1,1,2,8:26,,,Moody 3PT Jump Shot (6 PTS) (Kuminga 1 AST),38 - 45,7,1630541,Moses Moody,GSW,1630228,Jonathan Kuminga,GSW,0,,,506,19.0,934.0,2880.0,1946.0,"(1628392, 1629628, 1630193, 1630540, 1630579)","(203110, 1629660, 1630228, 1630237, 1630541)"
128,0022200463,194,18,7,2,8:10,,Instant Replay2nd Period (8:05 PM EST),,33 - 38,5,172,,,0,,,0,,,490,16.0,950.0,2880.0,1930.0,"(1628392, 1629628, 1630193, 1630540, 1630579)","(203110, 1629660, 1630228, 1630237, 1630541)"
129,0022200463,189,6,4,2,8:10,Quickley OFF.Foul (P1) (E.Malloy),,,,0,1630193,Immanuel Quickley,NYK,1630541,Moses Moody,GSW,0,,,490,0.0,950.0,2880.0,1930.0,"(1628392, 1629628, 1630193, 1630540, 1630579)","(203110, 1629660, 1630228, 1630237, 1630541)"
130,0022200463,191,5,37,2,8:10,Quickley Offensive Foul Turnover (P1.T4),,,,0,1630193,Immanuel Quickley,NYK,0,,,0,,,490,0.0,950.0,2880.0,1930.0,"(1628392, 1629628, 1630193, 1630540, 1630579)","(203110, 1629660, 1630228, 1630237, 1630541)"
131,0022200463,192,1,1,2,8:01,,,Jerome 27' 3PT Jump Shot (7 PTS),41 - 45,4,1629660,Ty Jerome,GSW,0,,,0,,,481,9.0,959.0,2880.0,1921.0,"(1628392, 1629628, 1630193, 1630540, 1630579)","(203110, 1629660, 1630228, 1630237, 1630541)"
132,0022200463,193,9,1,2,7:54,KNICKS Timeout: Regular (Full 2 Short 0),,,,0,1610612752,,,0,,,0,,,474,7.0,966.0,2880.0,1914.0,"(1628392, 1629628, 1630193, 1630540, 1630579)","(203110, 1629660, 1630228, 1630237, 1630541)"
133,0022200463,195,2,101,2,7:41,MISS Barrett 11' Driving Floating Jump Shot,,,,0,1629628,RJ Barrett,NYK,0,,,0,,,461,13.0,979.0,2880.0,1901.0,"(1628392, 1629628, 1630193, 1630540, 1630579)","(203110, 1629660, 1630228, 1630237, 1630541)"
134,0022200463,196,4,0,2,7:39,Sims REBOUND (Off:2 Def:0),,,,0,1630579,Jericho Sims,NYK,0,,,0,,,459,2.0,981.0,2880.0,1899.0,"(1628392, 1629628, 1630193, 1630540, 1630579)","(203110, 1629660, 1630228, 1630237, 1630541)"
135,0022200463,197,1,1,2,7:36,Quickley 27' 3PT Jump Shot (9 PTS) (Barrett 3 AST),,,41 - 48,7,1630193,Immanuel Quickley,NYK,1629628,RJ Barrett,NYK,0,,,456,3.0,984.0,2880.0,1896.0,"(1628392, 1629628, 1630193, 1630540, 1630579)","(203110, 1629660, 1630228, 1630237, 1630541)"
136,0022200463,199,1,79,2,7:07,,,Jerome 18' Pullup Jump Shot (9 PTS),43 - 48,5,1629660,Ty Jerome,GSW,0,,,0,,,427,29.0,1013.0,2880.0,1867.0,"(1628392, 1629628, 1630193, 1630540, 1630579)","(203110, 1629660, 1630228, 1630237, 1630541)"
137,0022200463,200,6,4,2,7:00,Quickley OFF.Foul (P2) (J.DeRosa),,,,0,1630193,Immanuel Quickley,NYK,1630228,Jonathan Kuminga,GSW,0,,,420,7.0,1020.0,2880.0,1860.0,"(1628392, 1629628, 1630193, 1630540, 1630579)","(203110, 1629660, 1630228, 1630237, 1630541)"
138,0022200463,202,5,37,2,7:00,Quickley Offensive Foul Turnover (P2.T5),,,,0,1630193,Immanuel Quickley,NYK,0,,,0,,,420,0.0,1020.0,2880.0,1860.0,"(1628392, 1629628, 1630193, 1630540, 1630579)","(203110, 1629660, 1630228, 1630237, 1630541)"
139,0022200463,203,8,0,2,7:00,SUB: Brunson FOR McBride,,,,0,1630540,Miles McBride,NYK,1628973,Jalen Brunson,NYK,0,,,420,0.0,1020.0,2880.0,1860.0,"(1628392, 1628973, 1629628, 1630193, 1630579)","(203110, 1629660, 1630228, 1630237, 1630541)"
140,0022200463,204,8,0,2,7:00,,,SUB: Poole FOR Jerome,,0,1629660,Ty Jerome,GSW,1629673,Jordan Poole,GSW,0,,,420,0.0,1020.0,2880.0,1860.0,"(1628392, 1628973, 1629628, 1630193, 1630579)","(203110, 1629673, 1630228, 1630237, 1630541)"
141,0022200463,205,8,0,2,7:00,,,SUB: Thompson FOR Green,,0,203110,Draymond Green,GSW,202691,Klay Thompson,GSW,0,,,420,0.0,1020.0,2880.0,1860.0,"(1628392, 1628973, 1629628, 1630193, 1630579)","(202691, 1629673, 1630228, 1630237, 1630541)"
142,0022200463,206,8,0,2,7:00,,,SUB: Looney FOR Moody,,0,1630541,Moses Moody,GSW,1626172,Kevon Looney,GSW,0,,,420,0.0,1020.0,2880.0,1860.0,"(1628392, 1628973, 1629628, 1630193, 1630579)","(202691, 1626172, 1629673, 1630228, 1630237)"
143,0022200463,211,6,1,2,6:52,Quickley P.FOUL (P3.T2) (E.Malloy),,,,0,1630193,Immanuel Quickley,NYK,202691,Klay Thompson,GSW,0,,,412,8.0,1028.0,2880.0,1852.0,"(1628392, 1628973, 1629628, 1630193, 1630579)","(202691, 1626172, 1629673, 1630228, 1630237)"
144,0022200463,213,8,0,2,6:52,SUB: Robinson FOR Quickley,,,,0,1630193,Immanuel Quickley,NYK,1629011,Mitchell Robinson,NYK,0,,,412,0.0,1028.0,2880.0,1852.0,"(1628392, 1628973, 1629011, 1629628, 1630579)","(202691, 1626172, 1629673, 1630228, 1630237)"
145,0022200463,214,8,0,2,6:52,SUB: Grimes FOR Hartenstein,,,,0,1628392,Isaiah Hartenstein,NYK,1629656,Quentin Grimes,NYK,0,,,412,0.0,1028.0,2880.0,1852.0,"(1628973, 1629011, 1629628, 1629656, 1630579)","(202691, 1626172, 1629673, 1630228, 1630237)"
146,0022200463,217,2,2,2,6:39,,,MISS Kuminga 9' Running Jump Shot,,0,1630228,Jonathan Kuminga,GSW,0,,,0,,,399,13.0,1041.0,2880.0,1839.0,"(1628973, 1629011, 1629628, 1629656, 1630579)","(202691, 1626172, 1629673, 1630228, 1630237)"
147,0022200463,218,4,0,2,6:37,Robinson REBOUND (Off:2 Def:1),,,,0,1629011,Mitchell Robinson,NYK,0,,,0,,,397,2.0,1043.0,2880.0,1837.0,"(1628973, 1629011, 1629628, 1629656, 1630579)","(202691, 1626172, 1629673, 1630228, 1630237)"
148,0022200463,219,1,86,2,6:24,Brunson 12' Turnaround Fadeaway (9 PTS),,,43 - 50,7,1628973,Jalen Brunson,NYK,0,,,0,,,384,13.0,1056.0,2880.0,1824.0,"(1628973, 1629011, 1629628, 1629656, 1630579)","(202691, 1626172, 1629673, 1630228, 1630237)"
149,0022200463,220,5,1,2,6:06,Robinson STEAL (1 STL),,Kuminga Bad Pass Turnover (P1.T6),,0,1630228,Jonathan Kuminga,GSW,1629011,Mitchell Robinson,NYK,0,,,366,18.0,1074.0,2880.0,1806.0,"(1628973, 1629011, 1629628, 1629656, 1630579)","(202691, 1626172, 1629673, 1630228, 1630237)"
150,0022200463,222,1,1,2,5:58,Brunson 26' 3PT Jump Shot (12 PTS) (Barrett 4 AST),,,43 - 53,10,1628973,Jalen Brunson,NYK,1629628,RJ Barrett,NYK,0,,,358,8.0,1082.0,2880.0,1798.0,"(1628973, 1629011, 1629628, 1629656, 1630579)","(202691, 1626172, 1629673, 1630228, 1630237)"
151,0022200463,224,9,1,2,5:57,,,Warriors Timeout: Regular (Reg.2 Short 0),,0,1610612744,,,0,,,0,,,357,1.0,1083.0,2880.0,1797.0,"(1628973, 1629011, 1629628, 1629656, 1630579)","(202691, 1626172, 1629673, 1630228, 1630237)"
152,0022200463,225,8,0,2,5:57,SUB: Randle FOR Sims,,,,0,1630579,Jericho Sims,NYK,203944,Julius Randle,NYK,0,,,357,0.0,1083.0,2880.0,1797.0,"(203944, 1628973, 1629011, 1629628, 1629656)","(202691, 1626172, 1629673, 1630228, 1630237)"
153,0022200463,227,2,1,2,5:46,,,MISS Thompson 25' 3PT Jump Shot,,0,202691,Klay Thompson,GSW,0,,,0,,,346,11.0,1094.0,2880.0,1786.0,"(203944, 1628973, 1629011, 1629628, 1629656)","(202691, 1626172, 1629673, 1630228, 1630237)"
154,0022200463,228,4,0,2,5:45,KNICKS Rebound,,,,0,1610612752,,,0,,,0,,,345,1.0,1095.0,2880.0,1785.0,"(203944, 1628973, 1629011, 1629628, 1629656)","(202691, 1626172, 1629673, 1630228, 1630237)"
155,0022200463,230,1,1,2,5:28,Brunson 17' Jump Shot (14 PTS),,,43 - 55,12,1628973,Jalen Brunson,NYK,0,,,0,,,328,17.0,1112.0,2880.0,1768.0,"(203944, 1628973, 1629011, 1629628, 1629656)","(202691, 1626172, 1629673, 1630228, 1630237)"
156,0022200463,231,5,1,2,5:10,Robinson STEAL (2 STL),,Thompson Bad Pass Turnover (P4.T7),,0,202691,Klay Thompson,GSW,1629011,Mitchell Robinson,NYK,0,,,310,18.0,1130.0,2880.0,1750.0,"(203944, 1628973, 1629011, 1629628, 1629656)","(202691, 1626172, 1629673, 1630228, 1630237)"
157,0022200463,233,6,1,2,5:08,,,Lamb P.FOUL (P1.T1) (S.Wall),,0,1630237,Anthony Lamb,GSW,1629628,RJ Barrett,NYK,0,,,308,2.0,1132.0,2880.0,1748.0,"(203944, 1628973, 1629011, 1629628, 1629656)","(202691, 1626172, 1629673, 1630228, 1630237)"
158,0022200463,235,6,1,2,4:57,,,Lamb P.FOUL (P2.T2) (E.Malloy),,0,1630237,Anthony Lamb,GSW,203944,Julius Randle,NYK,0,,,297,11.0,1143.0,2880.0,1737.0,"(203944, 1628973, 1629011, 1629628, 1629656)","(202691, 1626172, 1629673, 1630228, 1630237)"
159,0022200463,237,6,2,2,4:49,,,Looney S.FOUL (P2.T3) (J.DeRosa),,0,1626172,Kevon Looney,GSW,1628973,Jalen Brunson,NYK,0,,,289,8.0,1151.0,2880.0,1729.0,"(203944, 1628973, 1629011, 1629628, 1629656)","(202691, 1626172, 1629673, 1630228, 1630237)"
160,0022200463,240,8,0,2,4:49,,,SUB: Green FOR Kuminga,,0,1630228,Jonathan Kuminga,GSW,203110,Draymond Green,GSW,0,,,289,0.0,1151.0,2880.0,1729.0,"(203944, 1628973, 1629011, 1629628, 1629656)","(202691, 203110, 1626172, 1629673, 1630237)"
161,0022200463,241,8,0,2,4:49,,,SUB: Jerome FOR Lamb,,0,1630237,Anthony Lamb,GSW,1629660,Ty Jerome,GSW,0,,,289,0.0,1151.0,2880.0,1729.0,"(203944, 1628973, 1629011, 1629628, 1629656)","(202691, 203110, 1626172, 1629660, 1629673)"
162,0022200463,239,3,11,2,4:49,Brunson Free Throw 1 of 2 (15 PTS),,,43 - 56,13,1628973,Jalen Brunson,NYK,0,,,0,,,289,0.0,1151.0,2880.0,1729.0,"(203944, 1628973, 1629011, 1629628, 1629656)","(202691, 203110, 1626172, 1629660, 1629673)"
163,0022200463,244,3,12,2,4:49,Brunson Free Throw 2 of 2 (16 PTS),,,43 - 57,14,1628973,Jalen Brunson,NYK,0,,,0,,,289,0.0,1151.0,2880.0,1729.0,"(203944, 1628973, 1629011, 1629628, 1629656)","(202691, 203110, 1626172, 1629660, 1629673)"
164,0022200463,245,6,2,2,4:32,Grimes S.FOUL (P2.T3) (S.Wall),,,,0,1629656,Quentin Grimes,NYK,1629673,Jordan Poole,GSW,0,,,272,17.0,1168.0,2880.0,1712.0,"(203944, 1628973, 1629011, 1629628, 1629656)","(202691, 203110, 1626172, 1629660, 1629673)"
165,0022200463,247,3,11,2,4:32,,,Poole Free Throw 1 of 2 (13 PTS),44 - 57,13,1629673,Jordan Poole,GSW,0,,,0,,,272,0.0,1168.0,2880.0,1712.0,"(203944, 1628973, 1629011, 1629628, 1629656)","(202691, 203110, 1626172, 1629660, 1629673)"
166,0022200463,248,3,12,2,4:32,,,Poole Free Throw 2 of 2 (14 PTS),45 - 57,12,1629673,Jordan Poole,GSW,0,,,0,,,272,0.0,1168.0,2880.0,1712.0,"(203944, 1628973, 1629011, 1629628, 1629656)","(202691, 203110, 1626172, 1629660, 1629673)"
167,0022200463,249,1,1,2,4:17,Grimes 25' 3PT Jump Shot (11 PTS) (Randle 5 AST),,,45 - 60,15,1629656,Quentin Grimes,NYK,203944,Julius Randle,NYK,0,,,257,15.0,1183.0,2880.0,1697.0,"(203944, 1628973, 1629011, 1629628, 1629656)","(202691, 203110, 1626172, 1629660, 1629673)"
168,0022200463,251,6,1,2,4:01,Barrett P.FOUL (P2.T4) (S.Wall),,,,0,1629628,RJ Barrett,NYK,1629673,Jordan Poole,GSW,0,,,241,16.0,1199.0,2880.0,1681.0,"(203944, 1628973, 1629011, 1629628, 1629656)","(202691, 203110, 1626172, 1629660, 1629673)"
169,0022200463,253,2,1,2,3:57,,,MISS Poole 25' 3PT Jump Shot,,0,1629673,Jordan Poole,GSW,0,,,0,,,237,4.0,1203.0,2880.0,1677.0,"(203944, 1628973, 1629011, 1629628, 1629656)","(202691, 203110, 1626172, 1629660, 1629673)"
170,0022200463,254,4,0,2,3:55,Randle REBOUND (Off:2 Def:6),,,,0,203944,Julius Randle,NYK,0,,,0,,,235,2.0,1205.0,2880.0,1675.0,"(203944, 1628973, 1629011, 1629628, 1629656)","(202691, 203110, 1626172, 1629660, 1629673)"
171,0022200463,255,5,4,2,3:48,Grimes Traveling Turnover (P1.T6),,,,0,1629656,Quentin Grimes,NYK,0,,,0,,,228,7.0,1212.0,2880.0,1668.0,"(203944, 1628973, 1629011, 1629628, 1629656)","(202691, 203110, 1626172, 1629660, 1629673)"
172,0022200463,256,1,1,2,3:33,,,Green 3PT Jump Shot (5 PTS) (Jerome 1 AST),48 - 60,12,203110,Draymond Green,GSW,1629660,Ty Jerome,GSW,0,,,213,15.0,1227.0,2880.0,1653.0,"(203944, 1628973, 1629011, 1629628, 1629656)","(202691, 203110, 1626172, 1629660, 1629673)"
173,0022200463,258,6,2,2,3:09,,,Green S.FOUL (P2.T4) (S.Wall),,0,203110,Draymond Green,GSW,203944,Julius Randle,NYK,0,,,189,24.0,1251.0,2880.0,1629.0,"(203944, 1628973, 1629011, 1629628, 1629656)","(202691, 203110, 1626172, 1629660, 1629673)"
174,0022200463,260,3,11,2,3:09,Randle Free Throw 1 of 2 (8 PTS),,,48 - 61,13,203944,Julius Randle,NYK,0,,,0,,,189,0.0,1251.0,2880.0,1629.0,"(203944, 1628973, 1629011, 1629628, 1629656)","(202691, 203110, 1626172, 1629660, 1629673)"
175,0022200463,261,3,12,2,3:09,MISS Randle Free Throw 2 of 2,,,,0,203944,Julius Randle,NYK,0,,,0,,,189,0.0,1251.0,2880.0,1629.0,"(203944, 1628973, 1629011, 1629628, 1629656)","(202691, 203110, 1626172, 1629660, 1629673)"
176,0022200463,262,4,0,2,3:07,,,Thompson REBOUND (Off:0 Def:3),,0,202691,Klay Thompson,GSW,0,,,0,,,187,2.0,1253.0,2880.0,1627.0,"(203944, 1628973, 1629011, 1629628, 1629656)","(202691, 203110, 1626172, 1629660, 1629673)"
177,0022200463,263,1,1,2,2:48,,,Thompson 25' 3PT Jump Shot (7 PTS) (Looney 3 AST),51 - 61,10,202691,Klay Thompson,GSW,1626172,Kevon Looney,GSW,0,,,168,19.0,1272.0,2880.0,1608.0,"(203944, 1628973, 1629011, 1629628, 1629656)","(202691, 203110, 1626172, 1629660, 1629673)"
178,0022200463,265,1,47,2,2:29,Randle 9' Turnaround Jump Shot (10 PTS) (Grimes 3 AST),,,51 - 63,12,203944,Julius Randle,NYK,1629656,Quentin Grimes,NYK,0,,,149,19.0,1291.0,2880.0,1589.0,"(203944, 1628973, 1629011, 1629628, 1629656)","(202691, 203110, 1626172, 1629660, 1629673)"
179,0022200463,267,6,1,2,2:25,Grimes P.FOUL (P3.PN) (J.DeRosa),,,,0,1629656,Quentin Grimes,NYK,1629673,Jordan Poole,GSW,0,,,145,4.0,1295.0,2880.0,1585.0,"(203944, 1628973, 1629011, 1629628, 1629656)","(202691, 203110, 1626172, 1629660, 1629673)"
180,0022200463,269,3,11,2,2:25,,,MISS Poole Free Throw 1 of 2,,0,1629673,Jordan Poole,GSW,0,,,0,,,145,0.0,1295.0,2880.0,1585.0,"(203944, 1628973, 1629011, 1629628, 1629656)","(202691, 203110, 1626172, 1629660, 1629673)"
181,0022200463,270,4,1,2,2:25,,,Warriors Rebound,,0,1610612744,,,0,,,0,,,145,0.0,1295.0,2880.0,1585.0,"(203944, 1628973, 1629011, 1629628, 1629656)","(202691, 203110, 1626172, 1629660, 1629673)"
182,0022200463,271,3,12,2,2:25,,,Poole Free Throw 2 of 2 (15 PTS),52 - 63,11,1629673,Jordan Poole,GSW,0,,,0,,,145,0.0,1295.0,2880.0,1585.0,"(203944, 1628973, 1629011, 1629628, 1629656)","(202691, 203110, 1626172, 1629660, 1629673)"
183,0022200463,272,2,1,2,2:06,MISS Grimes 25' 3PT Jump Shot,,,,0,1629656,Quentin Grimes,NYK,0,,,0,,,126,19.0,1314.0,2880.0,1566.0,"(203944, 1628973, 1629011, 1629628, 1629656)","(202691, 203110, 1626172, 1629660, 1629673)"
184,0022200463,273,4,0,2,2:04,,,Looney REBOUND (Off:0 Def:2),,0,1626172,Kevon Looney,GSW,0,,,0,,,124,2.0,1316.0,2880.0,1564.0,"(203944, 1628973, 1629011, 1629628, 1629656)","(202691, 203110, 1626172, 1629660, 1629673)"
185,0022200463,274,2,73,2,1:55,,,MISS Poole 2' Driving Reverse Layup,,0,1629673,Jordan Poole,GSW,0,,,0,,,115,9.0,1325.0,2880.0,1555.0,"(203944, 1628973, 1629011, 1629628, 1629656)","(202691, 203110, 1626172, 1629660, 1629673)"
186,0022200463,275,4,0,2,1:53,Robinson REBOUND (Off:2 Def:2),,,,0,1629011,Mitchell Robinson,NYK,0,,,0,,,113,2.0,1327.0,2880.0,1553.0,"(203944, 1628973, 1629011, 1629628, 1629656)","(202691, 203110, 1626172, 1629660, 1629673)"
187,0022200463,276,2,78,2,1:47,MISS Barrett 7' Floating Jump Shot,,,,0,1629628,RJ Barrett,NYK,0,,,0,,,107,6.0,1333.0,2880.0,1547.0,"(203944, 1628973, 1629011, 1629628, 1629656)","(202691, 203110, 1626172, 1629660, 1629673)"
188,0022200463,277,4,0,2,1:46,KNICKS Rebound,,,,0,1610612752,,,0,,,0,,,106,1.0,1334.0,2880.0,1546.0,"(203944, 1628973, 1629011, 1629628, 1629656)","(202691, 203110, 1626172, 1629660, 1629673)"
189,0022200463,279,2,1,2,1:37,MISS Barrett 25' 3PT Jump Shot,,,,0,1629628,RJ Barrett,NYK,0,,,0,,,97,9.0,1343.0,2880.0,1537.0,"(203944, 1628973, 1629011, 1629628, 1629656)","(202691, 203110, 1626172, 1629660, 1629673)"
190,0022200463,280,4,0,2,1:35,,,Green REBOUND (Off:1 Def:3),,0,203110,Draymond Green,GSW,0,,,0,,,95,2.0,1345.0,2880.0,1535.0,"(203944, 1628973, 1629011, 1629628, 1629656)","(202691, 203110, 1626172, 1629660, 1629673)"
191,0022200463,281,1,108,2,1:23,,,Looney 1' Cutting Dunk Shot (2 PTS) (Jerome 2 AST),54 - 63,9,1626172,Kevon Looney,GSW,1629660,Ty Jerome,GSW,0,,,83,12.0,1357.0,2880.0,1523.0,"(203944, 1628973, 1629011, 1629628, 1629656)","(202691, 203110, 1626172, 1629660, 1629673)"
192,0022200463,283,6,14,2,1:02,,,Jerome FLAGRANT.FOUL.TYPE1 (P1.PN) (E.Malloy),,0,1629660,Ty Jerome,GSW,1629656,Quentin Grimes,NYK,0,,,62,21.0,1378.0,2880.0,1502.0,"(203944, 1628973, 1629011, 1629628, 1629656)","(202691, 203110, 1626172, 1629660, 1629673)"
193,0022200463,285,18,1,2,1:02,,Instant Replay2nd Period (8:28 PM EST),,54 - 63,9,283,Lindsey Hunter,,0,,,0,,,62,0.0,1378.0,2880.0,1502.0,"(203944, 1628973, 1629011, 1629628, 1629656)","(202691, 203110, 1626172, 1629660, 1629673)"
194,0022200463,286,3,27,2,1:02,Grimes Free Throw Flagrant 1 of 3 (12 PTS),,,54 - 64,10,1629656,Quentin Grimes,NYK,0,,,0,,,62,0.0,1378.0,2880.0,1502.0,"(203944, 1628973, 1629011, 1629628, 1629656)","(202691, 203110, 1626172, 1629660, 1629673)"
195,0022200463,287,3,28,2,1:02,MISS Grimes Free Throw Flagrant 2 of 3,,,,0,1629656,Quentin Grimes,NYK,0,,,0,,,62,0.0,1378.0,2880.0,1502.0,"(203944, 1628973, 1629011, 1629628, 1629656)","(202691, 203110, 1626172, 1629660, 1629673)"
196,0022200463,288,4,1,2,1:02,KNICKS Rebound,,,,0,1610612752,,,0,,,0,,,62,0.0,1378.0,2880.0,1502.0,"(203944, 1628973, 1629011, 1629628, 1629656)","(202691, 203110, 1626172, 1629660, 1629673)"
197,0022200463,289,3,29,2,1:02,Grimes Free Throw Flagrant 3 of 3 (13 PTS),,,54 - 65,11,1629656,Quentin Grimes,NYK,0,,,0,,,62,0.0,1378.0,2880.0,1502.0,"(203944, 1628973, 1629011, 1629628, 1629656)","(202691, 203110, 1626172, 1629660, 1629673)"
198,0022200463,290,8,0,2,1:02,SUB: McBride FOR Grimes,,,,0,1629656,Quentin Grimes,NYK,1630540,Miles McBride,NYK,0,,,62,0.0,1378.0,2880.0,1502.0,"(203944, 1628973, 1629011, 1629628, 1630540)","(202691, 203110, 1626172, 1629660, 1629673)"
199,0022200463,292,1,6,2,0:49,Randle 8' Driving Layup (12 PTS),,,54 - 67,13,203944,Julius Randle,NYK,0,,,0,,,49,13.0,1391.0,2880.0,1489.0,"(203944, 1628973, 1629011, 1629628, 1630540)","(202691, 203110, 1626172, 1629660, 1629673)"
200,0022200463,293,5,4,2,0:36,,,Thompson Traveling Turnover (P5.T8),,0,202691,Klay Thompson,GSW,0,,,0,,,36,13.0,1404.0,2880.0,1476.0,"(203944, 1628973, 1629011, 1629628, 1630540)","(202691, 203110, 1626172, 1629660, 1629673)"
201,0022200463,294,2,1,2,0:32,MISS Barrett 24' 3PT Jump Shot,,,,0,1629628,RJ Barrett,NYK,0,,,0,,,32,4.0,1408.0,2880.0,1472.0,"(203944, 1628973, 1629011, 1629628, 1630540)","(202691, 203110, 1626172, 1629660, 1629673)"
202,0022200463,295,4,0,2,0:30,Robinson REBOUND (Off:3 Def:2),,,,0,1629011,Mitchell Robinson,NYK,0,,,0,,,30,2.0,1410.0,2880.0,1470.0,"(203944, 1628973, 1629011, 1629628, 1630540)","(202691, 203110, 1626172, 1629660, 1629673)"
203,0022200463,296,1,97,2,0:30,Robinson Tip Layup Shot (5 PTS),,,54 - 69,15,1629011,Mitchell Robinson,NYK,0,,,0,,,30,0.0,1410.0,2880.0,1470.0,"(203944, 1628973, 1629011, 1629628, 1630540)","(202691, 203110, 1626172, 1629660, 1629673)"
204,0022200463,297,2,1,2,0:13,,,MISS Green 26' 3PT Jump Shot,,0,203110,Draymond Green,GSW,0,,,0,,,13,17.0,1427.0,2880.0,1453.0,"(203944, 1628973, 1629011, 1629628, 1630540)","(202691, 203110, 1626172, 1629660, 1629673)"
205,0022200463,298,4,0,2,0:11,,,Looney REBOUND (Off:1 Def:2),,0,1626172,Kevon Looney,GSW,0,,,0,,,11,2.0,1429.0,2880.0,1451.0,"(203944, 1628973, 1629011, 1629628, 1630540)","(202691, 203110, 1626172, 1629660, 1629673)"
206,0022200463,299,1,103,2,0:01,,,Poole 10' Running Pull-Up Jump Shot (17 PTS),56 - 69,13,1629673,Jordan Poole,GSW,0,,,0,,,1,10.0,1439.0,2880.0,1441.0,"(203944, 1628973, 1629011, 1629628, 1630540)","(202691, 203110, 1626172, 1629660, 1629673)"
207,0022200463,300,2,1,2,0:01,MISS McBride 59' 3PT Jump Shot,,,,0,1630540,Miles McBride,NYK,0,,,0,,,1,0.0,1439.0,2880.0,1441.0,"(203944, 1628973, 1629011, 1629628, 1630540)","(202691, 203110, 1626172, 1629660, 1629673)"
208,0022200463,301,4,0,2,0:01,KNICKS Rebound,,,,0,1610612752,,,0,,,0,,,1,0.0,1439.0,2880.0,1441.0,"(203944, 1628973, 1629011, 1629628, 1630540)","(202691, 203110, 1626172, 1629660, 1629673)"
209,0022200463,302,13,0,2,0:00,,End of 2nd Period (8:32 PM EST),,56 - 69,13,0,,,0,,,0,,,0,1.0,1440.0,2880.0,1440.0,"(203944, 1628973, 1629011, 1629628, 1630540)","(202691, 203110, 1626172, 1629660, 1629673)"
210,0022200463,307,12,0,3,12:00,,Start of 3rd Period (8:49 PM EST),,56 - 69,13,0,,,0,,,0,,,720,0.0,1440.0,2880.0,1440.0,"(203944, 1628973, 1629011, 1629628, 1629656)","(202691, 203110, 1626172, 1629673, 1630541)"
211,0022200463,308,1,79,3,11:48,,,Poole 25' 3PT Pullup Jump Shot (20 PTS) (Green 5 AST),59 - 69,10,1629673,Jordan Poole,GSW,203110,Draymond Green,GSW,0,,,708,12.0,1452.0,2880.0,1428.0,"(203944, 1628973, 1629011, 1629628, 1629656)","(202691, 203110, 1626172, 1629673, 1630541)"
212,0022200463,310,2,63,3,11:25,MISS Brunson 5' Fadeaway Jumper,,,,0,1628973,Jalen Brunson,NYK,0,,,0,,,685,23.0,1475.0,2880.0,1405.0,"(203944, 1628973, 1629011, 1629628, 1629656)","(202691, 203110, 1626172, 1629673, 1630541)"
213,0022200463,311,4,0,3,11:23,Robinson REBOUND (Off:4 Def:2),,,,0,1629011,Mitchell Robinson,NYK,0,,,0,,,683,2.0,1477.0,2880.0,1403.0,"(203944, 1628973, 1629011, 1629628, 1629656)","(202691, 203110, 1626172, 1629673, 1630541)"
214,0022200463,312,2,1,3,11:21,MISS Randle 25' 3PT Jump Shot,,,,0,203944,Julius Randle,NYK,0,,,0,,,681,2.0,1479.0,2880.0,1401.0,"(203944, 1628973, 1629011, 1629628, 1629656)","(202691, 203110, 1626172, 1629673, 1630541)"
215,0022200463,313,4,0,3,11:19,,,Thompson REBOUND (Off:0 Def:4),,0,202691,Klay Thompson,GSW,0,,,0,,,679,2.0,1481.0,2880.0,1399.0,"(203944, 1628973, 1629011, 1629628, 1629656)","(202691, 203110, 1626172, 1629673, 1630541)"
216,0022200463,314,2,1,3,11:08,,,MISS Moody 26' 3PT Jump Shot,,0,1630541,Moses Moody,GSW,0,,,0,,,668,11.0,1492.0,2880.0,1388.0,"(203944, 1628973, 1629011, 1629628, 1629656)","(202691, 203110, 1626172, 1629673, 1630541)"
217,0022200463,315,4,0,3,11:06,Randle REBOUND (Off:2 Def:7),,,,0,203944,Julius Randle,NYK,0,,,0,,,666,2.0,1494.0,2880.0,1386.0,"(203944, 1628973, 1629011, 1629628, 1629656)","(202691, 203110, 1626172, 1629673, 1630541)"
218,0022200463,316,6,4,3,10:59,Randle OFF.Foul (P2) (E.Malloy),,,,0,203944,Julius Randle,NYK,203110,Draymond Green,GSW,0,,,659,7.0,1501.0,2880.0,1379.0,"(203944, 1628973, 1629011, 1629628, 1629656)","(202691, 203110, 1626172, 1629673, 1630541)"
219,0022200463,318,5,37,3,10:59,Randle Offensive Foul Turnover (P3.T7),,,,0,203944,Julius Randle,NYK,0,,,0,,,659,0.0,1501.0,2880.0,1379.0,"(203944, 1628973, 1629011, 1629628, 1629656)","(202691, 203110, 1626172, 1629673, 1630541)"
220,0022200463,319,2,1,3,10:45,,,MISS Poole 26' 3PT Jump Shot,,0,1629673,Jordan Poole,GSW,0,,,0,,,645,14.0,1515.0,2880.0,1365.0,"(203944, 1628973, 1629011, 1629628, 1629656)","(202691, 203110, 1626172, 1629673, 1630541)"
221,0022200463,320,4,0,3,10:43,Randle REBOUND (Off:2 Def:8),,,,0,203944,Julius Randle,NYK,0,,,0,,,643,2.0,1517.0,2880.0,1363.0,"(203944, 1628973, 1629011, 1629628, 1629656)","(202691, 203110, 1626172, 1629673, 1630541)"
222,0022200463,321,2,1,3,10:36,MISS Brunson 25' 3PT Jump Shot,,,,0,1628973,Jalen Brunson,NYK,0,,,0,,,636,7.0,1524.0,2880.0,1356.0,"(203944, 1628973, 1629011, 1629628, 1629656)","(202691, 203110, 1626172, 1629673, 1630541)"
223,0022200463,322,4,0,3,10:34,,,Green REBOUND (Off:1 Def:4),,0,203110,Draymond Green,GSW,0,,,0,,,634,2.0,1526.0,2880.0,1354.0,"(203944, 1628973, 1629011, 1629628, 1629656)","(202691, 203110, 1626172, 1629673, 1630541)"
224,0022200463,323,2,1,3,10:25,,,MISS Thompson 19' Jump Shot,,0,202691,Klay Thompson,GSW,0,,,0,,,625,9.0,1535.0,2880.0,1345.0,"(203944, 1628973, 1629011, 1629628, 1629656)","(202691, 203110, 1626172, 1629673, 1630541)"
225,0022200463,324,4,0,3,10:23,Robinson REBOUND (Off:4 Def:3),,,,0,1629011,Mitchell Robinson,NYK,0,,,0,,,623,2.0,1537.0,2880.0,1343.0,"(203944, 1628973, 1629011, 1629628, 1629656)","(202691, 203110, 1626172, 1629673, 1630541)"
226,0022200463,326,2,63,3,10:03,MISS Randle 9' Fadeaway Jumper,,,,0,203944,Julius Randle,NYK,0,,,0,,,603,20.0,1557.0,2880.0,1323.0,"(203944, 1628973, 1629011, 1629628, 1629656)","(202691, 203110, 1626172, 1629673, 1630541)"
227,0022200463,327,4,0,3,10:01,,,Looney REBOUND (Off:1 Def:3),,0,1626172,Kevon Looney,GSW,0,,,0,,,601,2.0,1559.0,2880.0,1321.0,"(203944, 1628973, 1629011, 1629628, 1629656)","(202691, 203110, 1626172, 1629673, 1630541)"
228,0022200463,328,2,1,3,9:59,,,MISS Moody 25' 3PT Jump Shot,,0,1630541,Moses Moody,GSW,0,,,0,,,599,2.0,1561.0,2880.0,1319.0,"(203944, 1628973, 1629011, 1629628, 1629656)","(202691, 203110, 1626172, 1629673, 1630541)"
229,0022200463,329,4,0,3,9:57,Robinson REBOUND (Off:4 Def:4),,,,0,1629011,Mitchell Robinson,NYK,0,,,0,,,597,2.0,1563.0,2880.0,1317.0,"(203944, 1628973, 1629011, 1629628, 1629656)","(202691, 203110, 1626172, 1629673, 1630541)"
230,0022200463,330,1,6,3,9:34,Barrett 2' Driving Layup (9 PTS) (Brunson 2 AST),,,59 - 71,12,1629628,RJ Barrett,NYK,1628973,Jalen Brunson,NYK,0,,,574,23.0,1586.0,2880.0,1294.0,"(203944, 1628973, 1629011, 1629628, 1629656)","(202691, 203110, 1626172, 1629673, 1630541)"
231,0022200463,331,1,102,3,9:19,,,Thompson 1' Driving Floating Bank Jump Shot (9 PTS),61 - 71,10,202691,Klay Thompson,GSW,0,,,0,,,559,15.0,1601.0,2880.0,1279.0,"(203944, 1628973, 1629011, 1629628, 1629656)","(202691, 203110, 1626172, 1629673, 1630541)"
232,0022200463,333,1,98,3,9:00,Randle 1' Cutting Layup Shot (14 PTS) (Brunson 3 AST),,,61 - 73,12,203944,Julius Randle,NYK,1628973,Jalen Brunson,NYK,0,,,540,19.0,1620.0,2880.0,1260.0,"(203944, 1628973, 1629011, 1629628, 1629656)","(202691, 203110, 1626172, 1629673, 1630541)"
233,0022200463,335,6,2,3,9:00,,,Thompson S.FOUL (P2.T1) (J.DeRosa),,0,202691,Klay Thompson,GSW,203944,Julius Randle,NYK,0,,,540,0.0,1620.0,2880.0,1260.0,"(203944, 1628973, 1629011, 1629628, 1629656)","(202691, 203110, 1626172, 1629673, 1630541)"
234,0022200463,337,3,10,3,9:00,MISS Randle Free Throw 1 of 1,,,,0,203944,Julius Randle,NYK,0,,,0,,,540,0.0,1620.0,2880.0,1260.0,"(203944, 1628973, 1629011, 1629628, 1629656)","(202691, 203110, 1626172, 1629673, 1630541)"
235,0022200463,338,4,0,3,8:58,,,Looney REBOUND (Off:1 Def:4),,0,1626172,Kevon Looney,GSW,0,,,0,,,538,2.0,1622.0,2880.0,1258.0,"(203944, 1628973, 1629011, 1629628, 1629656)","(202691, 203110, 1626172, 1629673, 1630541)"
236,0022200463,339,1,1,3,8:46,,,Thompson 14' Jump Shot (11 PTS) (Looney 4 AST),63 - 73,10,202691,Klay Thompson,GSW,1626172,Kevon Looney,GSW,0,,,526,12.0,1634.0,2880.0,1246.0,"(203944, 1628973, 1629011, 1629628, 1629656)","(202691, 203110, 1626172, 1629673, 1630541)"
237,0022200463,341,1,79,3,8:28,Brunson 16' Pullup Jump Shot (18 PTS),,,63 - 75,12,1628973,Jalen Brunson,NYK,0,,,0,,,508,18.0,1652.0,2880.0,1228.0,"(203944, 1628973, 1629011, 1629628, 1629656)","(202691, 203110, 1626172, 1629673, 1630541)"
238,0022200463,342,5,1,3,8:09,Brunson STEAL (1 STL),,Green Bad Pass Turnover (P1.T9),,0,203110,Draymond Green,GSW,1628973,Jalen Brunson,NYK,0,,,489,19.0,1671.0,2880.0,1209.0,"(203944, 1628973, 1629011, 1629628, 1629656)","(202691, 203110, 1626172, 1629673, 1630541)"
239,0022200463,344,1,1,3,8:05,Grimes 25' 3PT Jump Shot (16 PTS) (Brunson 4 AST),,,63 - 78,15,1629656,Quentin Grimes,NYK,1628973,Jalen Brunson,NYK,0,,,485,4.0,1675.0,2880.0,1205.0,"(203944, 1628973, 1629011, 1629628, 1629656)","(202691, 203110, 1626172, 1629673, 1630541)"
240,0022200463,346,5,40,3,7:51,,,Poole Out of Bounds Lost Ball Turnover (P3.T10),,0,1629673,Jordan Poole,GSW,0,,,0,,,471,14.0,1689.0,2880.0,1191.0,"(203944, 1628973, 1629011, 1629628, 1629656)","(202691, 203110, 1626172, 1629673, 1630541)"
241,0022200463,347,1,6,3,7:45,Barrett 1' Driving Layup (11 PTS) (Brunson 5 AST),,,63 - 80,17,1629628,RJ Barrett,NYK,1628973,Jalen Brunson,NYK,0,,,465,6.0,1695.0,2880.0,1185.0,"(203944, 1628973, 1629011, 1629628, 1629656)","(202691, 203110, 1626172, 1629673, 1630541)"
242,0022200463,349,9,1,3,7:45,,,Warriors Timeout: Regular (Reg.3 Short 0),,0,1610612744,,,0,,,0,,,465,0.0,1695.0,2880.0,1185.0,"(203944, 1628973, 1629011, 1629628, 1629656)","(202691, 203110, 1626172, 1629673, 1630541)"
243,0022200463,350,8,0,3,7:45,,,SUB: Jerome FOR Moody,,0,1630541,Moses Moody,GSW,1629660,Ty Jerome,GSW,0,,,465,0.0,1695.0,2880.0,1185.0,"(203944, 1628973, 1629011, 1629628, 1629656)","(202691, 203110, 1626172, 1629660, 1629673)"
244,0022200463,352,1,6,3,7:32,,,Green 2' Driving Layup (7 PTS) (Thompson 2 AST),65 - 80,15,203110,Draymond Green,GSW,202691,Klay Thompson,GSW,0,,,452,13.0,1708.0,2880.0,1172.0,"(203944, 1628973, 1629011, 1629628, 1629656)","(202691, 203110, 1626172, 1629660, 1629673)"
245,0022200463,354,2,80,3,7:18,MISS Brunson 18' Step Back Jump Shot,,,,0,1628973,Jalen Brunson,NYK,0,,,0,,,438,14.0,1722.0,2880.0,1158.0,"(203944, 1628973, 1629011, 1629628, 1629656)","(202691, 203110, 1626172, 1629660, 1629673)"
246,0022200463,355,4,0,3,7:16,,,Looney REBOUND (Off:1 Def:5),,0,1626172,Kevon Looney,GSW,0,,,0,,,436,2.0,1724.0,2880.0,1156.0,"(203944, 1628973, 1629011, 1629628, 1629656)","(202691, 203110, 1626172, 1629660, 1629673)"
247,0022200463,356,2,6,3,7:04,,,MISS Jerome 2' Driving Layup,,0,1629660,Ty Jerome,GSW,0,,,0,,,424,12.0,1736.0,2880.0,1144.0,"(203944, 1628973, 1629011, 1629628, 1629656)","(202691, 203110, 1626172, 1629660, 1629673)"
248,0022200463,357,4,0,3,7:02,Robinson REBOUND (Off:4 Def:5),,,,0,1629011,Mitchell Robinson,NYK,0,,,0,,,422,2.0,1738.0,2880.0,1142.0,"(203944, 1628973, 1629011, 1629628, 1629656)","(202691, 203110, 1626172, 1629660, 1629673)"
249,0022200463,358,1,101,3,6:50,Barrett 6' Driving Floating Jump Shot (13 PTS),,,65 - 82,17,1629628,RJ Barrett,NYK,0,,,0,,,410,12.0,1750.0,2880.0,1130.0,"(203944, 1628973, 1629011, 1629628, 1629656)","(202691, 203110, 1626172, 1629660, 1629673)"
250,0022200463,359,1,6,3,6:43,,,Poole 1' Driving Layup (22 PTS) (Green 6 AST),67 - 82,15,1629673,Jordan Poole,GSW,203110,Draymond Green,GSW,0,,,403,7.0,1757.0,2880.0,1123.0,"(203944, 1628973, 1629011, 1629628, 1629656)","(202691, 203110, 1626172, 1629660, 1629673)"
251,0022200463,360,6,1,3,6:31,,,Green P.FOUL (P3.T2) (J.DeRosa),,0,203110,Draymond Green,GSW,1628973,Jalen Brunson,NYK,0,,,391,12.0,1769.0,2880.0,1111.0,"(203944, 1628973, 1629011, 1629628, 1629656)","(202691, 203110, 1626172, 1629660, 1629673)"
252,0022200463,362,8,0,3,6:31,,,SUB: Wiseman FOR Looney,,0,1626172,Kevon Looney,GSW,1630164,James Wiseman,GSW,0,,,391,0.0,1769.0,2880.0,1111.0,"(203944, 1628973, 1629011, 1629628, 1629656)","(202691, 203110, 1629660, 1629673, 1630164)"
253,0022200463,364,1,6,3,6:24,Barrett 1' Driving Layup (15 PTS) (Robinson 1 AST),,,67 - 84,17,1629628,RJ Barrett,NYK,1629011,Mitchell Robinson,NYK,0,,,384,7.0,1776.0,2880.0,1104.0,"(203944, 1628973, 1629011, 1629628, 1629656)","(202691, 203110, 1629660, 1629673, 1630164)"
254,0022200463,366,5,4,3,6:07,,,Jerome Traveling Turnover (P1.T11),,0,1629660,Ty Jerome,GSW,0,,,0,,,367,17.0,1793.0,2880.0,1087.0,"(203944, 1628973, 1629011, 1629628, 1629656)","(202691, 203110, 1629660, 1629673, 1630164)"
255,0022200463,368,1,79,3,5:57,Barrett 15' Pullup Jump Shot (17 PTS) (Grimes 4 AST),,,67 - 86,19,1629628,RJ Barrett,NYK,1629656,Quentin Grimes,NYK,0,,,357,10.0,1803.0,2880.0,1077.0,"(203944, 1628973, 1629011, 1629628, 1629656)","(202691, 203110, 1629660, 1629673, 1630164)"
256,0022200463,370,2,6,3,5:45,,,MISS Poole 2' Driving Layup,,0,1629673,Jordan Poole,GSW,0,,,0,,,345,12.0,1815.0,2880.0,1065.0,"(203944, 1628973, 1629011, 1629628, 1629656)","(202691, 203110, 1629660, 1629673, 1630164)"
257,0022200463,371,4,0,3,5:43,Randle REBOUND (Off:2 Def:9),,,,0,203944,Julius Randle,NYK,0,,,0,,,343,2.0,1817.0,2880.0,1063.0,"(203944, 1628973, 1629011, 1629628, 1629656)","(202691, 203110, 1629660, 1629673, 1630164)"
258,0022200463,372,6,2,3,5:37,,,Wiseman S.FOUL (P2.T3) (S.Wall),,0,1630164,James Wiseman,GSW,1629011,Mitchell Robinson,NYK,0,,,337,6.0,1823.0,2880.0,1057.0,"(203944, 1628973, 1629011, 1629628, 1629656)","(202691, 203110, 1629660, 1629673, 1630164)"
259,0022200463,374,3,11,3,5:37,Robinson Free Throw 1 of 2 (6 PTS),,,67 - 87,20,1629011,Mitchell Robinson,NYK,0,,,0,,,337,0.0,1823.0,2880.0,1057.0,"(203944, 1628973, 1629011, 1629628, 1629656)","(202691, 203110, 1629660, 1629673, 1630164)"
260,0022200463,375,3,12,3,5:37,Robinson Free Throw 2 of 2 (7 PTS),,,67 - 88,21,1629011,Mitchell Robinson,NYK,0,,,0,,,337,0.0,1823.0,2880.0,1057.0,"(203944, 1628973, 1629011, 1629628, 1629656)","(202691, 203110, 1629660, 1629673, 1630164)"
261,0022200463,376,6,2,3,5:29,Robinson S.FOUL (P1.T1) (S.Wall),,,,0,1629011,Mitchell Robinson,NYK,1630164,James Wiseman,GSW,0,,,329,8.0,1831.0,2880.0,1049.0,"(203944, 1628973, 1629011, 1629628, 1629656)","(202691, 203110, 1629660, 1629673, 1630164)"
262,0022200463,379,8,0,3,5:29,,,SUB: Lamb FOR Thompson,,0,202691,Klay Thompson,GSW,1630237,Anthony Lamb,GSW,0,,,329,0.0,1831.0,2880.0,1049.0,"(203944, 1628973, 1629011, 1629628, 1629656)","(203110, 1629660, 1629673, 1630164, 1630237)"
263,0022200463,380,8,0,3,5:29,,,SUB: Kuminga FOR Green,,0,203110,Draymond Green,GSW,1630228,Jonathan Kuminga,GSW,0,,,329,0.0,1831.0,2880.0,1049.0,"(203944, 1628973, 1629011, 1629628, 1629656)","(1629660, 1629673, 1630164, 1630228, 1630237)"
264,0022200463,378,3,11,3,5:29,,,Wiseman Free Throw 1 of 2 (1 PTS),68 - 88,20,1630164,James Wiseman,GSW,0,,,0,,,329,0.0,1831.0,2880.0,1049.0,"(203944, 1628973, 1629011, 1629628, 1629656)","(1629660, 1629673, 1630164, 1630228, 1630237)"
265,0022200463,383,3,12,3,5:29,,,Wiseman Free Throw 2 of 2 (2 PTS),69 - 88,19,1630164,James Wiseman,GSW,0,,,0,,,329,0.0,1831.0,2880.0,1049.0,"(203944, 1628973, 1629011, 1629628, 1629656)","(1629660, 1629673, 1630164, 1630228, 1630237)"
266,0022200463,384,2,101,3,5:17,MISS Barrett 8' Driving Floating Jump Shot,,,,0,1629628,RJ Barrett,NYK,0,,,0,,,317,12.0,1843.0,2880.0,1037.0,"(203944, 1628973, 1629011, 1629628, 1629656)","(1629660, 1629673, 1630164, 1630228, 1630237)"
267,0022200463,385,4,0,3,5:16,Barrett REBOUND (Off:2 Def:1),,,,0,1629628,RJ Barrett,NYK,0,,,0,,,316,1.0,1844.0,2880.0,1036.0,"(203944, 1628973, 1629011, 1629628, 1629656)","(1629660, 1629673, 1630164, 1630228, 1630237)"
268,0022200463,386,6,2,3,5:16,,,Wiseman S.FOUL (P3.T4) (S.Wall),,0,1630164,James Wiseman,GSW,1629628,RJ Barrett,NYK,0,,,316,0.0,1844.0,2880.0,1036.0,"(203944, 1628973, 1629011, 1629628, 1629656)","(1629660, 1629673, 1630164, 1630228, 1630237)"
269,0022200463,390,8,0,3,5:16,SUB: Quickley FOR Grimes,,,,0,1629656,Quentin Grimes,NYK,1630193,Immanuel Quickley,NYK,0,,,316,0.0,1844.0,2880.0,1036.0,"(203944, 1628973, 1629011, 1629628, 1630193)","(1629660, 1629673, 1630164, 1630228, 1630237)"
270,0022200463,388,3,11,3,5:16,MISS Barrett Free Throw 1 of 2,,,,0,1629628,RJ Barrett,NYK,0,,,0,,,316,0.0,1844.0,2880.0,1036.0,"(203944, 1628973, 1629011, 1629628, 1630193)","(1629660, 1629673, 1630164, 1630228, 1630237)"
271,0022200463,389,4,1,3,5:16,KNICKS Rebound,,,,0,1610612752,,,0,,,0,,,316,0.0,1844.0,2880.0,1036.0,"(203944, 1628973, 1629011, 1629628, 1630193)","(1629660, 1629673, 1630164, 1630228, 1630237)"
272,0022200463,392,3,12,3,5:16,Barrett Free Throw 2 of 2 (18 PTS),,,69 - 89,20,1629628,RJ Barrett,NYK,0,,,0,,,316,0.0,1844.0,2880.0,1036.0,"(203944, 1628973, 1629011, 1629628, 1630193)","(1629660, 1629673, 1630164, 1630228, 1630237)"
273,0022200463,393,1,103,3,5:03,,,Poole 14' Running Pull-Up Jump Shot (24 PTS),71 - 89,18,1629673,Jordan Poole,GSW,0,,,0,,,303,13.0,1857.0,2880.0,1023.0,"(203944, 1628973, 1629011, 1629628, 1630193)","(1629660, 1629673, 1630164, 1630228, 1630237)"
274,0022200463,394,6,1,3,4:51,,,Kuminga P.FOUL (P1.PN) (J.DeRosa),,0,1630228,Jonathan Kuminga,GSW,1628973,Jalen Brunson,NYK,0,,,291,12.0,1869.0,2880.0,1011.0,"(203944, 1628973, 1629011, 1629628, 1630193)","(1629660, 1629673, 1630164, 1630228, 1630237)"
275,0022200463,396,3,11,3,4:51,MISS Brunson Free Throw 1 of 2,,,,0,1628973,Jalen Brunson,NYK,0,,,0,,,291,0.0,1869.0,2880.0,1011.0,"(203944, 1628973, 1629011, 1629628, 1630193)","(1629660, 1629673, 1630164, 1630228, 1630237)"
276,0022200463,397,4,1,3,4:51,KNICKS Rebound,,,,0,1610612752,,,0,,,0,,,291,0.0,1869.0,2880.0,1011.0,"(203944, 1628973, 1629011, 1629628, 1630193)","(1629660, 1629673, 1630164, 1630228, 1630237)"
277,0022200463,398,3,12,3,4:51,Brunson Free Throw 2 of 2 (19 PTS),,,71 - 90,19,1628973,Jalen Brunson,NYK,0,,,0,,,291,0.0,1869.0,2880.0,1011.0,"(203944, 1628973, 1629011, 1629628, 1630193)","(1629660, 1629673, 1630164, 1630228, 1630237)"
278,0022200463,399,2,1,3,4:38,,,MISS Poole 26' 3PT Jump Shot,,0,1629673,Jordan Poole,GSW,0,,,0,,,278,13.0,1882.0,2880.0,998.0,"(203944, 1628973, 1629011, 1629628, 1630193)","(1629660, 1629673, 1630164, 1630228, 1630237)"
279,0022200463,400,4,0,3,4:36,,,Kuminga REBOUND (Off:1 Def:0),,0,1630228,Jonathan Kuminga,GSW,0,,,0,,,276,2.0,1884.0,2880.0,996.0,"(203944, 1628973, 1629011, 1629628, 1630193)","(1629660, 1629673, 1630164, 1630228, 1630237)"
280,0022200463,401,1,9,3,4:29,,,Kuminga Driving Dunk (6 PTS),73 - 90,17,1630228,Jonathan Kuminga,GSW,0,,,0,,,269,7.0,1891.0,2880.0,989.0,"(203944, 1628973, 1629011, 1629628, 1630193)","(1629660, 1629673, 1630164, 1630228, 1630237)"
281,0022200463,402,2,101,3,4:16,MISS Brunson 6' Driving Floating Jump Shot,,,,0,1628973,Jalen Brunson,NYK,0,,,0,,,256,13.0,1904.0,2880.0,976.0,"(203944, 1628973, 1629011, 1629628, 1630193)","(1629660, 1629673, 1630164, 1630228, 1630237)"
282,0022200463,403,4,0,3,4:14,,,Wiseman REBOUND (Off:0 Def:1),,0,1630164,James Wiseman,GSW,0,,,0,,,254,2.0,1906.0,2880.0,974.0,"(203944, 1628973, 1629011, 1629628, 1630193)","(1629660, 1629673, 1630164, 1630228, 1630237)"
283,0022200463,404,1,41,3,4:10,,,Jerome 1' Running Layup (11 PTS) (Kuminga 2 AST),75 - 90,15,1629660,Ty Jerome,GSW,1630228,Jonathan Kuminga,GSW,0,,,250,4.0,1910.0,2880.0,970.0,"(203944, 1628973, 1629011, 1629628, 1630193)","(1629660, 1629673, 1630164, 1630228, 1630237)"
284,0022200463,406,9,1,3,4:10,KNICKS Timeout: Regular (Full 3 Short 0),,,,0,1610612752,,,0,,,0,,,250,0.0,1910.0,2880.0,970.0,"(203944, 1628973, 1629011, 1629628, 1630193)","(1629660, 1629673, 1630164, 1630228, 1630237)"
285,0022200463,407,1,1,3,3:58,Quickley 3PT Jump Shot (12 PTS) (Barrett 5 AST),,,75 - 93,18,1630193,Immanuel Quickley,NYK,1629628,RJ Barrett,NYK,0,,,238,12.0,1922.0,2880.0,958.0,"(203944, 1628973, 1629011, 1629628, 1630193)","(1629660, 1629673, 1630164, 1630228, 1630237)"
286,0022200463,409,5,1,3,3:43,Robinson STEAL (3 STL),,Poole Bad Pass Turnover (P4.T12),,0,1629673,Jordan Poole,GSW,1629011,Mitchell Robinson,NYK,0,,,223,15.0,1937.0,2880.0,943.0,"(203944, 1628973, 1629011, 1629628, 1630193)","(1629660, 1629673, 1630164, 1630228, 1630237)"
287,0022200463,411,2,2,3,3:29,MISS Barrett 4' Running Jump Shot,,Wiseman BLOCK (2 BLK),,0,1629628,RJ Barrett,NYK,0,,,1630164,James Wiseman,GSW,209,14.0,1951.0,2880.0,929.0,"(203944, 1628973, 1629011, 1629628, 1630193)","(1629660, 1629673, 1630164, 1630228, 1630237)"
288,0022200463,413,4,0,3,3:27,KNICKS Rebound,,,,0,1610612752,,,0,,,0,,,207,2.0,1953.0,2880.0,927.0,"(203944, 1628973, 1629011, 1629628, 1630193)","(1629660, 1629673, 1630164, 1630228, 1630237)"
289,0022200463,415,8,0,3,3:27,,,SUB: Moody FOR Poole,,0,1629673,Jordan Poole,GSW,1630541,Moses Moody,GSW,0,,,207,0.0,1953.0,2880.0,927.0,"(203944, 1628973, 1629011, 1629628, 1630193)","(1629660, 1630164, 1630228, 1630237, 1630541)"
290,0022200463,417,2,1,3,3:24,MISS Quickley 20' Jump Shot,,,,0,1630193,Immanuel Quickley,NYK,0,,,0,,,204,3.0,1956.0,2880.0,924.0,"(203944, 1628973, 1629011, 1629628, 1630193)","(1629660, 1630164, 1630228, 1630237, 1630541)"
291,0022200463,418,4,0,3,3:22,,,Lamb REBOUND (Off:0 Def:1),,0,1630237,Anthony Lamb,GSW,0,,,0,,,202,2.0,1958.0,2880.0,922.0,"(203944, 1628973, 1629011, 1629628, 1630193)","(1629660, 1630164, 1630228, 1630237, 1630541)"
292,0022200463,419,2,86,3,3:02,,,MISS Wiseman 13' Turnaround Fadeaway Shot,,0,1630164,James Wiseman,GSW,0,,,0,,,182,20.0,1978.0,2880.0,902.0,"(203944, 1628973, 1629011, 1629628, 1630193)","(1629660, 1630164, 1630228, 1630237, 1630541)"
293,0022200463,420,4,0,3,3:00,Brunson REBOUND (Off:0 Def:3),,,,0,1628973,Jalen Brunson,NYK,0,,,0,,,180,2.0,1980.0,2880.0,900.0,"(203944, 1628973, 1629011, 1629628, 1630193)","(1629660, 1630164, 1630228, 1630237, 1630541)"
294,0022200463,421,2,1,3,2:52,MISS Barrett 26' 3PT Jump Shot,,,,0,1629628,RJ Barrett,NYK,0,,,0,,,172,8.0,1988.0,2880.0,892.0,"(203944, 1628973, 1629011, 1629628, 1630193)","(1629660, 1630164, 1630228, 1630237, 1630541)"
295,0022200463,422,4,0,3,2:50,,,Kuminga REBOUND (Off:1 Def:1),,0,1630228,Jonathan Kuminga,GSW,0,,,0,,,170,2.0,1990.0,2880.0,890.0,"(203944, 1628973, 1629011, 1629628, 1630193)","(1629660, 1630164, 1630228, 1630237, 1630541)"
296,0022200463,423,1,7,3,2:36,,,Wiseman Dunk (4 PTS) (Kuminga 3 AST),77 - 93,16,1630164,James Wiseman,GSW,1630228,Jonathan Kuminga,GSW,0,,,156,14.0,2004.0,2880.0,876.0,"(203944, 1628973, 1629011, 1629628, 1630193)","(1629660, 1630164, 1630228, 1630237, 1630541)"
297,0022200463,425,2,1,3,2:06,MISS Brunson 25' 3PT Jump Shot,,,,0,1628973,Jalen Brunson,NYK,0,,,0,,,126,30.0,2034.0,2880.0,846.0,"(203944, 1628973, 1629011, 1629628, 1630193)","(1629660, 1630164, 1630228, 1630237, 1630541)"
298,0022200463,426,4,0,3,2:03,Robinson REBOUND (Off:5 Def:5),,,,0,1629011,Mitchell Robinson,NYK,0,,,0,,,123,3.0,2037.0,2880.0,843.0,"(203944, 1628973, 1629011, 1629628, 1630193)","(1629660, 1630164, 1630228, 1630237, 1630541)"
299,0022200463,427,1,7,3,1:57,Robinson 1' Dunk (9 PTS),,,77 - 95,18,1629011,Mitchell Robinson,NYK,0,,,0,,,117,6.0,2043.0,2880.0,837.0,"(203944, 1628973, 1629011, 1629628, 1630193)","(1629660, 1630164, 1630228, 1630237, 1630541)"
300,0022200463,428,2,1,3,1:36,,,MISS Lamb 3PT Jump Shot,,0,1630237,Anthony Lamb,GSW,0,,,0,,,96,21.0,2064.0,2880.0,816.0,"(203944, 1628973, 1629011, 1629628, 1630193)","(1629660, 1630164, 1630228, 1630237, 1630541)"
301,0022200463,429,4,0,3,1:34,Robinson REBOUND (Off:5 Def:6),,,,0,1629011,Mitchell Robinson,NYK,0,,,0,,,94,2.0,2066.0,2880.0,814.0,"(203944, 1628973, 1629011, 1629628, 1630193)","(1629660, 1630164, 1630228, 1630237, 1630541)"
302,0022200463,430,5,1,3,1:23,Quickley Bad Pass Turnover (P3.T8),,Wiseman STEAL (1 STL),,0,1630193,Immanuel Quickley,NYK,1630164,James Wiseman,GSW,0,,,83,11.0,2077.0,2880.0,803.0,"(203944, 1628973, 1629011, 1629628, 1630193)","(1629660, 1630164, 1630228, 1630237, 1630541)"
303,0022200463,432,6,2,3,1:21,Brunson S.FOUL (P1.T2) (J.DeRosa),,,,0,1628973,Jalen Brunson,NYK,1630228,Jonathan Kuminga,GSW,0,,,81,2.0,2079.0,2880.0,801.0,"(203944, 1628973, 1629011, 1629628, 1630193)","(1629660, 1630164, 1630228, 1630237, 1630541)"
304,0022200463,435,8,0,3,1:21,SUB: Hartenstein FOR Robinson,,,,0,1629011,Mitchell Robinson,NYK,1628392,Isaiah Hartenstein,NYK,0,,,81,0.0,2079.0,2880.0,801.0,"(203944, 1628392, 1628973, 1629628, 1630193)","(1629660, 1630164, 1630228, 1630237, 1630541)"
305,0022200463,434,3,11,3,1:21,,,Kuminga Free Throw 1 of 2 (7 PTS),78 - 95,17,1630228,Jonathan Kuminga,GSW,0,,,0,,,81,0.0,2079.0,2880.0,801.0,"(203944, 1628392, 1628973, 1629628, 1630193)","(1629660, 1630164, 1630228, 1630237, 1630541)"
306,0022200463,437,3,12,3,1:21,,,Kuminga Free Throw 2 of 2 (8 PTS),79 - 95,16,1630228,Jonathan Kuminga,GSW,0,,,0,,,81,0.0,2079.0,2880.0,801.0,"(203944, 1628392, 1628973, 1629628, 1630193)","(1629660, 1630164, 1630228, 1630237, 1630541)"
307,0022200463,438,6,1,3,1:14,,,Jerome P.FOUL (P2.PN) (S.Wall),,0,1629660,Ty Jerome,GSW,1628973,Jalen Brunson,NYK,0,,,74,7.0,2086.0,2880.0,794.0,"(203944, 1628392, 1628973, 1629628, 1630193)","(1629660, 1630164, 1630228, 1630237, 1630541)"
308,0022200463,441,8,0,3,1:14,SUB: Grimes FOR Barrett,,,,0,1629628,RJ Barrett,NYK,1629656,Quentin Grimes,NYK,0,,,74,0.0,2086.0,2880.0,794.0,"(203944, 1628392, 1628973, 1629656, 1630193)","(1629660, 1630164, 1630228, 1630237, 1630541)"
309,0022200463,440,3,11,3,1:14,Brunson Free Throw 1 of 2 (20 PTS),,,79 - 96,17,1628973,Jalen Brunson,NYK,0,,,0,,,74,0.0,2086.0,2880.0,794.0,"(203944, 1628392, 1628973, 1629656, 1630193)","(1629660, 1630164, 1630228, 1630237, 1630541)"
310,0022200463,443,3,12,3,1:14,Brunson Free Throw 2 of 2 (21 PTS),,,79 - 97,18,1628973,Jalen Brunson,NYK,0,,,0,,,74,0.0,2086.0,2880.0,794.0,"(203944, 1628392, 1628973, 1629656, 1630193)","(1629660, 1630164, 1630228, 1630237, 1630541)"
311,0022200463,444,2,63,3,0:57,,,MISS Wiseman 7' Fadeaway Jumper,,0,1630164,James Wiseman,GSW,0,,,0,,,57,17.0,2103.0,2880.0,777.0,"(203944, 1628392, 1628973, 1629656, 1630193)","(1629660, 1630164, 1630228, 1630237, 1630541)"
312,0022200463,445,4,0,3,0:55,Randle REBOUND (Off:2 Def:10),,,,0,203944,Julius Randle,NYK,0,,,0,,,55,2.0,2105.0,2880.0,775.0,"(203944, 1628392, 1628973, 1629656, 1630193)","(1629660, 1630164, 1630228, 1630237, 1630541)"
313,0022200463,446,6,2,3,0:48,,,Kuminga S.FOUL (P2.PN) (E.Malloy),,0,1630228,Jonathan Kuminga,GSW,203944,Julius Randle,NYK,0,,,48,7.0,2112.0,2880.0,768.0,"(203944, 1628392, 1628973, 1629656, 1630193)","(1629660, 1630164, 1630228, 1630237, 1630541)"
314,0022200463,450,8,0,3,0:48,SUB: McBride FOR Brunson,,,,0,1628973,Jalen Brunson,NYK,1630540,Miles McBride,NYK,0,,,48,0.0,2112.0,2880.0,768.0,"(203944, 1628392, 1629656, 1630193, 1630540)","(1629660, 1630164, 1630228, 1630237, 1630541)"
315,0022200463,448,3,11,3,0:48,MISS Randle Free Throw 1 of 2,,,,0,203944,Julius Randle,NYK,0,,,0,,,48,0.0,2112.0,2880.0,768.0,"(203944, 1628392, 1629656, 1630193, 1630540)","(1629660, 1630164, 1630228, 1630237, 1630541)"
316,0022200463,449,4,1,3,0:48,KNICKS Rebound,,,,0,1610612752,,,0,,,0,,,48,0.0,2112.0,2880.0,768.0,"(203944, 1628392, 1629656, 1630193, 1630540)","(1629660, 1630164, 1630228, 1630237, 1630541)"
317,0022200463,452,3,12,3,0:48,Randle Free Throw 2 of 2 (15 PTS),,,79 - 98,19,203944,Julius Randle,NYK,0,,,0,,,48,0.0,2112.0,2880.0,768.0,"(203944, 1628392, 1629656, 1630193, 1630540)","(1629660, 1630164, 1630228, 1630237, 1630541)"
318,0022200463,453,5,45,3,0:25,,,Kuminga Out of Bounds - Bad Pass Turnover Turnover (P2.T13),,0,1630228,Jonathan Kuminga,GSW,0,,,0,,,25,23.0,2135.0,2880.0,745.0,"(203944, 1628392, 1629656, 1630193, 1630540)","(1629660, 1630164, 1630228, 1630237, 1630541)"
319,0022200463,454,6,2,3,0:05,,,Lamb S.FOUL (P3.PN) (J.DeRosa),,0,1630237,Anthony Lamb,GSW,1630193,Immanuel Quickley,NYK,0,,,5,20.0,2155.0,2880.0,725.0,"(203944, 1628392, 1629656, 1630193, 1630540)","(1629660, 1630164, 1630228, 1630237, 1630541)"
320,0022200463,457,8,0,3,0:05,SUB: Sims FOR Hartenstein,,,,0,1628392,Isaiah Hartenstein,NYK,1630579,Jericho Sims,NYK,0,,,5,0.0,2155.0,2880.0,725.0,"(203944, 1629656, 1630193, 1630540, 1630579)","(1629660, 1630164, 1630228, 1630237, 1630541)"
321,0022200463,458,8,0,3,0:05,,,SUB: Poole FOR Wiseman,,0,1630164,James Wiseman,GSW,1629673,Jordan Poole,GSW,0,,,5,0.0,2155.0,2880.0,725.0,"(203944, 1629656, 1630193, 1630540, 1630579)","(1629660, 1629673, 1630228, 1630237, 1630541)"
322,0022200463,459,8,0,3,0:05,,,SUB: Thompson FOR Kuminga,,0,1630228,Jonathan Kuminga,GSW,202691,Klay Thompson,GSW,0,,,5,0.0,2155.0,2880.0,725.0,"(203944, 1629656, 1630193, 1630540, 1630579)","(202691, 1629660, 1629673, 1630237, 1630541)"
323,0022200463,456,3,11,3,0:05,Quickley Free Throw 1 of 2 (13 PTS),,,79 - 99,20,1630193,Immanuel Quickley,NYK,0,,,0,,,5,0.0,2155.0,2880.0,725.0,"(203944, 1629656, 1630193, 1630540, 1630579)","(202691, 1629660, 1629673, 1630237, 1630541)"
324,0022200463,463,3,12,3,0:05,Quickley Free Throw 2 of 2 (14 PTS),,,79 - 100,21,1630193,Immanuel Quickley,NYK,0,,,0,,,5,0.0,2155.0,2880.0,725.0,"(203944, 1629656, 1630193, 1630540, 1630579)","(202691, 1629660, 1629673, 1630237, 1630541)"
325,0022200463,464,6,1,3,0:00,Grimes P.FOUL (P4.PN) (J.DeRosa),,,,0,1629656,Quentin Grimes,NYK,1629673,Jordan Poole,GSW,0,,,0,5.0,2160.0,2880.0,720.0,"(203944, 1629656, 1630193, 1630540, 1630579)","(202691, 1629660, 1629673, 1630237, 1630541)"
326,0022200463,466,3,11,3,0:00,,,Poole Free Throw 1 of 2 (25 PTS),80 - 100,20,1629673,Jordan Poole,GSW,0,,,0,,,0,0.0,2160.0,2880.0,720.0,"(203944, 1629656, 1630193, 1630540, 1630579)","(202691, 1629660, 1629673, 1630237, 1630541)"
327,0022200463,467,3,12,3,0:00,,,Poole Free Throw 2 of 2 (26 PTS),81 - 100,19,1629673,Jordan Poole,GSW,0,,,0,,,0,0.0,2160.0,2880.0,720.0,"(203944, 1629656, 1630193, 1630540, 1630579)","(202691, 1629660, 1629673, 1630237, 1630541)"
328,0022200463,468,13,0,3,0:00,,End of 3rd Period (9:19 PM EST),,81 - 100,19,0,,,0,,,0,,,0,0.0,2160.0,2880.0,720.0,"(203944, 1629656, 1630193, 1630540, 1630579)","(202691, 1629660, 1629673, 1630237, 1630541)"
329,0022200463,475,12,0,4,12:00,,Start of 4th Period (9:22 PM EST),,81 - 100,19,0,,,0,,,0,,,720,0.0,2160.0,2880.0,720.0,"(1628392, 1629656, 1630193, 1630540, 1630579)","(202691, 203110, 1629673, 1630164, 1630237)"
330,0022200463,476,2,1,4,11:40,MISS McBride 25' 3PT Jump Shot,,,,0,1630540,Miles McBride,NYK,0,,,0,,,700,20.0,2180.0,2880.0,700.0,"(1628392, 1629656, 1630193, 1630540, 1630579)","(202691, 203110, 1629673, 1630164, 1630237)"
331,0022200463,477,4,0,4,11:38,Sims REBOUND (Off:3 Def:0),,,,0,1630579,Jericho Sims,NYK,0,,,0,,,698,2.0,2182.0,2880.0,698.0,"(1628392, 1629656, 1630193, 1630540, 1630579)","(202691, 203110, 1629673, 1630164, 1630237)"
332,0022200463,478,1,72,4,11:38,Sims Putback Layup (6 PTS),,,81 - 102,21,1630579,Jericho Sims,NYK,0,,,0,,,698,0.0,2182.0,2880.0,698.0,"(1628392, 1629656, 1630193, 1630540, 1630579)","(202691, 203110, 1629673, 1630164, 1630237)"
333,0022200463,479,6,4,4,11:24,,,Wiseman OFF.Foul (P4) (S.Wall),,0,1630164,James Wiseman,GSW,1630540,Miles McBride,NYK,0,,,684,14.0,2196.0,2880.0,684.0,"(1628392, 1629656, 1630193, 1630540, 1630579)","(202691, 203110, 1629673, 1630164, 1630237)"
334,0022200463,481,5,37,4,11:24,,,Wiseman Offensive Foul Turnover (P1.T14),,0,1630164,James Wiseman,GSW,0,,,0,,,684,0.0,2196.0,2880.0,684.0,"(1628392, 1629656, 1630193, 1630540, 1630579)","(202691, 203110, 1629673, 1630164, 1630237)"
335,0022200463,482,1,2,4,11:09,Quickley 13' Running Jump Shot (16 PTS),,,81 - 104,23,1630193,Immanuel Quickley,NYK,0,,,0,,,669,15.0,2211.0,2880.0,669.0,"(1628392, 1629656, 1630193, 1630540, 1630579)","(202691, 203110, 1629673, 1630164, 1630237)"
336,0022200463,483,6,2,4,11:09,,,Poole S.FOUL (P1.T1) (S.Wall),,0,1629673,Jordan Poole,GSW,1630193,Immanuel Quickley,NYK,0,,,669,0.0,2211.0,2880.0,669.0,"(1628392, 1629656, 1630193, 1630540, 1630579)","(202691, 203110, 1629673, 1630164, 1630237)"
337,0022200463,485,3,10,4,11:09,Quickley Free Throw 1 of 1 (17 PTS),,,81 - 105,24,1630193,Immanuel Quickley,NYK,0,,,0,,,669,0.0,2211.0,2880.0,669.0,"(1628392, 1629656, 1630193, 1630540, 1630579)","(202691, 203110, 1629673, 1630164, 1630237)"
338,0022200463,487,2,75,4,10:49,,,MISS Thompson 1' Driving Finger Roll Layup,,0,202691,Klay Thompson,GSW,0,,,0,,,649,20.0,2231.0,2880.0,649.0,"(1628392, 1629656, 1630193, 1630540, 1630579)","(202691, 203110, 1629673, 1630164, 1630237)"
339,0022200463,488,4,0,4,10:48,Sims REBOUND (Off:3 Def:1),,,,0,1630579,Jericho Sims,NYK,0,,,0,,,648,1.0,2232.0,2880.0,648.0,"(1628392, 1629656, 1630193, 1630540, 1630579)","(202691, 203110, 1629673, 1630164, 1630237)"
340,0022200463,489,1,1,4,10:40,Quickley 27' 3PT Jump Shot (20 PTS),,,81 - 108,27,1630193,Immanuel Quickley,NYK,0,,,0,,,640,8.0,2240.0,2880.0,640.0,"(1628392, 1629656, 1630193, 1630540, 1630579)","(202691, 203110, 1629673, 1630164, 1630237)"
341,0022200463,490,9,1,4,10:38,,,Warriors Timeout: Regular (Reg.4 Short 0),,0,1610612744,,,0,,,0,,,638,2.0,2242.0,2880.0,638.0,"(1628392, 1629656, 1630193, 1630540, 1630579)","(202691, 203110, 1629673, 1630164, 1630237)"
342,0022200463,491,8,0,4,10:38,,,SUB: Moody FOR Poole,,0,1629673,Jordan Poole,GSW,1630541,Moses Moody,GSW,0,,,638,0.0,2242.0,2880.0,638.0,"(1628392, 1629656, 1630193, 1630540, 1630579)","(202691, 203110, 1630164, 1630237, 1630541)"
343,0022200463,492,8,0,4,10:38,,,SUB: Kuminga FOR Thompson,,0,202691,Klay Thompson,GSW,1630228,Jonathan Kuminga,GSW,0,,,638,0.0,2242.0,2880.0,638.0,"(1628392, 1629656, 1630193, 1630540, 1630579)","(203110, 1630164, 1630228, 1630237, 1630541)"
344,0022200463,493,8,0,4,10:38,,,SUB: Jerome FOR Green,,0,203110,Draymond Green,GSW,1629660,Ty Jerome,GSW,0,,,638,0.0,2242.0,2880.0,638.0,"(1628392, 1629656, 1630193, 1630540, 1630579)","(1629660, 1630164, 1630228, 1630237, 1630541)"
345,0022200463,497,2,1,4,10:20,,,MISS Kuminga 3PT Jump Shot,,0,1630228,Jonathan Kuminga,GSW,0,,,0,,,620,18.0,2260.0,2880.0,620.0,"(1628392, 1629656, 1630193, 1630540, 1630579)","(1629660, 1630164, 1630228, 1630237, 1630541)"
346,0022200463,498,4,0,4,10:18,Quickley REBOUND (Off:0 Def:3),,,,0,1630193,Immanuel Quickley,NYK,0,,,0,,,618,2.0,2262.0,2880.0,618.0,"(1628392, 1629656, 1630193, 1630540, 1630579)","(1629660, 1630164, 1630228, 1630237, 1630541)"
347,0022200463,499,1,1,4,9:55,McBride 3PT Jump Shot (6 PTS),,,81 - 111,30,1630540,Miles McBride,NYK,0,,,0,,,595,23.0,2285.0,2880.0,595.0,"(1628392, 1629656, 1630193, 1630540, 1630579)","(1629660, 1630164, 1630228, 1630237, 1630541)"
348,0022200463,500,1,80,4,9:31,,,Kuminga 12' Step Back Jump Shot (10 PTS) (Moody 1 AST),83 - 111,28,1630228,Jonathan Kuminga,GSW,1630541,Moses Moody,GSW,0,,,571,24.0,2309.0,2880.0,571.0,"(1628392, 1629656, 1630193, 1630540, 1630579)","(1629660, 1630164, 1630228, 1630237, 1630541)"
349,0022200463,502,2,1,4,9:13,MISS McBride 24' 3PT Jump Shot,,,,0,1630540,Miles McBride,NYK,0,,,0,,,553,18.0,2327.0,2880.0,553.0,"(1628392, 1629656, 1630193, 1630540, 1630579)","(1629660, 1630164, 1630228, 1630237, 1630541)"
350,0022200463,503,4,0,4,9:11,Hartenstein REBOUND (Off:1 Def:0),,,,0,1628392,Isaiah Hartenstein,NYK,0,,,0,,,551,2.0,2329.0,2880.0,551.0,"(1628392, 1629656, 1630193, 1630540, 1630579)","(1629660, 1630164, 1630228, 1630237, 1630541)"
351,0022200463,504,2,97,4,9:11,MISS Hartenstein 1' Tip Layup Shot,,,,0,1628392,Isaiah Hartenstein,NYK,0,,,0,,,551,0.0,2329.0,2880.0,551.0,"(1628392, 1629656, 1630193, 1630540, 1630579)","(1629660, 1630164, 1630228, 1630237, 1630541)"
352,0022200463,505,4,0,4,9:09,,,Wiseman REBOUND (Off:0 Def:2),,0,1630164,James Wiseman,GSW,0,,,0,,,549,2.0,2331.0,2880.0,549.0,"(1628392, 1629656, 1630193, 1630540, 1630579)","(1629660, 1630164, 1630228, 1630237, 1630541)"
353,0022200463,507,6,1,4,8:58,Grimes P.FOUL (P5.T1) (S.Wall),,,,0,1629656,Quentin Grimes,NYK,1630237,Anthony Lamb,GSW,0,,,538,11.0,2342.0,2880.0,538.0,"(1628392, 1629656, 1630193, 1630540, 1630579)","(1629660, 1630164, 1630228, 1630237, 1630541)"
354,0022200463,509,1,1,4,8:46,,,Moody 17' Jump Shot (8 PTS) (Jerome 3 AST),85 - 111,26,1630541,Moses Moody,GSW,1629660,Ty Jerome,GSW,0,,,526,12.0,2354.0,2880.0,526.0,"(1628392, 1629656, 1630193, 1630540, 1630579)","(1629660, 1630164, 1630228, 1630237, 1630541)"
355,0022200463,511,1,7,4,8:24,Sims 1' Dunk (8 PTS) (Hartenstein 1 AST),,,85 - 113,28,1630579,Jericho Sims,NYK,1628392,Isaiah Hartenstein,NYK,0,,,504,22.0,2376.0,2880.0,504.0,"(1628392, 1629656, 1630193, 1630540, 1630579)","(1629660, 1630164, 1630228, 1630237, 1630541)"
356,0022200463,513,5,1,4,8:13,McBride STEAL (1 STL),,Jerome Bad Pass Turnover (P2.T15),,0,1629660,Ty Jerome,GSW,1630540,Miles McBride,NYK,0,,,493,11.0,2387.0,2880.0,493.0,"(1628392, 1629656, 1630193, 1630540, 1630579)","(1629660, 1630164, 1630228, 1630237, 1630541)"
357,0022200463,515,2,6,4,8:06,MISS Hartenstein 2' Driving Layup,,,,0,1628392,Isaiah Hartenstein,NYK,0,,,0,,,486,7.0,2394.0,2880.0,486.0,"(1628392, 1629656, 1630193, 1630540, 1630579)","(1629660, 1630164, 1630228, 1630237, 1630541)"
358,0022200463,516,4,0,4,8:04,,,Wiseman REBOUND (Off:0 Def:3),,0,1630164,James Wiseman,GSW,0,,,0,,,484,2.0,2396.0,2880.0,484.0,"(1628392, 1629656, 1630193, 1630540, 1630579)","(1629660, 1630164, 1630228, 1630237, 1630541)"
359,0022200463,517,1,1,4,7:55,,,Moody 25' 3PT Jump Shot (11 PTS) (Lamb 1 AST),88 - 113,25,1630541,Moses Moody,GSW,1630237,Anthony Lamb,GSW,0,,,475,9.0,2405.0,2880.0,475.0,"(1628392, 1629656, 1630193, 1630540, 1630579)","(1629660, 1630164, 1630228, 1630237, 1630541)"
360,0022200463,519,5,4,4,7:40,Quickley Traveling Turnover (P4.T9),,,,0,1630193,Immanuel Quickley,NYK,0,,,0,,,460,15.0,2420.0,2880.0,460.0,"(1628392, 1629656, 1630193, 1630540, 1630579)","(1629660, 1630164, 1630228, 1630237, 1630541)"
361,0022200463,520,8,0,4,7:40,,,SUB: Rollins FOR Lamb,,0,1630237,Anthony Lamb,GSW,1631157,Ryan Rollins,GSW,0,,,460,0.0,2420.0,2880.0,460.0,"(1628392, 1629656, 1630193, 1630540, 1630579)","(1629660, 1630164, 1630228, 1630541, 1631157)"
362,0022200463,521,8,0,4,7:40,,,SUB: Baldwin Jr. FOR Jerome,,0,1629660,Ty Jerome,GSW,1631116,Patrick Baldwin,GSW,0,,,460,0.0,2420.0,2880.0,460.0,"(1628392, 1629656, 1630193, 1630540, 1630579)","(1630164, 1630228, 1630541, 1631116, 1631157)"
363,0022200463,524,5,1,4,7:29,Quickley STEAL (2 STL),,Wiseman Bad Pass Turnover (P2.T16),,0,1630164,James Wiseman,GSW,1630193,Immanuel Quickley,NYK,0,,,449,11.0,2431.0,2880.0,449.0,"(1628392, 1629656, 1630193, 1630540, 1630579)","(1630164, 1630228, 1630541, 1631116, 1631157)"
364,0022200463,526,1,41,4,7:27,Grimes 1' Running Layup (18 PTS),,,88 - 115,27,1629656,Quentin Grimes,NYK,0,,,0,,,447,2.0,2433.0,2880.0,447.0,"(1628392, 1629656, 1630193, 1630540, 1630579)","(1630164, 1630228, 1630541, 1631116, 1631157)"
365,0022200463,527,7,2,4,7:27,,,Wiseman Violation:Defensive Goaltending (E.Malloy),,0,1630164,James Wiseman,GSW,0,,,0,,,447,0.0,2433.0,2880.0,447.0,"(1628392, 1629656, 1630193, 1630540, 1630579)","(1630164, 1630228, 1630541, 1631116, 1631157)"
366,0022200463,528,6,2,4,7:27,,,Rollins S.FOUL (P1.T2) (S.Wall),,0,1631157,Ryan Rollins,GSW,1629656,Quentin Grimes,NYK,0,,,447,0.0,2433.0,2880.0,447.0,"(1628392, 1629656, 1630193, 1630540, 1630579)","(1630164, 1630228, 1630541, 1631116, 1631157)"
367,0022200463,530,3,10,4,7:27,Grimes Free Throw 1 of 1 (19 PTS),,,88 - 116,28,1629656,Quentin Grimes,NYK,0,,,0,,,447,0.0,2433.0,2880.0,447.0,"(1628392, 1629656, 1630193, 1630540, 1630579)","(1630164, 1630228, 1630541, 1631116, 1631157)"
368,0022200463,577,2,6,4,7:27,Quickley BLOCK (1 BLK),,MISS Moody 6' Driving Layup,,0,1630541,Moses Moody,GSW,0,,,1630193,Immanuel Quickley,NYK,447,0.0,2433.0,2880.0,447.0,"(1628392, 1629656, 1630193, 1630540, 1630579)","(1630164, 1630228, 1630541, 1631116, 1631157)"
369,0022200463,579,4,0,4,7:27,Sims REBOUND (Off:3 Def:2),,,,0,1630579,Jericho Sims,NYK,0,,,0,,,447,0.0,2433.0,2880.0,447.0,"(1628392, 1629656, 1630193, 1630540, 1630579)","(1630164, 1630228, 1630541, 1631116, 1631157)"
370,0022200463,533,2,79,4,7:03,MISS Grimes 24' 3PT Pullup Jump Shot,,,,0,1629656,Quentin Grimes,NYK,0,,,0,,,423,24.0,2457.0,2880.0,423.0,"(1628392, 1629656, 1630193, 1630540, 1630579)","(1630164, 1630228, 1630541, 1631116, 1631157)"
371,0022200463,534,4,0,4,7:01,,,Kuminga REBOUND (Off:1 Def:2),,0,1630228,Jonathan Kuminga,GSW,0,,,0,,,421,2.0,2459.0,2880.0,421.0,"(1628392, 1629656, 1630193, 1630540, 1630579)","(1630164, 1630228, 1630541, 1631116, 1631157)"
372,0022200463,535,5,45,4,6:53,,,Kuminga Out of Bounds - Bad Pass Turnover Turnover (P3.T17),,0,1630228,Jonathan Kuminga,GSW,0,,,0,,,413,8.0,2467.0,2880.0,413.0,"(1628392, 1629656, 1630193, 1630540, 1630579)","(1630164, 1630228, 1630541, 1631116, 1631157)"
373,0022200463,536,6,2,4,6:36,,,Kuminga S.FOUL (P3.T3) (J.DeRosa),,0,1630228,Jonathan Kuminga,GSW,1630193,Immanuel Quickley,NYK,0,,,396,17.0,2484.0,2880.0,396.0,"(1628392, 1629656, 1630193, 1630540, 1630579)","(1630164, 1630228, 1630541, 1631116, 1631157)"
374,0022200463,538,3,11,4,6:36,Quickley Free Throw 1 of 2 (21 PTS),,,88 - 117,29,1630193,Immanuel Quickley,NYK,0,,,0,,,396,0.0,2484.0,2880.0,396.0,"(1628392, 1629656, 1630193, 1630540, 1630579)","(1630164, 1630228, 1630541, 1631116, 1631157)"
375,0022200463,539,3,12,4,6:36,Quickley Free Throw 2 of 2 (22 PTS),,,88 - 118,30,1630193,Immanuel Quickley,NYK,0,,,0,,,396,0.0,2484.0,2880.0,396.0,"(1628392, 1629656, 1630193, 1630540, 1630579)","(1630164, 1630228, 1630541, 1631116, 1631157)"
376,0022200463,540,2,1,4,6:22,,,MISS Baldwin Jr. 3PT Jump Shot,,0,1631116,Patrick Baldwin,GSW,0,,,0,,,382,14.0,2498.0,2880.0,382.0,"(1628392, 1629656, 1630193, 1630540, 1630579)","(1630164, 1630228, 1630541, 1631116, 1631157)"
377,0022200463,541,4,0,4,6:20,Hartenstein REBOUND (Off:1 Def:1),,,,0,1628392,Isaiah Hartenstein,NYK,0,,,0,,,380,2.0,2500.0,2880.0,380.0,"(1628392, 1629656, 1630193, 1630540, 1630579)","(1630164, 1630228, 1630541, 1631116, 1631157)"
378,0022200463,542,6,4,4,6:08,Hartenstein OFF.Foul (P1) (E.Malloy),,,,0,1628392,Isaiah Hartenstein,NYK,1630164,James Wiseman,GSW,0,,,368,12.0,2512.0,2880.0,368.0,"(1628392, 1629656, 1630193, 1630540, 1630579)","(1630164, 1630228, 1630541, 1631116, 1631157)"
379,0022200463,544,5,37,4,6:08,Hartenstein Offensive Foul Turnover (P1.T10),,,,0,1628392,Isaiah Hartenstein,NYK,0,,,0,,,368,0.0,2512.0,2880.0,368.0,"(1628392, 1629656, 1630193, 1630540, 1630579)","(1630164, 1630228, 1630541, 1631116, 1631157)"
380,0022200463,545,8,0,4,6:08,SUB: Mykhailiuk FOR Grimes,,,,0,1629656,Quentin Grimes,NYK,1629004,Svi Mykhailiuk,NYK,0,,,368,0.0,2512.0,2880.0,368.0,"(1628392, 1629004, 1630193, 1630540, 1630579)","(1630164, 1630228, 1630541, 1631116, 1631157)"
381,0022200463,547,2,47,4,5:49,,,MISS Baldwin Jr. 11' Turnaround Jump Shot,,0,1631116,Patrick Baldwin,GSW,0,,,0,,,349,19.0,2531.0,2880.0,349.0,"(1628392, 1629004, 1630193, 1630540, 1630579)","(1630164, 1630228, 1630541, 1631116, 1631157)"
382,0022200463,548,4,0,4,5:47,Sims REBOUND (Off:3 Def:3),,,,0,1630579,Jericho Sims,NYK,0,,,0,,,347,2.0,2533.0,2880.0,347.0,"(1628392, 1629004, 1630193, 1630540, 1630579)","(1630164, 1630228, 1630541, 1631116, 1631157)"
383,0022200463,549,10,0,4,5:43,Jump Ball Sims vs. Rollins: Tip to Hartenstein,,,,0,1630579,Jericho Sims,NYK,1631157,Ryan Rollins,GSW,1628392,Isaiah Hartenstein,NYK,343,4.0,2537.0,2880.0,343.0,"(1628392, 1629004, 1630193, 1630540, 1630579)","(1630164, 1630228, 1630541, 1631116, 1631157)"
384,0022200463,552,1,50,4,5:41,McBride Running Dunk (8 PTS) (Hartenstein 2 AST),,,88 - 120,32,1630540,Miles McBride,NYK,1628392,Isaiah Hartenstein,NYK,0,,,341,2.0,2539.0,2880.0,341.0,"(1628392, 1629004, 1630193, 1630540, 1630579)","(1630164, 1630228, 1630541, 1631116, 1631157)"
385,0022200463,554,9,1,4,5:41,,,Warriors Timeout: Regular (Reg.5 Short 0),,0,1610612744,,,0,,,0,,,341,0.0,2539.0,2880.0,341.0,"(1628392, 1629004, 1630193, 1630540, 1630579)","(1630164, 1630228, 1630541, 1631116, 1631157)"
386,0022200463,555,2,1,4,5:23,,,MISS Baldwin Jr. 26' 3PT Jump Shot,,0,1631116,Patrick Baldwin,GSW,0,,,0,,,323,18.0,2557.0,2880.0,323.0,"(1628392, 1629004, 1630193, 1630540, 1630579)","(1630164, 1630228, 1630541, 1631116, 1631157)"
387,0022200463,556,4,0,4,5:21,Quickley REBOUND (Off:0 Def:4),,,,0,1630193,Immanuel Quickley,NYK,0,,,0,,,321,2.0,2559.0,2880.0,321.0,"(1628392, 1629004, 1630193, 1630540, 1630579)","(1630164, 1630228, 1630541, 1631116, 1631157)"
388,0022200463,557,2,101,4,5:11,MISS Quickley 5' Driving Floating Jump Shot,,,,0,1630193,Immanuel Quickley,NYK,0,,,0,,,311,10.0,2569.0,2880.0,311.0,"(1628392, 1629004, 1630193, 1630540, 1630579)","(1630164, 1630228, 1630541, 1631116, 1631157)"
389,0022200463,558,4,0,4,5:09,,,Baldwin Jr. REBOUND (Off:0 Def:1),,0,1631116,Patrick Baldwin,GSW,0,,,0,,,309,2.0,2571.0,2880.0,309.0,"(1628392, 1629004, 1630193, 1630540, 1630579)","(1630164, 1630228, 1630541, 1631116, 1631157)"
390,0022200463,559,2,101,4,4:57,,,MISS Rollins 3' Driving Floating Jump Shot,,0,1631157,Ryan Rollins,GSW,0,,,0,,,297,12.0,2583.0,2880.0,297.0,"(1628392, 1629004, 1630193, 1630540, 1630579)","(1630164, 1630228, 1630541, 1631116, 1631157)"
391,0022200463,560,4,0,4,4:56,,,Warriors Rebound,,0,1610612744,,,0,,,0,,,296,1.0,2584.0,2880.0,296.0,"(1628392, 1629004, 1630193, 1630540, 1630579)","(1630164, 1630228, 1630541, 1631116, 1631157)"
392,0022200463,562,2,1,4,4:51,,,MISS Baldwin Jr. 24' 3PT Jump Shot,,0,1631116,Patrick Baldwin,GSW,0,,,0,,,291,5.0,2589.0,2880.0,291.0,"(1628392, 1629004, 1630193, 1630540, 1630579)","(1630164, 1630228, 1630541, 1631116, 1631157)"
393,0022200463,563,4,0,4,4:49,Hartenstein REBOUND (Off:1 Def:2),,,,0,1628392,Isaiah Hartenstein,NYK,0,,,0,,,289,2.0,2591.0,2880.0,289.0,"(1628392, 1629004, 1630193, 1630540, 1630579)","(1630164, 1630228, 1630541, 1631116, 1631157)"
394,0022200463,564,1,1,4,4:44,Mykhailiuk 3PT Jump Shot (3 PTS) (Quickley 2 AST),,,88 - 123,35,1629004,Svi Mykhailiuk,NYK,1630193,Immanuel Quickley,NYK,0,,,284,5.0,2596.0,2880.0,284.0,"(1628392, 1629004, 1630193, 1630540, 1630579)","(1630164, 1630228, 1630541, 1631116, 1631157)"
395,0022200463,566,1,1,4,4:30,,,Kuminga 26' 3PT Jump Shot (13 PTS) (Baldwin Jr. 1 AST),91 - 123,32,1630228,Jonathan Kuminga,GSW,1631116,Patrick Baldwin,GSW,0,,,270,14.0,2610.0,2880.0,270.0,"(1628392, 1629004, 1630193, 1630540, 1630579)","(1630164, 1630228, 1630541, 1631116, 1631157)"
396,0022200463,568,2,1,4,4:12,MISS Quickley 24' 3PT Jump Shot,,,,0,1630193,Immanuel Quickley,NYK,0,,,0,,,252,18.0,2628.0,2880.0,252.0,"(1628392, 1629004, 1630193, 1630540, 1630579)","(1630164, 1630228, 1630541, 1631116, 1631157)"
397,0022200463,569,4,0,4,4:10,Hartenstein REBOUND (Off:2 Def:2),,,,0,1628392,Isaiah Hartenstein,NYK,0,,,0,,,250,2.0,2630.0,2880.0,250.0,"(1628392, 1629004, 1630193, 1630540, 1630579)","(1630164, 1630228, 1630541, 1631116, 1631157)"
398,0022200463,570,1,7,4,4:09,Hartenstein 1' Dunk (2 PTS),,,91 - 125,34,1628392,Isaiah Hartenstein,NYK,0,,,0,,,249,1.0,2631.0,2880.0,249.0,"(1628392, 1629004, 1630193, 1630540, 1630579)","(1630164, 1630228, 1630541, 1631116, 1631157)"
399,0022200463,571,2,1,4,3:47,,,MISS Rollins 24' 3PT Jump Shot,,0,1631157,Ryan Rollins,GSW,0,,,0,,,227,22.0,2653.0,2880.0,227.0,"(1628392, 1629004, 1630193, 1630540, 1630579)","(1630164, 1630228, 1630541, 1631116, 1631157)"
400,0022200463,572,4,0,4,3:45,Sims REBOUND (Off:3 Def:4),,,,0,1630579,Jericho Sims,NYK,0,,,0,,,225,2.0,2655.0,2880.0,225.0,"(1628392, 1629004, 1630193, 1630540, 1630579)","(1630164, 1630228, 1630541, 1631116, 1631157)"
401,0022200463,573,5,4,4,3:29,Sims Traveling Turnover (P1.T11),,,,0,1630579,Jericho Sims,NYK,0,,,0,,,209,16.0,2671.0,2880.0,209.0,"(1628392, 1629004, 1630193, 1630540, 1630579)","(1630164, 1630228, 1630541, 1631116, 1631157)"
402,0022200463,574,8,0,4,3:29,SUB: Arcidiacono FOR Quickley,,,,0,1630193,Immanuel Quickley,NYK,1627853,Ryan Arcidiacono,NYK,0,,,209,0.0,2671.0,2880.0,209.0,"(1627853, 1628392, 1629004, 1630540, 1630579)","(1630164, 1630228, 1630541, 1631116, 1631157)"
403,0022200463,576,5,40,4,3:21,,,Rollins Out of Bounds Lost Ball Turnover (P1.T18),,0,1631157,Ryan Rollins,GSW,0,,,0,,,201,8.0,2679.0,2880.0,201.0,"(1627853, 1628392, 1629004, 1630540, 1630579)","(1630164, 1630228, 1630541, 1631116, 1631157)"
404,0022200463,580,1,1,4,2:58,Arcidiacono 25' 3PT Jump Shot (3 PTS) (Mykhailiuk 1 AST),,,91 - 128,37,1627853,Ryan Arcidiacono,NYK,1629004,Svi Mykhailiuk,NYK,0,,,178,23.0,2702.0,2880.0,178.0,"(1627853, 1628392, 1629004, 1630540, 1630579)","(1630164, 1630228, 1630541, 1631116, 1631157)"
405,0022200463,582,2,79,4,2:42,,,MISS Moody 13' Pullup Jump Shot,,0,1630541,Moses Moody,GSW,0,,,0,,,162,16.0,2718.0,2880.0,162.0,"(1627853, 1628392, 1629004, 1630540, 1630579)","(1630164, 1630228, 1630541, 1631116, 1631157)"
406,0022200463,583,4,0,4,2:40,Hartenstein REBOUND (Off:2 Def:3),,,,0,1628392,Isaiah Hartenstein,NYK,0,,,0,,,160,2.0,2720.0,2880.0,160.0,"(1627853, 1628392, 1629004, 1630540, 1630579)","(1630164, 1630228, 1630541, 1631116, 1631157)"
407,0022200463,584,2,1,4,2:31,MISS Mykhailiuk 27' 3PT Jump Shot,,,,0,1629004,Svi Mykhailiuk,NYK,0,,,0,,,151,9.0,2729.0,2880.0,151.0,"(1627853, 1628392, 1629004, 1630540, 1630579)","(1630164, 1630228, 1630541, 1631116, 1631157)"
408,0022200463,585,4,0,4,2:29,,,Kuminga REBOUND (Off:1 Def:3),,0,1630228,Jonathan Kuminga,GSW,0,,,0,,,149,2.0,2731.0,2880.0,149.0,"(1627853, 1628392, 1629004, 1630540, 1630579)","(1630164, 1630228, 1630541, 1631116, 1631157)"
409,0022200463,586,1,1,4,2:19,,,Baldwin Jr. 25' 3PT Jump Shot (3 PTS) (Kuminga 4 AST),94 - 128,34,1631116,Patrick Baldwin,GSW,1630228,Jonathan Kuminga,GSW,0,,,139,10.0,2741.0,2880.0,139.0,"(1627853, 1628392, 1629004, 1630540, 1630579)","(1630164, 1630228, 1630541, 1631116, 1631157)"
410,0022200463,587,2,1,4,1:59,MISS Hartenstein 3PT Jump Shot,,,,0,1628392,Isaiah Hartenstein,NYK,0,,,0,,,119,20.0,2761.0,2880.0,119.0,"(1627853, 1628392, 1629004, 1630540, 1630579)","(1630164, 1630228, 1630541, 1631116, 1631157)"
411,0022200463,588,4,0,4,1:57,,,Moody REBOUND (Off:1 Def:2),,0,1630541,Moses Moody,GSW,0,,,0,,,117,2.0,2763.0,2880.0,117.0,"(1627853, 1628392, 1629004, 1630540, 1630579)","(1630164, 1630228, 1630541, 1631116, 1631157)"
412,0022200463,589,2,1,4,1:50,,,MISS Baldwin Jr. 16' Jump Shot,,0,1631116,Patrick Baldwin,GSW,0,,,0,,,110,7.0,2770.0,2880.0,110.0,"(1627853, 1628392, 1629004, 1630540, 1630579)","(1630164, 1630228, 1630541, 1631116, 1631157)"
413,0022200463,591,4,0,4,1:48,McBride REBOUND (Off:0 Def:1),,,,0,1630540,Miles McBride,NYK,0,,,0,,,108,2.0,2772.0,2880.0,108.0,"(1627853, 1628392, 1629004, 1630540, 1630579)","(1630164, 1630228, 1630541, 1631116, 1631157)"
414,0022200463,592,1,73,4,1:32,McBride 2' Driving Reverse Layup (10 PTS) (Hartenstein 3 AST),,,94 - 130,36,1630540,Miles McBride,NYK,1628392,Isaiah Hartenstein,NYK,0,,,92,16.0,2788.0,2880.0,92.0,"(1627853, 1628392, 1629004, 1630540, 1630579)","(1630164, 1630228, 1630541, 1631116, 1631157)"
415,0022200463,594,5,11,4,1:07,,,Warriors Turnover: Shot Clock (T#19),,0,1610612744,,,0,,,0,,,67,25.0,2813.0,2880.0,67.0,"(1627853, 1628392, 1629004, 1630540, 1630579)","(1630164, 1630228, 1630541, 1631116, 1631157)"
416,0022200463,595,6,2,4,0:58,,,Wiseman S.FOUL (P5.T4) (J.DeRosa),,0,1630164,James Wiseman,GSW,1629004,Svi Mykhailiuk,NYK,0,,,58,9.0,2822.0,2880.0,58.0,"(1627853, 1628392, 1629004, 1630540, 1630579)","(1630164, 1630228, 1630541, 1631116, 1631157)"
417,0022200463,597,3,11,4,0:58,Mykhailiuk Free Throw 1 of 2 (4 PTS),,,94 - 131,37,1629004,Svi Mykhailiuk,NYK,0,,,0,,,58,0.0,2822.0,2880.0,58.0,"(1627853, 1628392, 1629004, 1630540, 1630579)","(1630164, 1630228, 1630541, 1631116, 1631157)"
418,0022200463,598,3,12,4,0:58,Mykhailiuk Free Throw 2 of 2 (5 PTS),,,94 - 132,38,1629004,Svi Mykhailiuk,NYK,0,,,0,,,58,0.0,2822.0,2880.0,58.0,"(1627853, 1628392, 1629004, 1630540, 1630579)","(1630164, 1630228, 1630541, 1631116, 1631157)"
419,0022200463,599,5,2,4,0:36,Hartenstein STEAL (1 STL),,Rollins Lost Ball Turnover (P2.T20),,0,1631157,Ryan Rollins,GSW,1628392,Isaiah Hartenstein,NYK,0,,,36,22.0,2844.0,2880.0,36.0,"(1627853, 1628392, 1629004, 1630540, 1630579)","(1630164, 1630228, 1630541, 1631116, 1631157)"
420,0022200463,601,5,11,4,0:11,KNICKS Turnover: Shot Clock (T#12),,,,0,1610612752,,,0,,,0,,,11,25.0,2869.0,2880.0,11.0,"(1627853, 1628392, 1629004, 1630540, 1630579)","(1630164, 1630228, 1630541, 1631116, 1631157)"
421,0022200463,602,13,0,4,0:00,,End of 4th Period (9:47 PM EST),,94 - 132,38,0,,,0,,,0,,,0,11.0,2880.0,2880.0,0.0,"(1627853, 1628392, 1629004, 1630540, 1630579)","(1630164, 1630228, 1630541, 1631116, 1631157)"
