game_id,date,home,away,season
0022200001,2022-10-18,PHI,BOS,23
0022200002,2022-10-18,LAL,GSW,23
0022200003,2022-10-19,ORL,DET,23
0022200004,2022-10-19,WAS,IND,23
0022200005,2022-10-19,HOU,ATL,23
0022200006,2022-10-19,NOP,BKN,23
0022200007,2022-10-19,CHI,MIA,23
0022200008,2022-10-19,CLE,TOR,23
0022200009,2022-10-19,NYK,MEM,23
0022200010,2022-10-19,OKC,MIN,23
0022200011,2022-10-19,CHA,SAS,23
0022200012,2022-10-19,DEN,UTA,23
0022200013,2022-10-19,DAL,PHX,23
0022200014,2022-10-19,POR,SAC,23
0022200015,2022-10-20,MIL,PHI,23
0022200016,2022-10-20,LAC,LAL,23
0022200017,2022-10-21,NOP,CHA,23
0022200018,2022-10-21,SAS,IND,23
0022200019,2022-10-21,CHI,WAS,23
0022200020,2022-10-21,ORL,ATL,23
0022200021,2022-10-21,TOR,BKN,23
0022200022,2022-10-21,BOS,MIA,23
0022200023,2022-10-21,DET,NYK,23
0022200024,2022-10-21,MEM,HOU,23
0022200025,2022-10-21,UTA,MIN,23
0022200026,2022-10-21,DEN,GSW,23
0022200027,2022-10-21,PHX,POR,23
0022200028,2022-10-22,SAS,PHI,23
0022200029,2022-10-22,DET,IND,23
0022200030,2022-10-22,BOS,ORL,23
0022200031,2022-10-22,TOR,MIA,23
0022200032,2022-10-22,CLE,CHI,23
0022200033,2022-10-22,HOU,MIL,23
0022200034,2022-10-22,MEM,DAL,23
0022200035,2022-10-22,OKC,DEN,23
0022200036,2022-10-22,LAC,SAC,23
0022200037,2022-10-23,POR,LAL,23
0022200038,2022-10-23,CHA,ATL,23
0022200039,2022-10-23,WAS,CLE,23
0022200040,2022-10-23,UTA,NOP,23
0022200041,2022-10-23,MIN,OKC,23
0022200042,2022-10-23,SAC,GSW,23
0022200043,2022-10-23,PHX,LAC,23
0022200044,2022-10-24,IND,PHI,23
0022200045,2022-10-24,TOR,MIA,23
0022200046,2022-10-24,ORL,NYK,23
0022200047,2022-10-24,BOS,CHI,23
0022200048,2022-10-24,UTA,HOU,23
0022200049,2022-10-24,BKN,MEM,23
0022200050,2022-10-24,SAS,MIN,23
0022200051,2022-10-24,DEN,POR,23
0022200052,2022-10-25,DET,WAS,23
0022200053,2022-10-25,DAL,NOP,23
0022200054,2022-10-25,LAC,OKC,23
0022200055,2022-10-25,GSW,PHX,23
0022200056,2022-10-26,ORL,CLE,23
0022200057,2022-10-26,ATL,DET,23
0022200058,2022-10-26,CHA,NYK,23
0022200059,2022-10-26,PHI,TOR,23
0022200060,2022-10-26,BKN,MIL,23
0022200061,2022-10-26,IND,CHI,23
0022200062,2022-10-26,SAS,MIN,23
0022200063,2022-10-26,HOU,UTA,23
0022200064,2022-10-26,LAL,DEN,23
0022200065,2022-10-26,MIA,POR,23
0022200066,2022-10-27,DAL,BKN,23
0022200067,2022-10-27,LAC,OKC,23
0022200068,2022-10-27,MIA,GSW,23
0022200069,2022-10-27,MEM,SAC,23
0022200070,2022-10-28,ATL,DET,23
0022200071,2022-10-28,CHA,ORL,23
0022200072,2022-10-28,CLE,BOS,23
0022200073,2022-10-28,PHI,TOR,23
0022200074,2022-10-28,IND,WAS,23
0022200075,2022-10-28,NYK,MIL,23
0022200076,2022-10-28,LAL,MIN,23
0022200077,2022-10-28,CHI,SAS,23
0022200078,2022-10-28,UTA,DEN,23
0022200079,2022-10-28,NOP,PHX,23
0022200080,2022-10-28,HOU,POR,23
0022200081,2022-10-29,MIA,SAC,23
0022200082,2022-10-29,GSW,CHA,23
0022200083,2022-10-29,IND,BKN,23
0022200084,2022-10-29,PHI,CHI,23
0022200085,2022-10-29,ATL,MIL,23
0022200086,2022-10-29,OKC,DAL,23
0022200087,2022-10-29,MEM,UTA,23
0022200088,2022-10-30,NOP,LAC,23
0022200089,2022-10-30,WAS,BOS,23
0022200090,2022-10-30,NYK,CLE,23
0022200091,2022-10-30,GSW,DET,23
0022200092,2022-10-30,MIN,SAS,23
0022200093,2022-10-30,ORL,DAL,23
0022200094,2022-10-30,HOU,PHX,23
0022200095,2022-10-30,DEN,LAL,23
0022200096,2022-10-31,SAC,CHA,23
0022200097,2022-10-31,PHI,WAS,23
0022200098,2022-10-31,IND,BKN,23
0022200099,2022-10-31,ATL,TOR,23
0022200100,2022-10-31,DET,MIL,23
0022200101,2022-10-31,MEM,UTA,23
0022200102,2022-10-31,HOU,LAC,23
0022200103,2022-11-01,CHI,BKN,23
0022200104,2022-11-01,GSW,MIA,23
0022200105,2022-11-01,ORL,OKC,23
0022200106,2022-11-01,MIN,PHX,23
0022200107,2022-11-02,BOS,CLE,23
0022200108,2022-11-02,WAS,PHI,23
0022200109,2022-11-02,SAC,MIA,23
0022200110,2022-11-02,ATL,NYK,23
0022200111,2022-11-02,CHA,CHI,23
0022200112,2022-11-02,LAC,HOU,23
0022200113,2022-11-02,DET,MIL,23
0022200114,2022-11-02,TOR,SAS,23
0022200115,2022-11-02,UTA,DAL,23
0022200116,2022-11-02,MEM,POR,23
0022200117,2022-11-02,NOP,LAL,23
0022200118,2022-11-03,GSW,ORL,23
0022200119,2022-11-03,DEN,OKC,23
0022200120,2022-11-04,CLE,DET,23
0022200121,2022-11-04,MIA,IND,23
0022200122,2022-11-04,NYK,PHI,23
0022200123,2022-11-04,BKN,WAS,23
0022200124,2022-11-04,CHI,BOS,23
0022200125,2022-11-04,CHA,MEM,23
0022200126,2022-11-04,LAC,SAS,23
0022200127,2022-11-04,TOR,DAL,23
0022200128,2022-11-04,GSW,NOP,23
0022200129,2022-11-04,MIL,MIN,23
0022200130,2022-11-04,POR,PHX,23
0022200131,2022-11-04,UTA,LAL,23
0022200132,2022-11-05,SAC,ORL,23
0022200133,2022-11-05,BKN,CHA,23
0022200134,2022-11-05,NOP,ATL,23
0022200135,2022-11-05,BOS,NYK,23
0022200136,2022-11-05,OKC,MIL,23
0022200137,2022-11-05,HOU,MIN,23
0022200138,2022-11-05,SAS,DEN,23
0022200139,2022-11-05,POR,PHX,23
0022200140,2022-11-06,CLE,LAL,23
0022200141,2022-11-06,CHI,TOR,23
0022200142,2022-11-06,WAS,MEM,23
0022200143,2022-11-06,UTA,LAC,23
0022200144,2022-11-07,WAS,CHA,23
0022200145,2022-11-07,HOU,ORL,23
0022200146,2022-11-07,OKC,DET,23
0022200147,2022-11-07,NOP,IND,23
0022200148,2022-11-07,PHX,PHI,23
0022200149,2022-11-07,MIL,ATL,23
0022200150,2022-11-07,POR,MIA,23
0022200151,2022-11-07,TOR,CHI,23
0022200152,2022-11-07,BOS,MEM,23
0022200153,2022-11-07,NYK,MIN,23
0022200154,2022-11-07,DEN,SAS,23
0022200155,2022-11-07,BKN,DAL,23
0022200156,2022-11-07,SAC,GSW,23
0022200157,2022-11-07,LAL,UTA,23
0022200158,2022-11-07,CLE,LAC,23
0022200159,2022-11-09,POR,CHA,23
0022200160,2022-11-09,DEN,IND,23
0022200161,2022-11-09,DAL,ORL,23
0022200162,2022-11-09,UTA,ATL,23
0022200163,2022-11-09,DET,BOS,23
0022200164,2022-11-09,NYK,BKN,23
0022200165,2022-11-09,HOU,TOR,23
0022200166,2022-11-09,NOP,CHI,23
0022200167,2022-11-09,PHX,MIN,23
0022200168,2022-11-09,MIL,OKC,23
0022200169,2022-11-09,MEM,SAS,23
0022200170,2022-11-09,LAL,LAC,23
0022200171,2022-11-09,CLE,SAC,23
0022200172,2022-11-10,DAL,WAS,23
0022200173,2022-11-10,PHI,ATL,23
0022200174,2022-11-10,CHA,MIA,23
0022200175,2022-11-10,POR,NOP,23
0022200176,2022-11-11,DEN,BOS,23
0022200177,2022-11-11,PHX,ORL,23
0022200178,2022-11-11,DET,NYK,23
0022200179,2022-11-11,TOR,OKC,23
0022200180,2022-11-11,MIL,SAS,23
0022200181,2022-11-11,MIN,MEM,23
0022200182,2022-11-11,CLE,GSW,23
0022200183,2022-11-11,SAC,LAL,23
0022200184,2022-11-12,BKN,LAC,23
0022200185,2022-11-12,UTA,WAS,23
0022200186,2022-11-12,BOS,DET,23
0022200187,2022-11-12,TOR,IND,23
0022200188,2022-11-12,ATL,PHI,23
0022200189,2022-11-12,CHA,MIA,23
0022200190,2022-11-12,POR,DAL,23
0022200191,2022-11-12,HOU,NOP,23
0022200192,2022-11-13,OKC,NYK,23
0022200193,2022-11-13,MIN,CLE,23
0022200194,2022-11-13,MEM,WAS,23
0022200195,2022-11-13,UTA,PHI,23
0022200196,2022-11-13,DEN,CHI,23
0022200197,2022-11-13,GSW,SAC,23
0022200198,2022-11-13,BKN,LAL,23
0022200199,2022-11-14,TOR,DET,23
0022200200,2022-11-14,CHA,ORL,23
0022200201,2022-11-14,OKC,BOS,23
0022200202,2022-11-14,PHX,MIA,23
0022200203,2022-11-14,LAC,HOU,23
0022200204,2022-11-14,ATL,MIL,23
0022200205,2022-11-14,SAS,GSW,23
0022200206,2022-11-15,MEM,NOP,23
0022200207,2022-11-15,LAC,DAL,23
0022200208,2022-11-15,NYK,UTA,23
0022200209,2022-11-15,SAS,POR,23
0022200210,2022-11-15,BKN,SAC,23
0022200211,2022-11-16,IND,CHA,23
0022200212,2022-11-16,MIN,ORL,23
0022200213,2022-11-16,OKC,WAS,23
0022200214,2022-11-16,BOS,ATL,23
0022200215,2022-11-16,MIA,TOR,23
0022200216,2022-11-16,CLE,MIL,23
0022200217,2022-11-16,CHI,NOP,23
0022200218,2022-11-16,HOU,DAL,23
0022200219,2022-11-16,NYK,DEN,23
0022200220,2022-11-16,GSW,PHX,23
0022200221,2022-11-17,BKN,POR,23
0022200222,2022-11-17,SAS,SAC,23
0022200223,2022-11-17,DET,LAC,23
0022200224,2022-11-18,MIA,WAS,23
0022200225,2022-11-18,CHA,CLE,23
0022200226,2022-11-18,MIL,PHI,23
0022200227,2022-11-18,ORL,CHI,23
0022200228,2022-11-18,IND,HOU,23
0022200229,2022-11-18,OKC,MEM,23
0022200230,2022-11-18,DEN,DAL,23
0022200231,2022-11-18,BOS,NOP,23
0022200232,2022-11-18,PHX,UTA,23
0022200233,2022-11-18,NYK,GSW,23
0022200234,2022-11-18,DET,LAL,23
0022200235,2022-11-19,TOR,ATL,23
0022200236,2022-11-19,ORL,IND,23
0022200237,2022-11-19,MIN,PHI,23
0022200238,2022-11-19,UTA,POR,23
0022200239,2022-11-19,SAS,LAC,23
0022200240,2022-11-20,NYK,PHX,23
0022200241,2022-11-20,CHA,WAS,23
0022200242,2022-11-20,DET,SAC,23
0022200243,2022-11-20,MEM,BKN,23
0022200244,2022-11-20,MIA,CLE,23
0022200245,2022-11-20,GSW,HOU,23
0022200246,2022-11-20,DEN,DAL,23
0022200247,2022-11-20,SAS,LAL,23
0022200248,2022-11-21,ATL,CLE,23
0022200249,2022-11-21,ORL,IND,23
0022200250,2022-11-21,BOS,CHI,23
0022200251,2022-11-21,POR,MIL,23
0022200252,2022-11-21,MIA,MIN,23
0022200253,2022-11-21,GSW,NOP,23
0022200254,2022-11-21,NYK,OKC,23
0022200255,2022-11-21,UTA,LAC,23
0022200256,2022-11-22,BKN,PHI,23
0022200257,2022-11-22,SAC,MEM,23
0022200258,2022-11-22,DET,DEN,23
0022200259,2022-11-22,LAL,PHX,23
0022200260,2022-11-23,PHI,CHA,23
0022200261,2022-11-23,POR,CLE,23
0022200262,2022-11-23,MIN,IND,23
0022200263,2022-11-23,SAC,ATL,23
0022200264,2022-11-23,DAL,BOS,23
0022200265,2022-11-23,WAS,MIA,23
0022200266,2022-11-23,BKN,TOR,23
0022200267,2022-11-23,CHI,MIL,23
0022200268,2022-11-23,DEN,OKC,23
0022200269,2022-11-23,NOP,SAS,23
0022200270,2022-11-23,DET,UTA,23
0022200271,2022-11-23,LAC,GSW,23
0022200272,2022-11-25,MIN,CHA,23
0022200273,2022-11-25,PHI,ORL,23
0022200274,2022-11-25,POR,NYK,23
0022200275,2022-11-25,SAC,BOS,23
0022200276,2022-11-25,BKN,IND,23
0022200277,2022-11-25,WAS,MIA,23
0022200278,2022-11-25,ATL,HOU,23
0022200279,2022-11-25,NOP,MEM,23
0022200280,2022-11-25,CLE,MIL,23
0022200281,2022-11-25,CHI,OKC,23
0022200282,2022-11-25,LAL,SAS,23
0022200283,2022-11-25,DET,PHX,23
0022200284,2022-11-25,UTA,GSW,23
0022200285,2022-11-25,DEN,LAC,23
0022200286,2022-11-26,DAL,TOR,23
0022200287,2022-11-26,OKC,HOU,23
0022200288,2022-11-26,LAL,SAS,23
0022200289,2022-11-26,UTA,PHX,23
0022200290,2022-11-27,POR,BKN,23
0022200291,2022-11-27,GSW,MIN,23
0022200292,2022-11-27,IND,LAC,23
0022200293,2022-11-27,MIA,ATL,23
0022200294,2022-11-27,WAS,BOS,23
0022200295,2022-11-27,CLE,DET,23
0022200296,2022-11-27,MEM,NYK,23
0022200297,2022-11-27,PHI,ORL,23
0022200298,2022-11-27,DAL,MIL,23
0022200299,2022-11-28,ATL,PHI,23
0022200300,2022-11-28,MIN,WAS,23
0022200301,2022-11-28,CHA,BOS,23
0022200302,2022-11-28,ORL,BKN,23
0022200303,2022-11-28,CLE,TOR,23
0022200304,2022-11-28,OKC,NOP,23
0022200305,2022-11-28,HOU,DEN,23
0022200306,2022-11-28,CHI,UTA,23
0022200307,2022-11-28,PHX,SAC,23
0022200308,2022-11-28,IND,LAL,23
0022200309,2022-11-29,NYK,DET,23
0022200310,2022-11-29,GSW,DAL,23
0022200311,2022-11-29,LAC,POR,23
0022200312,2022-11-30,PHI,CLE,23
0022200313,2022-11-30,ATL,ORL,23
0022200314,2022-11-30,MIA,BOS,23
0022200315,2022-11-30,WAS,BKN,23
0022200316,2022-11-30,MIL,NYK,23
0022200317,2022-11-30,MEM,MIN,23
0022200318,2022-11-30,TOR,NOP,23
0022200319,2022-11-30,SAS,OKC,23
0022200320,2022-11-30,HOU,DEN,23
0022200321,2022-11-30,CHI,PHX,23
0022200322,2022-11-30,LAC,UTA,23
0022200323,2022-11-30,IND,SAC,23
0022200324,2022-11-30,POR,LAL,23
0022200325,2022-12-01,DAL,DET,23
0022200326,2022-12-02,WAS,CHA,23
0022200327,2022-12-02,DEN,ATL,23
0022200328,2022-12-02,MIA,BOS,23
0022200329,2022-12-02,TOR,BKN,23
0022200330,2022-12-02,ORL,CLE,23
0022200331,2022-12-02,LAL,MIL,23
0022200332,2022-12-02,PHI,MEM,23
0022200333,2022-12-02,NOP,SAS,23
0022200334,2022-12-02,HOU,PHX,23
0022200335,2022-12-02,IND,UTA,23
0022200336,2022-12-02,CHI,GSW,23
0022200337,2022-12-03,DAL,NYK,23
0022200338,2022-12-03,SAC,LAC,23
0022200339,2022-12-03,MIL,CHA,23
0022200340,2022-12-03,ORL,TOR,23
0022200341,2022-12-03,OKC,MIN,23
0022200342,2022-12-03,HOU,GSW,23
0022200343,2022-12-03,POR,UTA,23
0022200344,2022-12-04,DEN,NOP,23
0022200345,2022-12-04,PHX,SAS,23
0022200346,2022-12-04,BOS,BKN,23
0022200347,2022-12-04,MEM,DET,23
0022200348,2022-12-04,CLE,NYK,23
0022200349,2022-12-04,LAL,WAS,23
0022200350,2022-12-04,CHI,SAC,23
0022200351,2022-12-04,IND,POR,23
0022200352,2022-12-05,LAC,CHA,23
0022200353,2022-12-05,MIL,ORL,23
0022200354,2022-12-05,OKC,ATL,23
0022200355,2022-12-05,BOS,TOR,23
0022200356,2022-12-05,PHI,HOU,23
0022200357,2022-12-05,MIA,MEM,23
0022200358,2022-12-05,PHX,DAL,23
0022200359,2022-12-05,IND,GSW,23
0022200360,2022-12-06,LAL,CLE,23
0022200361,2022-12-06,DET,MIA,23
0022200362,2022-12-06,DAL,DEN,23
0022200363,2022-12-07,LAC,ORL,23
0022200364,2022-12-07,CHA,BKN,23
0022200365,2022-12-07,ATL,NYK,23
0022200366,2022-12-07,LAL,TOR,23
0022200367,2022-12-07,WAS,CHI,23
0022200368,2022-12-07,OKC,MEM,23
0022200369,2022-12-07,SAC,MIL,23
0022200370,2022-12-07,IND,MIN,23
0022200371,2022-12-07,DET,NOP,23
0022200372,2022-12-07,GSW,UTA,23
0022200373,2022-12-07,BOS,PHX,23
0022200374,2022-12-08,LAC,MIA,23
0022200375,2022-12-08,HOU,SAS,23
0022200376,2022-12-08,DEN,POR,23
0022200377,2022-12-09,NYK,CHA,23
0022200378,2022-12-09,WAS,IND,23
0022200379,2022-12-09,TOR,ORL,23
0022200380,2022-12-09,ATL,BKN,23
0022200381,2022-12-09,SAC,CLE,23
0022200382,2022-12-09,LAL,PHI,23
0022200383,2022-12-09,DET,MEM,23
0022200384,2022-12-09,PHX,NOP,23
0022200385,2022-12-09,MIN,UTA,23
0022200386,2022-12-09,MIL,DAL,23
0022200387,2022-12-10,SAS,MIA,23
0022200388,2022-12-10,BKN,IND,23
0022200389,2022-12-10,LAC,WAS,23
0022200390,2022-12-10,OKC,CLE,23
0022200391,2022-12-10,DAL,CHI,23
0022200392,2022-12-10,BOS,GSW,23
0022200393,2022-12-10,UTA,DEN,23
0022200394,2022-12-10,MIN,POR,23
0022200395,2022-12-11,PHX,NOP,23
0022200396,2022-12-11,LAL,DET,23
0022200397,2022-12-11,SAC,NYK,23
0022200398,2022-12-11,TOR,ORL,23
0022200399,2022-12-11,CHA,PHI,23
0022200400,2022-12-11,CHI,ATL,23
0022200401,2022-12-11,MIL,HOU,23
0022200402,2022-12-12,MIA,IND,23
0022200403,2022-12-12,BKN,WAS,23
0022200404,2022-12-12,ATL,MEM,23
0022200405,2022-12-12,OKC,DAL,23
0022200406,2022-12-12,CLE,SAS,23
0022200407,2022-12-12,MIN,POR,23
0022200408,2022-12-12,BOS,LAC,23
0022200409,2022-12-13,SAC,PHI,23
0022200410,2022-12-13,GSW,MIL,23
0022200411,2022-12-13,PHX,HOU,23
0022200412,2022-12-13,NOP,UTA,23
0022200413,2022-12-13,BOS,LAL,23
0022200414,2022-12-14,DET,CHA,23
0022200415,2022-12-14,GSW,IND,23
0022200416,2022-12-14,ATL,ORL,23
0022200417,2022-12-14,SAC,TOR,23
0022200418,2022-12-14,NYK,CHI,23
0022200419,2022-12-14,MIA,OKC,23
0022200420,2022-12-14,POR,SAS,23
0022200421,2022-12-14,CLE,DAL,23
0022200422,2022-12-14,WAS,DEN,23
0022200423,2022-12-14,MIN,LAC,23
0022200424,2022-12-15,MIA,HOU,23
0022200425,2022-12-15,MIL,MEM,23
0022200426,2022-12-15,NOP,UTA,23
0022200427,2022-12-15,PHX,LAC,23
0022200428,2022-12-16,ATL,CHA,23
0022200429,2022-12-16,SAC,DET,23
0022200430,2022-12-16,ORL,BOS,23
0022200431,2022-12-16,IND,CLE,23
0022200432,2022-12-16,GSW,PHI,23
0022200433,2022-12-16,BKN,TOR,23
0022200434,2022-12-16,NYK,CHI,23
0022200435,2022-12-16,MIN,OKC,23
0022200436,2022-12-16,POR,DAL,23
0022200437,2022-12-16,DEN,LAL,23
0022200438,2022-12-17,WAS,LAC,23
0022200439,2022-12-17,MIA,SAS,23
0022200440,2022-12-17,DAL,CLE,23
0022200441,2022-12-17,POR,HOU,23
0022200442,2022-12-17,UTA,MIL,23
0022200443,2022-12-17,MEM,OKC,23
0022200444,2022-12-17,NOP,PHX,23
0022200445,2022-12-18,ORL,BOS,23
0022200446,2022-12-18,NYK,IND,23
0022200447,2022-12-18,BKN,DET,23
0022200448,2022-12-18,GSW,TOR,23
0022200449,2022-12-18,CHI,MIN,23
0022200450,2022-12-18,CHA,DEN,23
0022200451,2022-12-18,WAS,LAL,23
0022200452,2022-12-19,UTA,CLE,23
0022200453,2022-12-19,TOR,PHI,23
0022200454,2022-12-19,ORL,ATL,23
0022200455,2022-12-19,SAS,HOU,23
0022200456,2022-12-19,DAL,MIN,23
0022200457,2022-12-19,MIL,NOP,23
0022200458,2022-12-19,POR,OKC,23
0022200459,2022-12-19,LAL,PHX,23
0022200460,2022-12-19,CHA,SAC,23
0022200461,2022-12-20,UTA,DET,23
0022200462,2022-12-20,CHI,MIA,23
0022200463,2022-12-20,GSW,NYK,23
0022200464,2022-12-20,WAS,PHX,23
0022200465,2022-12-20,MEM,DEN,23
0022200466,2022-12-21,MIL,CLE,23
0022200467,2022-12-21,DET,PHI,23
0022200468,2022-12-21,CHI,ATL,23
0022200469,2022-12-21,IND,BOS,23
0022200470,2022-12-21,GSW,BKN,23
0022200471,2022-12-21,TOR,NYK,23
0022200472,2022-12-21,ORL,HOU,23
0022200473,2022-12-21,DAL,MIN,23
0022200474,2022-12-21,POR,OKC,23
0022200475,2022-12-21,LAL,SAC,23
0022200476,2022-12-21,CHA,LAC,23
0022200477,2022-12-22,SAS,NOP,23
0022200478,2022-12-22,WAS,UTA,23
0022200479,2022-12-23,SAS,ORL,23
0022200480,2022-12-23,LAC,PHI,23
0022200481,2022-12-23,DET,ATL,23
0022200482,2022-12-23,MIN,BOS,23
0022200483,2022-12-23,MIL,BKN,23
0022200484,2022-12-23,TOR,CLE,23
0022200485,2022-12-23,CHI,NYK,23
0022200486,2022-12-23,IND,MIA,23
0022200487,2022-12-23,DAL,HOU,23
0022200488,2022-12-23,NOP,OKC,23
0022200489,2022-12-23,POR,DEN,23
0022200490,2022-12-23,MEM,PHX,23
0022200491,2022-12-23,WAS,SAC,23
0022200492,2022-12-23,CHA,LAL,23
0022200493,2022-12-25,PHI,NYK,23
0022200494,2022-12-25,LAL,DAL,23
0022200495,2022-12-25,MIL,BOS,23
0022200496,2022-12-25,MEM,GSW,23
0022200497,2022-12-25,PHX,DEN,23
0022200498,2022-12-26,BKN,CLE,23
0022200499,2022-12-26,LAC,DET,23
0022200500,2022-12-26,MIN,MIA,23
0022200501,2022-12-26,HOU,CHI,23
0022200502,2022-12-26,IND,NOP,23
0022200503,2022-12-26,UTA,SAS,23
0022200504,2022-12-26,CHA,POR,23
0022200505,2022-12-27,LAL,ORL,23
0022200506,2022-12-27,PHI,WAS,23
0022200507,2022-12-27,HOU,BOS,23
0022200508,2022-12-27,ATL,IND,23
0022200509,2022-12-27,LAC,TOR,23
0022200510,2022-12-27,PHX,MEM,23
0022200511,2022-12-27,SAS,OKC,23
0022200512,2022-12-27,NYK,DAL,23
0022200513,2022-12-27,CHA,GSW,23
0022200514,2022-12-27,DEN,SAC,23
0022200515,2022-12-28,ORL,DET,23
0022200516,2022-12-28,PHX,WAS,23
0022200517,2022-12-28,BKN,ATL,23
0022200518,2022-12-28,LAL,MIA,23
0022200519,2022-12-28,MIL,CHI,23
0022200520,2022-12-28,MIN,NOP,23
0022200521,2022-12-28,UTA,GSW,23
0022200522,2022-12-28,DEN,SAC,23
0022200523,2022-12-29,OKC,CHA,23
0022200524,2022-12-29,CLE,IND,23
0022200525,2022-12-29,LAC,BOS,23
0022200526,2022-12-29,MEM,TOR,23
0022200527,2022-12-29,NYK,SAS,23
0022200528,2022-12-29,HOU,DAL,23
0022200529,2022-12-30,WAS,ORL,23
0022200530,2022-12-30,LAL,ATL,23
0022200531,2022-12-30,PHX,TOR,23
0022200532,2022-12-30,DET,CHI,23
0022200533,2022-12-30,MIN,MIL,23
0022200534,2022-12-30,PHI,NOP,23
0022200535,2022-12-30,MIA,DEN,23
0022200536,2022-12-30,POR,GSW,23
0022200537,2022-12-30,UTA,SAC,23
0022200538,2022-12-31,LAC,IND,23
0022200539,2022-12-31,BKN,CHA,23
0022200540,2022-12-31,CLE,CHI,23
0022200541,2022-12-31,NYK,HOU,23
0022200542,2022-12-31,DAL,SAS,23
0022200543,2022-12-31,NOP,MEM,23
0022200544,2022-12-31,DET,MIN,23
0022200545,2022-12-31,PHI,OKC,23
0022200546,2022-12-31,MIA,UTA,23
0022200547,2023-01-01,SAC,MEM,23
0022200548,2023-01-01,WAS,MIL,23
0022200549,2023-01-01,BOS,DEN,23
0022200550,2023-01-02,PHX,NYK,23
0022200551,2023-01-02,LAL,CHA,23
0022200552,2023-01-02,CHI,CLE,23
0022200553,2023-01-02,TOR,IND,23
0022200554,2023-01-02,NOP,PHI,23
0022200555,2023-01-02,SAS,BKN,23
0022200556,2023-01-02,DAL,HOU,23
0022200557,2023-01-02,DEN,MIN,23
0022200558,2023-01-02,ATL,GSW,23
0022200559,2023-01-02,DET,POR,23
0022200560,2023-01-02,MIA,LAC,23
0022200561,2023-01-03,WAS,MIL,23
0022200562,2023-01-03,BOS,OKC,23
0022200563,2023-01-03,SAC,UTA,23
0022200564,2023-01-04,MEM,CHA,23
0022200565,2023-01-04,PHX,CLE,23
0022200566,2023-01-04,OKC,ORL,23
0022200567,2023-01-04,IND,PHI,23
0022200568,2023-01-04,SAS,NYK,23
0022200569,2023-01-04,MIL,TOR,23
0022200570,2023-01-04,BKN,CHI,23
0022200571,2023-01-04,POR,MIN,23
0022200572,2023-01-04,HOU,NOP,23
0022200573,2023-01-04,DET,GSW,23
0022200574,2023-01-04,MIA,LAL,23
0022200575,2023-01-04,ATL,SAC,23
0022200576,2023-01-05,MEM,ORL,23
0022200577,2023-01-05,BOS,DAL,23
0022200578,2023-01-05,UTA,HOU,23
0022200579,2023-01-05,LAC,DEN,23
0022200580,2023-01-06,POR,IND,23
0022200581,2023-01-06,CHI,PHI,23
0022200582,2023-01-06,NYK,TOR,23
0022200583,2023-01-06,CHA,MIL,23
0022200584,2023-01-06,WAS,OKC,23
0022200585,2023-01-06,DET,SAS,23
0022200586,2023-01-06,BKN,NOP,23
0022200587,2023-01-06,LAC,MIN,23
0022200588,2023-01-06,CLE,DEN,23
0022200589,2023-01-06,MIA,PHX,23
0022200590,2023-01-06,ATL,LAL,23
0022200591,2023-01-07,BOS,SAS,23
0022200592,2023-01-07,UTA,CHI,23
0022200593,2023-01-07,NOP,DAL,23
0022200594,2023-01-07,ORL,GSW,23
0022200595,2023-01-07,LAL,SAC,23
0022200596,2023-01-08,PHI,DET,23
0022200597,2023-01-08,POR,TOR,23
0022200598,2023-01-08,CHA,IND,23
0022200599,2023-01-08,BKN,MIA,23
0022200600,2023-01-08,UTA,MEM,23
0022200601,2023-01-08,MIN,HOU,23
0022200602,2023-01-08,DAL,OKC,23
0022200603,2023-01-08,CLE,PHX,23
0022200604,2023-01-08,ATL,LAC,23
0022200605,2023-01-09,NOP,WAS,23
0022200606,2023-01-09,CHI,BOS,23
0022200607,2023-01-09,MIL,NYK,23
0022200608,2023-01-09,SAS,MEM,23
0022200609,2023-01-09,LAL,DEN,23
0022200610,2023-01-09,ORL,SAC,23
0022200611,2023-01-10,OKC,MIA,23
0022200612,2023-01-10,DET,PHI,23
0022200613,2023-01-10,CHA,TOR,23
0022200614,2023-01-10,CLE,UTA,23
0022200615,2023-01-10,PHX,GSW,23
0022200616,2023-01-10,ORL,POR,23
0022200617,2023-01-10,DAL,LAC,23
0022200618,2023-01-11,MIN,DET,23
0022200619,2023-01-11,CHI,WAS,23
0022200620,2023-01-11,MIL,ATL,23
0022200621,2023-01-11,NOP,BOS,23
0022200622,2023-01-11,IND,NYK,23
0022200623,2023-01-11,SAS,MEM,23
0022200624,2023-01-11,PHX,DEN,23
0022200625,2023-01-11,HOU,SAC,23
0022200626,2023-01-12,OKC,PHI,23
0022200627,2023-01-12,BOS,BKN,23
0022200628,2023-01-12,MIL,MIA,23
0022200629,2023-01-12,CHA,TOR,23
0022200630,2023-01-12,DAL,LAL,23
0022200631,2023-01-12,CLE,POR,23
0022200632,2023-01-13,NOP,DET,23
0022200633,2023-01-13,ATL,IND,23
0022200634,2023-01-13,NYK,WAS,23
0022200635,2023-01-13,GSW,SAS,23
0022200636,2023-01-13,OKC,CHI,23
0022200637,2023-01-13,PHX,MIN,23
0022200638,2023-01-13,ORL,UTA,23
0022200639,2023-01-13,DEN,LAC,23
0022200640,2023-01-13,HOU,SAC,23
0022200641,2023-01-14,MIL,MIA,23
0022200642,2023-01-14,BOS,CHA,23
0022200643,2023-01-14,MEM,IND,23
0022200644,2023-01-14,ATL,TOR,23
0022200645,2023-01-14,CLE,MIN,23
0022200646,2023-01-14,PHI,UTA,23
0022200647,2023-01-14,DAL,POR,23
0022200648,2023-01-15,NYK,DET,23
0022200649,2023-01-15,HOU,LAC,23
0022200650,2023-01-15,GSW,CHI,23
0022200651,2023-01-15,OKC,BKN,23
0022200652,2023-01-15,SAC,SAS,23
0022200653,2023-01-15,ORL,DEN,23
0022200654,2023-01-15,DAL,POR,23
0022200655,2023-01-15,PHI,LAL,23
0022200656,2023-01-16,BOS,CHA,23
0022200657,2023-01-16,IND,MIL,23
0022200658,2023-01-16,NOP,CLE,23
0022200659,2023-01-16,TOR,NYK,23
0022200660,2023-01-16,GSW,WAS,23
0022200661,2023-01-16,MIA,ATL,23
0022200662,2023-01-16,UTA,MIN,23
0022200663,2023-01-16,PHX,MEM,23
0022200664,2023-01-16,HOU,LAL,23
0022200665,2023-01-17,TOR,MIL,23
0022200666,2023-01-17,BKN,SAS,23
0022200667,2023-01-17,POR,DEN,23
0022200668,2023-01-17,PHI,LAC,23
0022200669,2023-01-18,WAS,NYK,23
0022200670,2023-01-18,ATL,DAL,23
0022200671,2023-01-18,CHA,HOU,23
0022200672,2023-01-18,CLE,MEM,23
0022200673,2023-01-18,MIA,NOP,23
0022200674,2023-01-18,IND,OKC,23
0022200675,2023-01-18,LAC,UTA,23
0022200676,2023-01-18,MIN,DEN,23
0022200677,2023-01-18,SAC,LAL,23
0022200678,2023-01-19,CHI,DET,23
0022200679,2023-01-19,GSW,BOS,23
0022200680,2023-01-19,TOR,MIN,23
0022200681,2023-01-19,BKN,PHX,23
0022200682,2023-01-19,PHI,POR,23
0022200683,2023-01-20,NOP,ORL,23
0022200684,2023-01-20,NYK,ATL,23
0022200685,2023-01-20,GSW,CLE,23
0022200686,2023-01-20,MIA,DAL,23
0022200687,2023-01-20,LAC,SAS,23
0022200688,2023-01-20,IND,DEN,23
0022200689,2023-01-20,BKN,UTA,23
0022200690,2023-01-20,MEM,LAL,23
0022200691,2023-01-20,OKC,SAC,23
0022200692,2023-01-21,BOS,TOR,23
0022200693,2023-01-21,ORL,WAS,23
0022200694,2023-01-21,CHA,ATL,23
0022200695,2023-01-21,MIL,CLE,23
0022200696,2023-01-21,HOU,MIN,23
0022200697,2023-01-21,IND,PHX,23
0022200698,2023-01-21,PHI,SAC,23
0022200699,2023-01-22,NOP,MIA,23
0022200700,2023-01-22,NYK,TOR,23
0022200701,2023-01-22,LAC,DAL,23
0022200702,2023-01-22,OKC,DEN,23
0022200703,2023-01-22,MEM,PHX,23
0022200704,2023-01-22,BKN,GSW,23
0022200705,2023-01-22,LAL,POR,23
0022200706,2023-01-23,MIL,DET,23
0022200707,2023-01-23,BOS,ORL,23
0022200708,2023-01-23,ATL,CHI,23
0022200709,2023-01-23,MIN,HOU,23
0022200710,2023-01-23,CHA,UTA,23
0022200711,2023-01-23,SAS,POR,23
0022200712,2023-01-23,MEM,SAC,23
0022200713,2023-01-24,CHI,IND,23
0022200714,2023-01-24,BOS,MIA,23
0022200715,2023-01-24,CLE,NYK,23
0022200716,2023-01-24,DEN,NOP,23
0022200717,2023-01-24,WAS,DAL,23
0022200718,2023-01-24,CHA,PHX,23
0022200719,2023-01-24,LAC,LAL,23
0022200720,2023-01-25,IND,ORL,23
0022200721,2023-01-25,BKN,PHI,23
0022200722,2023-01-25,WAS,HOU,23
0022200723,2023-01-25,DEN,MIL,23
0022200724,2023-01-25,MIN,NOP,23
0022200725,2023-01-25,ATL,OKC,23
0022200726,2023-01-25,MEM,GSW,23
0022200727,2023-01-25,UTA,POR,23
0022200728,2023-01-25,TOR,SAC,23
0022200729,2023-01-25,SAS,LAL,23
0022200730,2023-01-26,NYK,BOS,23
0022200731,2023-01-26,DET,BKN,23
0022200732,2023-01-26,CHI,CHA,23
0022200733,2023-01-26,CLE,HOU,23
0022200734,2023-01-26,DAL,PHX,23
0022200735,2023-01-26,SAS,LAC,23
0022200736,2023-01-27,MIL,IND,23
0022200737,2023-01-27,MEM,MIN,23
0022200738,2023-01-27,ORL,MIA,23
0022200739,2023-01-27,CLE,OKC,23
0022200740,2023-01-27,TOR,GSW,23
0022200741,2023-01-28,DEN,PHI,23
0022200742,2023-01-28,NYK,BKN,23
0022200743,2023-01-28,HOU,DET,23
0022200744,2023-01-28,CHI,ORL,23
0022200745,2023-01-28,LAC,ATL,23
0022200746,2023-01-28,SAC,MIN,23
0022200747,2023-01-28,WAS,NOP,23
0022200748,2023-01-28,PHX,SAS,23
0022200749,2023-01-28,LAL,BOS,23
0022200750,2023-01-28,DAL,UTA,23
0022200751,2023-01-28,TOR,POR,23
0022200752,2023-01-29,MIA,CHA,23
0022200753,2023-01-29,IND,MEM,23
0022200754,2023-01-29,LAC,CLE,23
0022200755,2023-01-29,NOP,MIL,23
0022200756,2023-01-30,ORL,PHI,23
0022200757,2023-01-30,LAL,BKN,23
0022200758,2023-01-30,SAC,MIN,23
0022200759,2023-01-30,GSW,OKC,23
0022200760,2023-01-30,WAS,SAS,23
0022200761,2023-01-30,DET,DAL,23
0022200762,2023-01-30,TOR,PHX,23
0022200763,2023-01-30,ATL,POR,23
0022200764,2023-01-31,MIA,CLE,23
0022200765,2023-01-31,LAL,NYK,23
0022200766,2023-01-31,LAC,CHI,23
0022200767,2023-01-31,CHA,MIL,23
0022200768,2023-01-31,NOP,DEN,23
0022200769,2023-03-07,WAS,DET,23
0022200770,2023-02-01,ORL,PHI,23
0022200771,2023-02-01,POR,MEM,23
0022200772,2023-02-01,BKN,BOS,23
0022200773,2023-02-01,OKC,HOU,23
0022200774,2023-02-01,GSW,MIN,23
0022200775,2023-02-01,SAC,SAS,23
0022200776,2023-02-01,TOR,UTA,23
0022200777,2023-02-01,ATL,PHX,23
0022200778,2023-02-02,LAL,IND,23
0022200779,2023-02-02,MEM,CLE,23
0022200780,2023-02-02,MIA,NYK,23
0022200781,2023-02-02,CHA,CHI,23
0022200782,2023-02-02,NOP,DAL,23
0022200783,2023-02-02,GSW,DEN,23
0022200784,2023-02-02,LAC,MIL,23
0022200785,2023-02-03,CHA,DET,23
0022200786,2023-02-03,SAC,IND,23
0022200787,2023-02-03,POR,WAS,23
0022200788,2023-02-03,PHX,BOS,23
0022200789,2023-02-03,TOR,HOU,23
0022200790,2023-02-03,ORL,MIN,23
0022200791,2023-02-03,PHI,SAS,23
0022200792,2023-02-03,ATL,UTA,23
0022200793,2023-02-04,WAS,BKN,23
0022200794,2023-02-04,PHX,DET,23
0022200795,2023-02-04,LAC,NYK,23
0022200796,2023-02-04,POR,CHI,23
0022200797,2023-02-04,MIA,MIL,23
0022200798,2023-02-04,LAL,NOP,23
0022200799,2023-02-04,HOU,OKC,23
0022200800,2023-02-04,DAL,GSW,23
0022200801,2023-02-04,ATL,DEN,23
0022200802,2023-02-05,ORL,CHA,23
0022200803,2023-02-05,CLE,IND,23
0022200804,2023-02-05,PHI,NYK,23
0022200805,2023-02-05,TOR,MEM,23
0022200806,2023-02-05,DEN,MIN,23
0022200807,2023-02-05,SAC,NOP,23
0022200808,2023-02-06,BOS,DET,23
0022200809,2023-02-06,CLE,WAS,23
0022200810,2023-02-06,LAC,BKN,23
0022200811,2023-02-06,SAS,CHI,23
0022200812,2023-02-06,SAC,HOU,23
0022200813,2023-02-06,DAL,UTA,23
0022200814,2023-02-06,OKC,GSW,23
0022200815,2023-02-06,MIL,POR,23
0022200816,2023-02-07,NYK,ORL,23
0022200817,2023-02-07,PHX,BKN,23
0022200818,2023-02-07,ATL,NOP,23
0022200819,2023-02-07,CHI,MEM,23
0022200820,2023-02-07,MIN,DEN,23
0022200821,2023-02-07,OKC,LAL,23
0022200822,2023-02-08,DET,CLE,23
0022200823,2023-02-08,CHA,WAS,23
0022200824,2023-02-08,PHI,BOS,23
0022200825,2023-02-08,IND,MIA,23
0022200826,2023-02-08,SAS,TOR,23
0022200827,2023-02-08,SAC,HOU,23
0022200828,2023-02-08,MIN,UTA,23
0022200829,2023-02-08,DAL,LAC,23
0022200830,2023-02-08,GSW,POR,23
0022200831,2023-02-09,DEN,ORL,23
0022200832,2023-02-09,PHX,ATL,23
0022200833,2023-02-09,CHI,BKN,23
0022200834,2023-02-09,MIL,LAL,23
0022200835,2023-02-10,SAS,DET,23
0022200836,2023-02-10,PHX,IND,23
0022200837,2023-02-10,NYK,PHI,23
0022200838,2023-02-10,CHA,BOS,23
0022200839,2023-02-10,UTA,TOR,23
0022200840,2023-02-10,HOU,MIA,23
0022200841,2023-02-10,MIN,MEM,23
0022200842,2023-02-10,CLE,NOP,23
0022200843,2023-02-10,OKC,POR,23
0022200844,2023-02-10,DAL,SAC,23
0022200845,2023-02-10,MIL,LAC,23
0022200846,2023-02-11,PHI,BKN,23
0022200847,2023-02-11,DEN,CHA,23
0022200848,2023-02-11,MIA,ORL,23
0022200849,2023-02-11,IND,WAS,23
0022200850,2023-02-11,SAS,ATL,23
0022200851,2023-02-11,UTA,NYK,23
0022200852,2023-02-11,CHI,CLE,23
0022200853,2023-02-11,LAL,GSW,23
0022200854,2023-02-11,DAL,SAC,23
0022200855,2023-02-12,MEM,BOS,23
0022200856,2023-02-12,DET,TOR,23
0022200857,2023-02-13,ATL,CHA,23
0022200858,2023-02-13,SAS,CLE,23
0022200859,2023-02-13,UTA,IND,23
0022200860,2023-02-13,HOU,PHI,23
0022200861,2023-02-13,DEN,MIA,23
0022200862,2023-02-13,BKN,NYK,23
0022200863,2023-02-13,ORL,CHI,23
0022200864,2023-02-13,NOP,OKC,23
0022200865,2023-02-13,MIN,DAL,23
0022200866,2023-02-13,WAS,GSW,23
0022200867,2023-02-13,LAL,POR,23
0022200868,2023-02-14,ORL,TOR,23
0022200869,2023-02-14,BOS,MIL,23
0022200870,2023-02-14,SAC,PHX,23
0022200871,2023-02-14,GSW,LAC,23
0022200872,2023-02-14,WAS,POR,23
0022200873,2023-02-15,SAS,CHA,23
0022200874,2023-02-15,CHI,IND,23
0022200875,2023-02-15,CLE,PHI,23
0022200876,2023-02-15,NYK,ATL,23
0022200877,2023-02-15,DET,BOS,23
0022200878,2023-02-15,MIA,BKN,23
0022200879,2023-02-15,UTA,MEM,23
0022200880,2023-02-15,HOU,OKC,23
0022200881,2023-02-15,DAL,DEN,23
0022200882,2023-02-15,NOP,LAL,23
0022200883,2023-02-16,MIL,CHI,23
0022200884,2023-02-16,WAS,MIN,23
0022200885,2023-02-16,LAC,PHX,23
0022200886,2023-02-23,DEN,CLE,23
0022200887,2023-02-23,BOS,IND,23
0022200888,2023-02-23,DET,ORL,23
0022200889,2023-02-23,MEM,PHI,23
0022200890,2023-02-23,NOP,TOR,23
0022200891,2023-02-23,SAS,DAL,23
0022200892,2023-02-23,OKC,UTA,23
0022200893,2023-02-23,GSW,LAL,23
0022200894,2023-02-23,POR,SAC,23
0022200895,2023-02-24,NYK,WAS,23
0022200896,2023-02-24,CLE,ATL,23
0022200897,2023-02-24,MIA,MIL,23
0022200898,2023-02-24,CHA,MIN,23
0022200899,2023-02-24,OKC,PHX,23
0022200900,2023-02-24,BKN,CHI,23
0022200901,2023-02-24,HOU,GSW,23
0022200902,2023-02-24,SAC,LAC,23
0022200903,2023-02-25,TOR,DET,23
0022200904,2023-02-25,MIA,CHA,23
0022200905,2023-02-25,IND,ORL,23
0022200906,2023-02-25,NOP,NYK,23
0022200907,2023-02-25,DEN,MEM,23
0022200908,2023-02-25,BOS,PHI,23
0022200909,2023-02-25,SAS,UTA,23
0022200910,2023-02-26,PHX,MIL,23
0022200911,2023-02-26,BKN,ATL,23
0022200912,2023-02-26,WAS,CHI,23
0022200913,2023-02-26,LAL,DAL,23
0022200914,2023-02-26,TOR,CLE,23
0022200915,2023-02-26,SAC,OKC,23
0022200916,2023-02-26,MIN,GSW,23
0022200917,2023-02-26,HOU,POR,23
0022200918,2023-02-26,LAC,DEN,23
0022200919,2023-02-27,DET,CHA,23
0022200920,2023-02-27,MIA,PHI,23
0022200921,2023-02-27,BOS,NYK,23
0022200922,2023-02-27,ORL,NOP,23
0022200923,2023-02-28,WAS,ATL,23
0022200924,2023-02-28,MIL,BKN,23
0022200925,2023-02-28,CHI,TOR,23
0022200926,2023-02-28,DEN,HOU,23
0022200927,2023-02-28,LAL,MEM,23
0022200928,2023-02-28,SAC,OKC,23
0022200929,2023-02-28,IND,DAL,23
0022200930,2023-02-28,SAS,UTA,23
0022200931,2023-02-28,POR,GSW,23
0022200932,2023-02-28,MIN,LAC,23
0022200933,2023-03-01,PHX,CHA,23
0022200934,2023-03-01,CHI,DET,23
0022200935,2023-03-01,CLE,BOS,23
0022200936,2023-03-01,PHI,MIA,23
0022200937,2023-03-01,BKN,NYK,23
0022200938,2023-03-01,MEM,HOU,23
0022200939,2023-03-01,ORL,MIL,23
0022200940,2023-03-01,LAL,OKC,23
0022200941,2023-03-01,NOP,POR,23
0022200942,2023-03-02,TOR,WAS,23
0022200943,2023-03-02,PHI,DAL,23
0022200944,2023-03-02,IND,SAS,23
0022200945,2023-03-02,LAC,GSW,23
0022200946,2023-03-03,ORL,CHA,23
0022200947,2023-03-03,POR,ATL,23
0022200948,2023-03-03,BKN,BOS,23
0022200949,2023-03-03,NYK,MIA,23
0022200950,2023-03-03,PHX,CHI,23
0022200951,2023-03-03,UTA,OKC,23
0022200952,2023-03-03,MEM,DEN,23
0022200953,2023-03-03,NOP,GSW,23
0022200954,2023-03-03,LAC,SAC,23
0022200955,2023-03-03,MIN,LAL,23
0022200956,2023-03-04,TOR,WAS,23
0022200957,2023-03-04,DET,CLE,23
0022200958,2023-03-04,ATL,MIA,23
0022200959,2023-03-04,HOU,SAS,23
0022200960,2023-03-04,PHI,MIL,23
0022200961,2023-03-04,MIN,SAC,23
0022200962,2023-03-05,PHX,DAL,23
0022200963,2023-03-05,IND,CHI,23
0022200964,2023-03-05,GSW,LAL,23
0022200965,2023-03-05,CHA,BKN,23
0022200966,2023-03-05,POR,ORL,23
0022200967,2023-03-05,SAS,HOU,23
0022200968,2023-03-05,UTA,OKC,23
0022200969,2023-03-05,NYK,BOS,23
0022200970,2023-03-05,MEM,LAC,23
0022200971,2023-03-06,BOS,CLE,23
0022200972,2023-03-06,PHI,IND,23
0022200973,2023-03-05,MIL,WAS,23
0022200974,2023-03-06,ATL,MIA,23
0022200975,2023-03-06,TOR,DEN,23
0022200976,2023-03-06,NOP,SAC,23
0022200977,2023-03-06,POR,DET,23
0022200978,2023-03-07,MIL,ORL,23
0022200979,2023-03-07,CHA,NYK,23
0022200980,2023-03-07,PHI,MIN,23
0022200981,2023-03-07,BKN,HOU,23
0022200982,2023-03-07,GSW,OKC,23
0022200983,2023-03-07,UTA,DAL,23
0022200984,2023-03-07,MEM,LAL,23
0022200985,2023-03-08,ATL,WAS,23
0022200986,2023-03-08,POR,BOS,23
0022200987,2023-03-08,CLE,MIA,23
0022200988,2023-03-08,DAL,NOP,23
0022200989,2023-03-08,CHI,DEN,23
0022200990,2023-03-08,OKC,PHX,23
0022200991,2023-03-08,TOR,LAC,23
0022200992,2023-03-09,CHA,DET,23
0022200993,2023-03-09,HOU,IND,23
0022200994,2023-03-09,UTA,ORL,23
0022200995,2023-03-09,BKN,MIL,23
0022200996,2023-03-09,GSW,MEM,23
0022200997,2023-03-09,NYK,SAC,23
0022200998,2023-03-10,POR,PHI,23
0022200999,2023-03-10,ATL,WAS,23
0022201000,2023-03-10,CLE,MIA,23
0022201001,2023-03-10,BKN,MIN,23
0022201002,2023-03-10,DEN,SAS,23
0022201003,2023-03-10,TOR,LAL,23
0022201004,2023-03-11,NYK,LAC,23
0022201005,2023-03-11,UTA,CHA,23
0022201006,2023-03-11,IND,DET,23
0022201007,2023-03-11,MIA,ORL,23
0022201008,2023-03-11,BOS,ATL,23
0022201009,2023-03-11,CHI,HOU,23
0022201010,2023-03-11,DAL,MEM,23
0022201011,2023-03-11,OKC,NOP,23
0022201012,2023-03-11,MIL,GSW,23
0022201013,2023-03-11,SAC,PHX,23
0022201014,2023-03-12,BKN,DEN,23
0022201015,2023-03-12,CLE,CHA,23
0022201016,2023-03-12,WAS,PHI,23
0022201017,2023-03-12,POR,NOP,23
0022201018,2023-03-12,OKC,SAS,23
0022201019,2023-03-12,NYK,LAL,23
0022201020,2023-03-13,IND,DET,23
0022201021,2023-03-13,MIN,ATL,23
0022201022,2023-03-13,UTA,MIA,23
0022201023,2023-03-13,MEM,DAL,23
0022201024,2023-03-13,BOS,HOU,23
0022201025,2023-03-13,PHX,GSW,23
0022201026,2023-03-13,MIL,SAC,23
0022201027,2023-03-14,CLE,CHA,23
0022201028,2023-03-14,DET,WAS,23
0022201029,2023-03-14,DEN,TOR,23
0022201030,2023-03-14,LAL,NOP,23
0022201031,2023-03-14,BKN,OKC,23
0022201032,2023-03-14,ORL,SAS,23
0022201033,2023-03-14,MIL,PHX,23
0022201034,2023-03-14,NYK,POR,23
0022201035,2023-03-15,PHI,CLE,23
0022201036,2023-03-15,MEM,MIA,23
0022201037,2023-03-15,SAC,CHI,23
0022201038,2023-03-15,LAL,HOU,23
0022201039,2023-03-15,BOS,MIN,23
0022201040,2023-03-15,DAL,SAS,23
0022201041,2023-03-15,GSW,LAC,23
0022201042,2023-03-16,DEN,DET,23
0022201043,2023-03-16,SAC,BKN,23
0022201044,2023-03-16,OKC,TOR,23
0022201045,2023-03-16,IND,MIL,23
0022201046,2023-03-16,ORL,PHX,23
0022201047,2023-03-17,PHI,CHA,23
0022201048,2023-03-17,GSW,ATL,23
0022201049,2023-03-17,WAS,CLE,23
0022201050,2023-03-17,MIN,CHI,23
0022201051,2023-03-17,NOP,HOU,23
0022201052,2023-03-17,MEM,SAS,23
0022201053,2023-03-17,BOS,POR,23
0022201054,2023-03-17,DAL,LAL,23
0022201055,2023-03-18,DEN,NYK,23
0022201056,2023-03-18,ORL,LAC,23
0022201057,2023-03-18,PHI,IND,23
0022201058,2023-03-18,MIN,TOR,23
0022201059,2023-03-18,SAC,WAS,23
0022201060,2023-03-18,MIA,CHI,23
0022201061,2023-03-18,GSW,MEM,23
0022201062,2023-03-18,BOS,UTA,23
0022201063,2023-03-19,DEN,BKN,23
0022201064,2023-03-19,PHX,OKC,23
0022201065,2023-03-19,ATL,SAS,23
0022201066,2023-03-19,MIA,DET,23
0022201067,2023-03-19,NOP,HOU,23
0022201068,2023-03-19,TOR,MIL,23
0022201069,2023-03-19,LAC,POR,23
0022201070,2023-03-19,ORL,LAL,23
0022201071,2023-03-20,IND,CHA,23
0022201072,2023-03-20,CHI,PHI,23
0022201073,2023-03-20,MIN,NYK,23
0022201074,2023-03-20,GSW,HOU,23
0022201075,2023-03-20,DAL,MEM,23
0022201076,2023-03-20,SAC,UTA,23
0022201077,2023-03-21,WAS,ORL,23
0022201078,2023-03-21,DET,ATL,23
0022201079,2023-03-21,CLE,BKN,23
0022201080,2023-03-21,SAS,NOP,23
0022201081,2023-03-21,BOS,SAC,23
0022201082,2023-03-21,OKC,LAC,23
0022201083,2023-03-22,DEN,WAS,23
0022201084,2023-03-22,NYK,MIA,23
0022201085,2023-03-22,IND,TOR,23
0022201086,2023-03-22,GSW,DAL,23
0022201087,2023-03-22,PHI,CHI,23
0022201088,2023-03-22,HOU,MEM,23
0022201089,2023-03-22,SAS,MIL,23
0022201090,2023-03-22,ATL,MIN,23
0022201091,2023-03-22,POR,UTA,23
0022201092,2023-03-22,PHX,LAL,23
0022201093,2023-03-23,NYK,ORL,23
0022201094,2023-03-23,CLE,BKN,23
0022201095,2023-03-23,CHA,NOP,23
0022201096,2023-03-23,OKC,LAC,23
0022201097,2023-03-24,IND,BOS,23
0022201098,2023-03-24,SAS,WAS,23
0022201099,2023-03-24,DET,TOR,23
0022201100,2023-03-24,HOU,MEM,23
0022201101,2023-03-24,CHA,DAL,23
0022201102,2023-03-24,MIL,UTA,23
0022201103,2023-03-24,PHI,GSW,23
0022201104,2023-03-24,CHI,POR,23
0022201105,2023-03-24,PHX,SAC,23
0022201106,2023-03-24,OKC,LAL,23
0022201107,2023-03-25,IND,ATL,23
0022201108,2023-03-25,BKN,MIA,23
0022201109,2023-03-25,MIL,DEN,23
0022201110,2023-03-25,PHI,PHX,23
0022201111,2023-03-25,UTA,SAC,23
0022201112,2023-03-25,NOP,LAC,23
0022201113,2023-03-26,DAL,CHA,23
0022201114,2023-03-26,CHI,LAL,23
0022201115,2023-03-26,MEM,ATL,23
0022201116,2023-03-26,SAS,BOS,23
0022201117,2023-03-26,HOU,CLE,23
0022201118,2023-03-26,BKN,ORL,23
0022201119,2023-03-26,WAS,TOR,23
0022201120,2023-03-26,OKC,POR,23
0022201121,2023-03-26,MIN,GSW,23
0022201122,2023-03-27,MIL,DET,23
0022201123,2023-03-27,DAL,IND,23
0022201124,2023-03-27,HOU,NYK,23
0022201125,2023-03-27,PHX,UTA,23
0022201126,2023-03-27,PHI,DEN,23
0022201127,2023-03-27,NOP,POR,23
0022201128,2023-03-27,MIN,SAC,23
0022201129,2023-03-27,CHI,LAC,23
0022201130,2023-03-28,BOS,WAS,23
0022201131,2023-03-28,CLE,ATL,23
0022201132,2023-03-28,MIA,TOR,23
0022201133,2023-03-28,ORL,MEM,23
0022201134,2023-03-28,CHA,OKC,23
0022201135,2023-03-28,NOP,GSW,23
0022201136,2023-03-29,MIL,IND,23
0022201137,2023-03-29,HOU,BKN,23
0022201138,2023-03-29,MIA,NYK,23
0022201139,2023-03-29,DAL,PHI,23
0022201140,2023-03-29,LAL,CHI,23
0022201141,2023-03-29,LAC,MEM,23
0022201142,2023-03-29,DET,OKC,23
0022201143,2023-03-29,UTA,SAS,23
0022201144,2023-03-29,MIN,PHX,23
0022201145,2023-03-29,SAC,POR,23
0022201146,2023-03-30,BOS,MIL,23
0022201147,2023-03-30,NOP,DEN,23
0022201148,2023-03-31,CHI,CHA,23
0022201149,2023-03-31,OKC,IND,23
0022201150,2023-03-31,TOR,PHI,23
0022201151,2023-03-31,ORL,WAS,23
0022201152,2023-03-31,UTA,BOS,23
0022201153,2023-03-31,ATL,BKN,23
0022201154,2023-03-31,NYK,CLE,23
0022201155,2023-03-31,DET,HOU,23
0022201156,2023-03-31,LAC,MEM,23
0022201157,2023-03-31,LAL,MIN,23
0022201158,2023-03-31,SAS,GSW,23
0022201159,2023-03-31,SAC,POR,23
0022201160,2023-03-31,DEN,PHX,23
0022201161,2023-04-01,DAL,MIA,23
0022201162,2023-04-01,LAC,NOP,23
0022201163,2023-04-02,TOR,CHA,23
0022201164,2023-04-02,UTA,BKN,23
0022201165,2023-04-02,MEM,CHI,23
0022201166,2023-04-02,POR,MIN,23
0022201167,2023-04-02,DAL,ATL,23
0022201168,2023-04-02,WAS,NYK,23
0022201169,2023-04-02,DET,ORL,23
0022201170,2023-04-02,SAS,SAC,23
0022201171,2023-04-02,LAL,HOU,23
0022201172,2023-04-02,PHX,OKC,23
0022201173,2023-04-02,IND,CLE,23
0022201174,2023-04-02,PHI,MIL,23
0022201175,2023-04-02,GSW,DEN,23
0022201176,2023-04-04,TOR,CHA,23
0022201177,2023-04-04,MIA,DET,23
0022201178,2023-04-04,CLE,ORL,23
0022201179,2023-04-04,MIL,WAS,23
0022201180,2023-04-04,MIN,BKN,23
0022201181,2023-04-04,BOS,PHI,23
0022201182,2023-04-04,ATL,CHI,23
0022201183,2023-04-04,DEN,HOU,23
0022201184,2023-04-04,POR,MEM,23
0022201185,2023-04-04,SAC,NOP,23
0022201186,2023-04-04,LAL,UTA,23
0022201187,2023-04-04,OKC,GSW,23
0022201188,2023-04-04,SAS,PHX,23
0022201189,2023-04-05,BKN,DET,23
0022201190,2023-04-05,NYK,IND,23
0022201191,2023-04-05,WAS,ATL,23
0022201192,2023-04-05,TOR,BOS,23
0022201193,2023-04-05,CHI,MIL,23
0022201194,2023-04-05,MEM,NOP,23
0022201195,2023-04-05,SAC,DAL,23
0022201196,2023-04-05,LAL,LAC,23
0022201197,2023-04-06,CLE,ORL,23
0022201198,2023-04-06,MIA,PHI,23
0022201199,2023-04-06,POR,SAS,23
0022201200,2023-04-06,OKC,UTA,23
0022201201,2023-04-06,DEN,PHX,23
0022201202,2023-04-07,HOU,CHA,23
0022201203,2023-04-07,DET,IND,23
0022201204,2023-04-07,MIA,WAS,23
0022201205,2023-04-07,PHI,ATL,23
0022201206,2023-04-07,TOR,BOS,23
0022201207,2023-04-07,ORL,BKN,23
0022201208,2023-04-07,MEM,MIL,23
0022201209,2023-04-07,NYK,NOP,23
0022201210,2023-04-07,CHI,DAL,23
0022201211,2023-04-07,GSW,SAC,23
0022201212,2023-04-07,PHX,LAL,23
0022201213,2023-04-08,DEN,UTA,23
0022201214,2023-04-08,MIN,SAS,23
0022201215,2023-04-08,POR,LAC,23
0022201216,2023-04-09,ATL,BOS,23
0022201217,2023-04-09,PHI,BKN,23
0022201218,2023-04-09,CHA,CLE,23
0022201219,2023-04-09,ORL,MIA,23
0022201220,2023-04-09,IND,NYK,23
0022201221,2023-04-09,MIL,TOR,23
0022201222,2023-04-09,HOU,WAS,23
0022201223,2023-04-09,DET,CHI,23
0022201224,2023-04-09,SAS,DAL,23
0022201225,2023-04-09,NOP,MIN,23
0022201226,2023-04-09,MEM,OKC,23
0022201227,2023-04-09,SAC,DEN,23
0022201228,2023-04-09,UTA,LAL,23
0022201229,2023-04-09,LAC,PHX,23
0022201230,2023-04-09,GSW,POR,23
0022300001,2023-11-03,CLE,IND,24
0022300002,2023-11-03,NYK,MIL,24
0022300003,2023-11-03,WAS,MIA,24
0022300004,2023-11-03,BKN,CHI,24
0022300005,2023-11-03,GSW,OKC,24
0022300006,2023-11-03,DAL,DEN,24
0022300007,2023-11-03,MEM,POR,24
0022300061,2023-10-24,LAL,DEN,24
0022300062,2023-10-24,PHX,GSW,24
0022300063,2023-10-25,ATL,CHA,24
0022300064,2023-10-25,WAS,IND,24
0022300065,2023-10-25,BOS,NYK,24
0022300066,2023-10-25,HOU,ORL,24
0022300067,2023-10-25,CLE,BKN,24
0022300068,2023-10-25,DET,MIA,24
0022300069,2023-10-25,MIN,TOR,24
0022300070,2023-10-25,OKC,CHI,24
0022300071,2023-10-25,NOP,MEM,24
0022300072,2023-10-25,SAC,UTA,24
0022300073,2023-10-25,DAL,SAS,24
0022300074,2023-10-25,POR,LAC,24
0022300075,2023-10-26,PHI,MIL,24
0022300076,2023-10-26,PHX,LAL,24
0022300077,2023-10-27,DET,CHA,24
0022300078,2023-10-27,DEN,MEM,24
0022300079,2023-10-27,NYK,ATL,24
0022300080,2023-10-27,MIA,BOS,24
0022300081,2023-10-27,OKC,CLE,24
0022300082,2023-10-27,TOR,CHI,24
0022300083,2023-10-27,HOU,SAS,24
0022300084,2023-10-27,BKN,DAL,24
0022300085,2023-10-27,LAC,UTA,24
0022300086,2023-10-27,ORL,POR,24
0022300087,2023-10-27,GSW,SAC,24
0022300088,2023-10-28,CHI,DET,24
0022300089,2023-10-28,MEM,WAS,24
0022300090,2023-10-28,NYK,NOP,24
0022300091,2023-10-28,IND,CLE,24
0022300092,2023-10-28,PHI,TOR,24
0022300093,2023-10-28,MIA,MIN,24
0022300094,2023-10-28,UTA,PHX,24
0022300095,2023-10-29,DEN,OKC,24
0022300096,2023-10-29,GSW,HOU,24
0022300097,2023-10-29,ATL,MIL,24
0022300098,2023-10-29,POR,PHI,24
0022300099,2023-10-29,SAS,LAC,24
0022300100,2023-10-29,LAL,SAC,24
0022300101,2023-10-30,BKN,CHA,24
0022300102,2023-10-30,CHI,IND,24
0022300103,2023-10-30,BOS,WAS,24
0022300104,2023-10-30,MIN,ATL,24
0022300105,2023-10-30,POR,TOR,24
0022300106,2023-10-30,DAL,MEM,24
0022300107,2023-10-30,MIA,MIL,24
0022300108,2023-10-30,GSW,NOP,24
0022300109,2023-10-30,DET,OKC,24
0022300110,2023-10-30,UTA,DEN,24
0022300111,2023-10-30,ORL,LAL,24
0022300112,2023-10-31,NYK,CLE,24
0022300113,2023-10-31,SAS,PHX,24
0022300114,2023-10-31,ORL,LAC,24
0022300115,2023-11-01,POR,DET,24
0022300116,2023-11-01,MIL,TOR,24
0022300117,2023-11-01,WAS,ATL,24
0022300118,2023-11-01,IND,BOS,24
0022300119,2023-11-01,BKN,MIA,24
0022300120,2023-11-01,CLE,NYK,24
0022300121,2023-11-01,NOP,OKC,24
0022300122,2023-11-01,CHA,HOU,24
0022300123,2023-11-01,DEN,MIN,24
0022300124,2023-11-01,CHI,DAL,24
0022300125,2023-11-01,MEM,UTA,24
0022300126,2023-11-01,SAC,GSW,24
0022300127,2023-11-01,LAC,LAL,24
0022300128,2023-11-02,TOR,PHI,24
0022300129,2023-11-02,DET,NOP,24
0022300130,2023-11-02,ORL,UTA,24
0022300131,2023-11-02,SAS,PHX,24
0022300132,2023-11-04,PHX,PHI,24
0022300133,2023-11-04,CHA,IND,24
0022300134,2023-11-04,LAL,ORL,24
0022300135,2023-11-04,ATL,NOP,24
0022300136,2023-11-04,BOS,BKN,24
0022300137,2023-11-04,SAC,HOU,24
0022300138,2023-11-04,UTA,MIN,24
0022300139,2023-11-04,CHI,DEN,24
0022300140,2023-11-05,PHX,DET,24
0022300141,2023-11-05,TOR,SAS,24
0022300142,2023-11-05,GSW,CLE,24
0022300143,2023-11-05,CHA,DAL,24
0022300144,2023-11-05,MEM,POR,24
0022300145,2023-11-06,GSW,DET,24
0022300146,2023-11-06,SAS,IND,24
0022300147,2023-11-06,DAL,ORL,24
0022300148,2023-11-06,WAS,PHI,24
0022300149,2023-11-06,MIL,BKN,24
0022300150,2023-11-06,LAL,MIA,24
0022300151,2023-11-06,LAC,NYK,24
0022300152,2023-11-06,UTA,CHI,24
0022300153,2023-11-06,SAC,HOU,24
0022300154,2023-11-06,BOS,MIN,24
0022300155,2023-11-06,ATL,OKC,24
0022300156,2023-11-06,NOP,DEN,24
0022300157,2023-11-08,WAS,CHA,24
0022300158,2023-11-08,UTA,IND,24
0022300159,2023-11-08,BOS,PHI,24
0022300160,2023-11-08,LAC,BKN,24
0022300161,2023-11-08,SAS,NYK,24
0022300162,2023-11-08,PHX,CHI,24
0022300163,2023-11-08,LAL,HOU,24
0022300164,2023-11-08,MIA,MEM,24
0022300165,2023-11-08,DET,MIL,24
0022300166,2023-11-08,NOP,MIN,24
0022300167,2023-11-08,CLE,OKC,24
0022300168,2023-11-08,TOR,DAL,24
0022300169,2023-11-08,GSW,DEN,24
0022300170,2023-11-08,POR,SAC,24
0022300171,2023-11-09,MIL,IND,24
0022300172,2023-11-09,ATL,ORL,24
