,game_id,eventnum,player_id,player_name,lineup,stat_type,stat_value
0,22201230,10,1631101,Shaedon Sharpe,"('1628995', '1630219', '1630570', '1631101', '1631466')",PTS,2
1,22201230,19,202691,Klay Thompson,"('1628995', '1630219', '1630570', '1631101', '1631466')",PTS,2
2,22201230,27,1630219,Skylar Mays,"('1628995', '1630219', '1630570', '1631101', '1631466')",PTS,2
3,22201230,42,1631101,Shaedon Sharpe,"('1628995', '1630219', '1630570', '1631101', '1631466')",PTS,2
4,22201230,50,1626172,Kevon Looney,"('1628995', '1630219', '1630570', '1631101', '1631466')",PTS,2
5,22201230,54,203110,Draymond Green,"('1628995', '1630219', '1630570', '1631101', '1631466')",PTS,2
6,22201230,66,1630570,Trendon Watford,"('1628995', '1630219', '1630570', '1631101', '1631466')",PTS,2
7,22201230,72,1631101,Shaedon Sharpe,"('1628995', '1630219', '1630570', '1631101', '1631466')",PTS,2
8,22201230,73,1628978,Donte DiVincenzo,"('1628995', '1630219', '1630570', '1631101', '1631466')",PTS,2
9,22201230,81,201939,Stephen Curry,"('1628995', '1630219', '1630570', '1631101', '1631466')",PTS,2
10,22201230,94,1627780,Gary Payton II,"('1628995', '1630219', '1631101', '1631133', '1631219')",PTS,2
11,22201230,98,1628995,Kevin Knox II,"('1628995', '1630219', '1631101', '1631133', '1631219')",PTS,2
12,22201230,132,1630541,Moses Moody,"('1628435', '1631101', '1631133', '1631219', '1631303')",PTS,2
13,22201230,144,1630228,Jonathan Kuminga,"('1628435', '1631101', '1631133', '1631219', '1631303')",PTS,2
14,22201230,148,1631101,Shaedon Sharpe,"('1628435', '1631101', '1631133', '1631219', '1631303')",PTS,2
15,22201230,180,1629673,Jordan Poole,"('1628995', '1630219', '1630570', '1631219', '1631303')",PTS,2
16,22201230,209,1628995,Kevin Knox II,"('1628995', '1630219', '1630570', '1631219', '1631303')",PTS,2
17,22201230,213,1629673,Jordan Poole,"('1628995', '1630219', '1630570', '1631219', '1631466')",PTS,2
18,22201230,225,1631466,Jeenathan Williams,"('1628995', '1630219', '1630570', '1631219', '1631466')",PTS,2
19,22201230,227,203210,JaMychal Green,"('1628995', '1630219', '1630570', '1631219', '1631466')",PTS,2
20,22201230,242,201939,Stephen Curry,"('1628995', '1630219', '1631133', '1631219', '1631466')",PTS,2
21,22201230,243,1630219,Skylar Mays,"('1628995', '1630219', '1631133', '1631219', '1631466')",PTS,2
22,22201230,254,1631133,Jabari Walker,"('1628995', '1630219', '1631101', '1631133', '1631466')",PTS,2
23,22201230,256,1630228,Jonathan Kuminga,"('1628995', '1630219', '1631101', '1631133', '1631466')",PTS,2
24,22201230,257,1631133,Jabari Walker,"('1628995', '1630219', '1631101', '1631133', '1631466')",PTS,2
25,22201230,259,1630228,Jonathan Kuminga,"('1628995', '1630219', '1631101', '1631133', '1631466')",PTS,2
26,22201230,261,1630219,Skylar Mays,"('1628995', '1630219', '1631101', '1631133', '1631466')",PTS,2
27,22201230,277,203110,Draymond Green,"('1628995', '1630219', '1631101', '1631133', '1631466')",PTS,2
28,22201230,281,201939,Stephen Curry,"('1628995', '1630219', '1631101', '1631133', '1631466')",PTS,2
29,22201230,282,1631466,Jeenathan Williams,"('1628995', '1630219', '1631101', '1631133', '1631466')",PTS,2
30,22201230,307,1631466,Jeenathan Williams,"('1628435', '1631101', '1631133', '1631303', '1631466')",PTS,2
31,22201230,316,1631101,Shaedon Sharpe,"('1628435', '1631101', '1631133', '1631303', '1631466')",PTS,2
32,22201230,333,203110,Draymond Green,"('1628995', '1630219', '1630570', '1631101', '1631466')",PTS,2
33,22201230,337,1631466,Jeenathan Williams,"('1628995', '1630219', '1630570', '1631101', '1631466')",PTS,2
34,22201230,340,1630570,Trendon Watford,"('1628995', '1630219', '1630570', '1631101', '1631466')",PTS,2
35,22201230,342,201939,Stephen Curry,"('1628995', '1630219', '1630570', '1631101', '1631466')",PTS,2
36,22201230,347,1630570,Trendon Watford,"('1628995', '1630219', '1630570', '1631101', '1631466')",PTS,2
37,22201230,370,1631466,Jeenathan Williams,"('1628995', '1630219', '1630570', '1631101', '1631466')",PTS,2
38,22201230,414,1626172,Kevon Looney,"('1628995', '1630219', '1630570', '1631101', '1631133')",PTS,2
39,22201230,429,1630219,Skylar Mays,"('1630219', '1630570', '1631101', '1631133', '1631219')",PTS,2
40,22201230,457,1630541,Moses Moody,"('1628435', '1630219', '1631133', '1631219', '1631303')",PTS,2
41,22201230,477,1631303,Justin Minaya,"('1628435', '1630219', '1631133', '1631219', '1631303')",PTS,2
42,22201230,483,1630228,Jonathan Kuminga,"('1628435', '1630219', '1631133', '1631219', '1631303')",PTS,2
43,22201230,489,1631133,Jabari Walker,"('1628435', '1630219', '1631133', '1631219', '1631303')",PTS,2
44,22201230,491,1630228,Jonathan Kuminga,"('1628435', '1630219', '1631133', '1631219', '1631303')",PTS,2
45,22201230,503,1631133,Jabari Walker,"('1628435', '1631101', '1631133', '1631219', '1631303')",PTS,2
46,22201230,504,1629673,Jordan Poole,"('1628435', '1631101', '1631133', '1631219', '1631303')",PTS,2
47,22201230,516,1627780,Gary Payton II,"('1628435', '1628995', '1631101', '1631219', '1631303')",PTS,2
48,22201230,543,1628435,Chance Comanche,"('1628435', '1628995', '1630219', '1631303', '1631466')",PTS,2
49,22201230,549,1631116,Patrick Baldwin,"('1628435', '1628995', '1630219', '1631303', '1631466')",PTS,2
50,22201230,574,1630541,Moses Moody,"('1628435', '1628995', '1630219', '1631303', '1631466')",PTS,2
51,22201230,577,1630237,Anthony Lamb,"('1628435', '1628995', '1630219', '1631303', '1631466')",PTS,2
52,22201230,585,1628435,Chance Comanche,"('1628435', '1628995', '1630219', '1631303', '1631466')",PTS,2
53,22201230,587,1630541,Moses Moody,"('1628435', '1628995', '1630219', '1631303', '1631466')",PTS,2
54,22201230,604,1630237,Anthony Lamb,"('1628435', '1630219', '1631219', '1631303', '1631466')",PTS,2
55,22201230,614,1630219,Skylar Mays,"('1628435', '1630219', '1631219', '1631303', '1631466')",PTS,2
56,22201230,616,1628435,Chance Comanche,"('1628435', '1630219', '1631219', '1631303', '1631466')",PTS,2
57,22201230,631,1630541,Moses Moody,"('1628435', '1630219', '1631219', '1631303', '1631466')",PTS,2
58,22201230,633,1631466,Jeenathan Williams,"('1628435', '1630219', '1631219', '1631303', '1631466')",PTS,2
59,22201230,634,1630541,Moses Moody,"('1628435', '1630219', '1631219', '1631303', '1631466')",PTS,2
60,22201230,8,202691,Klay Thompson,"('1628995', '1630219', '1630570', '1631101', '1631466')",PTS,3
61,22201230,11,202691,Klay Thompson,"('1628995', '1630219', '1630570', '1631101', '1631466')",PTS,3
62,22201230,28,202691,Klay Thompson,"('1628995', '1630219', '1630570', '1631101', '1631466')",PTS,3
63,22201230,39,202691,Klay Thompson,"('1628995', '1630219', '1630570', '1631101', '1631466')",PTS,3
64,22201230,45,1630570,Trendon Watford,"('1628995', '1630219', '1630570', '1631101', '1631466')",PTS,3
65,22201230,52,1631466,Jeenathan Williams,"('1628995', '1630219', '1630570', '1631101', '1631466')",PTS,3
66,22201230,58,202691,Klay Thompson,"('1628995', '1630219', '1630570', '1631101', '1631466')",PTS,3
67,22201230,68,201939,Stephen Curry,"('1628995', '1630219', '1630570', '1631101', '1631466')",PTS,3
68,22201230,82,1630219,Skylar Mays,"('1628995', '1630219', '1630570', '1631101', '1631466')",PTS,3
69,22201230,100,1629673,Jordan Poole,"('1628995', '1630219', '1631101', '1631133', '1631219')",PTS,3
70,22201230,106,1629673,Jordan Poole,"('1628995', '1630219', '1631101', '1631133', '1631219')",PTS,3
71,22201230,115,201939,Stephen Curry,"('1628995', '1630219', '1631101', '1631133', '1631219')",PTS,3
72,22201230,149,1629673,Jordan Poole,"('1628435', '1631101', '1631133', '1631219', '1631303')",PTS,3
73,22201230,153,1630541,Moses Moody,"('1628435', '1631101', '1631133', '1631219', '1631303')",PTS,3
74,22201230,161,1629673,Jordan Poole,"('1628435', '1631101', '1631133', '1631219', '1631303')",PTS,3
75,22201230,218,1628995,Kevin Knox II,"('1628995', '1630219', '1630570', '1631219', '1631466')",PTS,3
76,22201230,219,1628978,Donte DiVincenzo,"('1628995', '1630219', '1630570', '1631219', '1631466')",PTS,3
77,22201230,309,201939,Stephen Curry,"('1628435', '1631101', '1631133', '1631303', '1631466')",PTS,3
78,22201230,317,201939,Stephen Curry,"('1628435', '1631101', '1631133', '1631303', '1631466')",PTS,3
79,22201230,318,1631101,Shaedon Sharpe,"('1628435', '1631101', '1631133', '1631303', '1631466')",PTS,3
80,22201230,353,201939,Stephen Curry,"('1628995', '1630219', '1630570', '1631101', '1631466')",PTS,3
81,22201230,358,1631101,Shaedon Sharpe,"('1628995', '1630219', '1630570', '1631101', '1631466')",PTS,3
82,22201230,384,203110,Draymond Green,"('1628995', '1630219', '1630570', '1631101', '1631466')",PTS,3
83,22201230,392,202691,Klay Thompson,"('1628995', '1630219', '1630570', '1631101', '1631466')",PTS,3
84,22201230,435,1630541,Moses Moody,"('1630219', '1630570', '1631133', '1631219', '1631303')",PTS,3
85,22201230,444,1628978,Donte DiVincenzo,"('1628435', '1630219', '1631133', '1631219', '1631303')",PTS,3
86,22201230,487,1630541,Moses Moody,"('1628435', '1630219', '1631133', '1631219', '1631303')",PTS,3
87,22201230,512,1630541,Moses Moody,"('1628435', '1628995', '1631101', '1631219', '1631303')",PTS,3
88,22201230,562,1630219,Skylar Mays,"('1628435', '1628995', '1630219', '1631303', '1631466')",PTS,3
89,22201230,564,1631116,Patrick Baldwin,"('1628435', '1628995', '1630219', '1631303', '1631466')",PTS,3
90,22201230,579,1628995,Kevin Knox II,"('1628435', '1628995', '1630219', '1631303', '1631466')",PTS,3
91,22201230,584,1631311,Lester Quinones,"('1628435', '1628995', '1630219', '1631303', '1631466')",PTS,3
92,22201230,608,1630228,Jonathan Kuminga,"('1628435', '1630219', '1631219', '1631303', '1631466')",PTS,3
93,22201230,612,1631116,Patrick Baldwin,"('1628435', '1630219', '1631219', '1631303', '1631466')",PTS,3
94,22201230,618,1631311,Lester Quinones,"('1628435', '1630219', '1631219', '1631303', '1631466')",PTS,3
95,22201230,636,1631219,John Butler Jr.,"('1628435', '1630219', '1631219', '1631303', '1631466')",PTS,3
96,22201230,25,1628978,Donte DiVincenzo,"('1628995', '1630219', '1630570', '1631101', '1631466')",PTS,1
97,22201230,26,1628978,Donte DiVincenzo,"('1628995', '1630219', '1630570', '1631101', '1631466')",PTS,1
98,22201230,37,1630570,Trendon Watford,"('1628995', '1630219', '1630570', '1631101', '1631466')",PTS,1
99,22201230,38,1630570,Trendon Watford,"('1628995', '1630219', '1630570', '1631101', '1631466')",PTS,1
100,22201230,138,1630541,Moses Moody,"('1628435', '1631101', '1631133', '1631219', '1631303')",PTS,1
101,22201230,159,1631101,Shaedon Sharpe,"('1628435', '1631101', '1631133', '1631219', '1631303')",PTS,1
102,22201230,160,1631101,Shaedon Sharpe,"('1628435', '1631101', '1631133', '1631219', '1631303')",PTS,1
103,22201230,184,1630219,Skylar Mays,"('1628995', '1630219', '1630570', '1631219', '1631303')",PTS,1
104,22201230,185,1630219,Skylar Mays,"('1628995', '1630219', '1630570', '1631219', '1631303')",PTS,1
105,22201230,199,1629673,Jordan Poole,"('1628995', '1630219', '1630570', '1631219', '1631303')",PTS,1
106,22201230,200,1629673,Jordan Poole,"('1628995', '1630219', '1630570', '1631219', '1631303')",PTS,1
107,22201230,264,1630228,Jonathan Kuminga,"('1628995', '1630219', '1631101', '1631133', '1631466')",PTS,1
108,22201230,265,1630228,Jonathan Kuminga,"('1628995', '1630219', '1631101', '1631133', '1631466')",PTS,1
109,22201230,346,201939,Stephen Curry,"('1628995', '1630219', '1630570', '1631101', '1631466')",PTS,1
110,22201230,380,201939,Stephen Curry,"('1628995', '1630219', '1630570', '1631101', '1631466')",PTS,1
111,22201230,381,201939,Stephen Curry,"('1628995', '1630219', '1630570', '1631101', '1631466')",PTS,1
112,22201230,406,1628995,Kevin Knox II,"('1628995', '1630219', '1630570', '1631101', '1631133')",PTS,1
113,22201230,434,1630219,Skylar Mays,"('1630219', '1630570', '1631133', '1631219', '1631303')",PTS,1
114,22201230,439,1631133,Jabari Walker,"('1630219', '1630570', '1631133', '1631219', '1631303')",PTS,1
115,22201230,471,1629673,Jordan Poole,"('1628435', '1630219', '1631133', '1631219', '1631303')",PTS,1
116,22201230,527,1628995,Kevin Knox II,"('1628435', '1628995', '1631101', '1631219', '1631303')",PTS,1
117,22201230,532,1628995,Kevin Knox II,"('1628435', '1628995', '1630219', '1631303', '1631466')",PTS,1
118,22201230,539,1631311,Lester Quinones,"('1628435', '1628995', '1630219', '1631303', '1631466')",PTS,1
119,22201230,540,1631311,Lester Quinones,"('1628435', '1628995', '1630219', '1631303', '1631466')",PTS,1
120,22201230,554,1631466,Jeenathan Williams,"('1628435', '1628995', '1630219', '1631303', '1631466')",PTS,1
121,22201230,555,1631466,Jeenathan Williams,"('1628435', '1628995', '1630219', '1631303', '1631466')",PTS,1
122,22201230,561,1631311,Lester Quinones,"('1628435', '1628995', '1630219', '1631303', '1631466')",PTS,1
123,22201230,572,1630219,Skylar Mays,"('1628435', '1628995', '1630219', '1631303', '1631466')",PTS,1
124,22201230,573,1630219,Skylar Mays,"('1628435', '1628995', '1630219', '1631303', '1631466')",PTS,1
125,22201230,630,1628435,Chance Comanche,"('1628435', '1630219', '1631219', '1631303', '1631466')",PTS,1
126,22201230,8,201939,Stephen Curry,"('1628995', '1630219', '1630570', '1631101', '1631466')",AST,1
127,22201230,10,1630570,Trendon Watford,"('1628995', '1630219', '1630570', '1631101', '1631466')",AST,1
128,22201230,11,201939,Stephen Curry,"('1628995', '1630219', '1630570', '1631101', '1631466')",AST,1
129,22201230,19,1628978,Donte DiVincenzo,"('1628995', '1630219', '1630570', '1631101', '1631466')",AST,1
130,22201230,28,1626172,Kevon Looney,"('1628995', '1630219', '1630570', '1631101', '1631466')",AST,1
131,22201230,39,201939,Stephen Curry,"('1628995', '1630219', '1630570', '1631101', '1631466')",AST,1
132,22201230,45,1631101,Shaedon Sharpe,"('1628995', '1630219', '1630570', '1631101', '1631466')",AST,1
133,22201230,50,203110,Draymond Green,"('1628995', '1630219', '1630570', '1631101', '1631466')",AST,1
134,22201230,52,1630570,Trendon Watford,"('1628995', '1630219', '1630570', '1631101', '1631466')",AST,1
135,22201230,54,1628978,Donte DiVincenzo,"('1628995', '1630219', '1630570', '1631101', '1631466')",AST,1
136,22201230,58,1626172,Kevon Looney,"('1628995', '1630219', '1630570', '1631101', '1631466')",AST,1
137,22201230,66,1630219,Skylar Mays,"('1628995', '1630219', '1630570', '1631101', '1631466')",AST,1
138,22201230,68,203110,Draymond Green,"('1628995', '1630219', '1630570', '1631101', '1631466')",AST,1
139,22201230,73,203110,Draymond Green,"('1628995', '1630219', '1630570', '1631101', '1631466')",AST,1
140,22201230,82,1630570,Trendon Watford,"('1628995', '1630219', '1630570', '1631101', '1631466')",AST,1
141,22201230,94,201939,Stephen Curry,"('1628995', '1630219', '1631101', '1631133', '1631219')",AST,1
142,22201230,98,1630219,Skylar Mays,"('1628995', '1630219', '1631101', '1631133', '1631219')",AST,1
143,22201230,100,1627780,Gary Payton II,"('1628995', '1630219', '1631101', '1631133', '1631219')",AST,1
144,22201230,106,201939,Stephen Curry,"('1628995', '1630219', '1631101', '1631133', '1631219')",AST,1
145,22201230,115,1630541,Moses Moody,"('1628995', '1630219', '1631101', '1631133', '1631219')",AST,1
146,22201230,132,201939,Stephen Curry,"('1628435', '1631101', '1631133', '1631219', '1631303')",AST,1
147,22201230,144,1630541,Moses Moody,"('1628435', '1631101', '1631133', '1631219', '1631303')",AST,1
148,22201230,149,1626172,Kevon Looney,"('1628435', '1631101', '1631133', '1631219', '1631303')",AST,1
149,22201230,153,1629673,Jordan Poole,"('1628435', '1631101', '1631133', '1631219', '1631303')",AST,1
150,22201230,180,1628978,Donte DiVincenzo,"('1628995', '1630219', '1630570', '1631219', '1631303')",AST,1
151,22201230,213,1628978,Donte DiVincenzo,"('1628995', '1630219', '1630570', '1631219', '1631466')",AST,1
152,22201230,218,1630219,Skylar Mays,"('1628995', '1630219', '1630570', '1631219', '1631466')",AST,1
153,22201230,219,1630228,Jonathan Kuminga,"('1628995', '1630219', '1630570', '1631219', '1631466')",AST,1
154,22201230,225,1630219,Skylar Mays,"('1628995', '1630219', '1630570', '1631219', '1631466')",AST,1
155,22201230,227,1628978,Donte DiVincenzo,"('1628995', '1630219', '1630570', '1631219', '1631466')",AST,1
156,22201230,242,1630228,Jonathan Kuminga,"('1628995', '1630219', '1631133', '1631219', '1631466')",AST,1
157,22201230,254,1628995,Kevin Knox II,"('1628995', '1630219', '1631101', '1631133', '1631466')",AST,1
158,22201230,257,1631101,Shaedon Sharpe,"('1628995', '1630219', '1631101', '1631133', '1631466')",AST,1
159,22201230,259,201939,Stephen Curry,"('1628995', '1630219', '1631101', '1631133', '1631466')",AST,1
160,22201230,277,1626172,Kevon Looney,"('1628995', '1630219', '1631101', '1631133', '1631466')",AST,1
161,22201230,282,1630219,Skylar Mays,"('1628995', '1630219', '1631101', '1631133', '1631466')",AST,1
162,22201230,333,1628978,Donte DiVincenzo,"('1628995', '1630219', '1630570', '1631101', '1631466')",AST,1
163,22201230,340,1631466,Jeenathan Williams,"('1628995', '1630219', '1630570', '1631101', '1631466')",AST,1
164,22201230,342,203110,Draymond Green,"('1628995', '1630219', '1630570', '1631101', '1631466')",AST,1
165,22201230,347,1631101,Shaedon Sharpe,"('1628995', '1630219', '1630570', '1631101', '1631466')",AST,1
166,22201230,353,1628978,Donte DiVincenzo,"('1628995', '1630219', '1630570', '1631101', '1631466')",AST,1
167,22201230,358,1630570,Trendon Watford,"('1628995', '1630219', '1630570', '1631101', '1631466')",AST,1
168,22201230,370,1630219,Skylar Mays,"('1628995', '1630219', '1630570', '1631101', '1631466')",AST,1
169,22201230,384,202691,Klay Thompson,"('1628995', '1630219', '1630570', '1631101', '1631466')",AST,1
170,22201230,392,1628978,Donte DiVincenzo,"('1628995', '1630219', '1630570', '1631101', '1631466')",AST,1
171,22201230,435,1630228,Jonathan Kuminga,"('1630219', '1630570', '1631133', '1631219', '1631303')",AST,1
172,22201230,444,203210,JaMychal Green,"('1628435', '1630219', '1631133', '1631219', '1631303')",AST,1
173,22201230,457,1629673,Jordan Poole,"('1628435', '1630219', '1631133', '1631219', '1631303')",AST,1
174,22201230,477,1630219,Skylar Mays,"('1628435', '1630219', '1631133', '1631219', '1631303')",AST,1
175,22201230,483,1630541,Moses Moody,"('1628435', '1630219', '1631133', '1631219', '1631303')",AST,1
176,22201230,487,1630228,Jonathan Kuminga,"('1628435', '1630219', '1631133', '1631219', '1631303')",AST,1
177,22201230,489,1630219,Skylar Mays,"('1628435', '1630219', '1631133', '1631219', '1631303')",AST,1
178,22201230,503,1631101,Shaedon Sharpe,"('1628435', '1631101', '1631133', '1631219', '1631303')",AST,1
179,22201230,512,1627780,Gary Payton II,"('1628435', '1628995', '1631101', '1631219', '1631303')",AST,1
180,22201230,549,1627780,Gary Payton II,"('1628435', '1628995', '1630219', '1631303', '1631466')",AST,1
181,22201230,562,1631303,Justin Minaya,"('1628435', '1628995', '1630219', '1631303', '1631466')",AST,1
182,22201230,564,1627780,Gary Payton II,"('1628435', '1628995', '1630219', '1631303', '1631466')",AST,1
183,22201230,574,1631116,Patrick Baldwin,"('1628435', '1628995', '1630219', '1631303', '1631466')",AST,1
184,22201230,577,1630541,Moses Moody,"('1628435', '1628995', '1630219', '1631303', '1631466')",AST,1
185,22201230,579,1630219,Skylar Mays,"('1628435', '1628995', '1630219', '1631303', '1631466')",AST,1
186,22201230,585,1631466,Jeenathan Williams,"('1628435', '1628995', '1630219', '1631303', '1631466')",AST,1
187,22201230,587,1631116,Patrick Baldwin,"('1628435', '1628995', '1630219', '1631303', '1631466')",AST,1
188,22201230,604,1631311,Lester Quinones,"('1628435', '1630219', '1631219', '1631303', '1631466')",AST,1
189,22201230,608,1630237,Anthony Lamb,"('1628435', '1630219', '1631219', '1631303', '1631466')",AST,1
190,22201230,612,1630228,Jonathan Kuminga,"('1628435', '1630219', '1631219', '1631303', '1631466')",AST,1
191,22201230,614,1631466,Jeenathan Williams,"('1628435', '1630219', '1631219', '1631303', '1631466')",AST,1
192,22201230,616,1630219,Skylar Mays,"('1628435', '1630219', '1631219', '1631303', '1631466')",AST,1
193,22201230,618,1630237,Anthony Lamb,"('1628435', '1630219', '1631219', '1631303', '1631466')",AST,1
194,22201230,631,1630237,Anthony Lamb,"('1628435', '1630219', '1631219', '1631303', '1631466')",AST,1
195,22201230,633,1630219,Skylar Mays,"('1628435', '1630219', '1631219', '1631303', '1631466')",AST,1
196,22201230,634,1630228,Jonathan Kuminga,"('1628435', '1630219', '1631219', '1631303', '1631466')",AST,1
197,22201230,636,1630219,Skylar Mays,"('1628435', '1630219', '1631219', '1631303', '1631466')",AST,1
198,22201230,8,202691,Klay Thompson,"('1628995', '1630219', '1630570', '1631101', '1631466')",FGA,1
199,22201230,10,1631101,Shaedon Sharpe,"('1628995', '1630219', '1630570', '1631101', '1631466')",FGA,1
200,22201230,11,202691,Klay Thompson,"('1628995', '1630219', '1630570', '1631101', '1631466')",FGA,1
201,22201230,96,1630570,Trendon Watford,"('1628995', '1630219', '1630570', '1631101', '1631466')",FGA,1
202,22201230,15,202691,Klay Thompson,"('1628995', '1630219', '1630570', '1631101', '1631466')",FGA,1
203,22201230,17,1631101,Shaedon Sharpe,"('1628995', '1630219', '1630570', '1631101', '1631466')",FGA,1
204,22201230,19,202691,Klay Thompson,"('1628995', '1630219', '1630570', '1631101', '1631466')",FGA,1
205,22201230,21,1630219,Skylar Mays,"('1628995', '1630219', '1630570', '1631101', '1631466')",FGA,1
206,22201230,27,1630219,Skylar Mays,"('1628995', '1630219', '1630570', '1631101', '1631466')",FGA,1
207,22201230,28,202691,Klay Thompson,"('1628995', '1630219', '1630570', '1631101', '1631466')",FGA,1
208,22201230,30,1631466,Jeenathan Williams,"('1628995', '1630219', '1630570', '1631101', '1631466')",FGA,1
209,22201230,32,201939,Stephen Curry,"('1628995', '1630219', '1630570', '1631101', '1631466')",FGA,1
210,22201230,39,202691,Klay Thompson,"('1628995', '1630219', '1630570', '1631101', '1631466')",FGA,1
211,22201230,42,1631101,Shaedon Sharpe,"('1628995', '1630219', '1630570', '1631101', '1631466')",FGA,1
212,22201230,43,203110,Draymond Green,"('1628995', '1630219', '1630570', '1631101', '1631466')",FGA,1
213,22201230,45,1630570,Trendon Watford,"('1628995', '1630219', '1630570', '1631101', '1631466')",FGA,1
214,22201230,48,1630570,Trendon Watford,"('1628995', '1630219', '1630570', '1631101', '1631466')",FGA,1
215,22201230,50,1626172,Kevon Looney,"('1628995', '1630219', '1630570', '1631101', '1631466')",FGA,1
216,22201230,52,1631466,Jeenathan Williams,"('1628995', '1630219', '1630570', '1631101', '1631466')",FGA,1
217,22201230,54,203110,Draymond Green,"('1628995', '1630219', '1630570', '1631101', '1631466')",FGA,1
218,22201230,56,1631466,Jeenathan Williams,"('1628995', '1630219', '1630570', '1631101', '1631466')",FGA,1
219,22201230,58,202691,Klay Thompson,"('1628995', '1630219', '1630570', '1631101', '1631466')",FGA,1
220,22201230,59,1631101,Shaedon Sharpe,"('1628995', '1630219', '1630570', '1631101', '1631466')",FGA,1
221,22201230,61,202691,Klay Thompson,"('1628995', '1630219', '1630570', '1631101', '1631466')",FGA,1
222,22201230,66,1630570,Trendon Watford,"('1628995', '1630219', '1630570', '1631101', '1631466')",FGA,1
223,22201230,68,201939,Stephen Curry,"('1628995', '1630219', '1630570', '1631101', '1631466')",FGA,1
224,22201230,70,1631101,Shaedon Sharpe,"('1628995', '1630219', '1630570', '1631101', '1631466')",FGA,1
225,22201230,72,1631101,Shaedon Sharpe,"('1628995', '1630219', '1630570', '1631101', '1631466')",FGA,1
226,22201230,73,1628978,Donte DiVincenzo,"('1628995', '1630219', '1630570', '1631101', '1631466')",FGA,1
227,22201230,75,1628995,Kevin Knox II,"('1628995', '1630219', '1630570', '1631101', '1631466')",FGA,1
228,22201230,77,201939,Stephen Curry,"('1628995', '1630219', '1630570', '1631101', '1631466')",FGA,1
229,22201230,79,1631101,Shaedon Sharpe,"('1628995', '1630219', '1630570', '1631101', '1631466')",FGA,1
230,22201230,81,201939,Stephen Curry,"('1628995', '1630219', '1630570', '1631101', '1631466')",FGA,1
231,22201230,82,1630219,Skylar Mays,"('1628995', '1630219', '1630570', '1631101', '1631466')",FGA,1
232,22201230,94,1627780,Gary Payton II,"('1628995', '1630219', '1631101', '1631133', '1631219')",FGA,1
233,22201230,98,1628995,Kevin Knox II,"('1628995', '1630219', '1631101', '1631133', '1631219')",FGA,1
234,22201230,100,1629673,Jordan Poole,"('1628995', '1630219', '1631101', '1631133', '1631219')",FGA,1
235,22201230,104,1627780,Gary Payton II,"('1628995', '1630219', '1631101', '1631133', '1631219')",FGA,1
236,22201230,106,1629673,Jordan Poole,"('1628995', '1630219', '1631101', '1631133', '1631219')",FGA,1
237,22201230,108,1628995,Kevin Knox II,"('1628995', '1630219', '1631101', '1631133', '1631219')",FGA,1
238,22201230,111,1629673,Jordan Poole,"('1628995', '1630219', '1631101', '1631133', '1631219')",FGA,1
239,22201230,115,201939,Stephen Curry,"('1628995', '1630219', '1631101', '1631133', '1631219')",FGA,1
240,22201230,117,1628995,Kevin Knox II,"('1628995', '1630219', '1631101', '1631133', '1631219')",FGA,1
241,22201230,119,203110,Draymond Green,"('1628995', '1630219', '1631101', '1631133', '1631219')",FGA,1
242,22201230,121,1631133,Jabari Walker,"('1628995', '1630219', '1631101', '1631133', '1631219')",FGA,1
243,22201230,132,1630541,Moses Moody,"('1628435', '1631101', '1631133', '1631219', '1631303')",FGA,1
244,22201230,139,1631219,John Butler Jr.,"('1628435', '1631101', '1631133', '1631219', '1631303')",FGA,1
245,22201230,142,202691,Klay Thompson,"('1628435', '1631101', '1631133', '1631219', '1631303')",FGA,1
246,22201230,144,1630228,Jonathan Kuminga,"('1628435', '1631101', '1631133', '1631219', '1631303')",FGA,1
247,22201230,148,1631101,Shaedon Sharpe,"('1628435', '1631101', '1631133', '1631219', '1631303')",FGA,1
248,22201230,149,1629673,Jordan Poole,"('1628435', '1631101', '1631133', '1631219', '1631303')",FGA,1
249,22201230,151,1631101,Shaedon Sharpe,"('1628435', '1631101', '1631133', '1631219', '1631303')",FGA,1
250,22201230,153,1630541,Moses Moody,"('1628435', '1631101', '1631133', '1631219', '1631303')",FGA,1
251,22201230,155,1631303,Justin Minaya,"('1628435', '1631101', '1631133', '1631219', '1631303')",FGA,1
252,22201230,161,1629673,Jordan Poole,"('1628435', '1631101', '1631133', '1631219', '1631303')",FGA,1
253,22201230,162,1631101,Shaedon Sharpe,"('1628435', '1631101', '1631133', '1631219', '1631303')",FGA,1
254,22201230,176,1630570,Trendon Watford,"('1628995', '1630219', '1630570', '1631219', '1631303')",FGA,1
255,22201230,178,202691,Klay Thompson,"('1628995', '1630219', '1630570', '1631219', '1631303')",FGA,1
256,22201230,180,1629673,Jordan Poole,"('1628995', '1630219', '1630570', '1631219', '1631303')",FGA,1
257,22201230,186,1628978,Donte DiVincenzo,"('1628995', '1630219', '1630570', '1631219', '1631303')",FGA,1
258,22201230,195,1628995,Kevin Knox II,"('1628995', '1630219', '1630570', '1631219', '1631303')",FGA,1
259,22201230,201,1630219,Skylar Mays,"('1628995', '1630219', '1630570', '1631219', '1631303')",FGA,1
260,22201230,203,1628978,Donte DiVincenzo,"('1628995', '1630219', '1630570', '1631219', '1631303')",FGA,1
261,22201230,205,1631303,Justin Minaya,"('1628995', '1630219', '1630570', '1631219', '1631303')",FGA,1
262,22201230,209,1628995,Kevin Knox II,"('1628995', '1630219', '1630570', '1631219', '1631303')",FGA,1
263,22201230,213,1629673,Jordan Poole,"('1628995', '1630219', '1630570', '1631219', '1631466')",FGA,1
264,22201230,215,1631219,John Butler Jr.,"('1628995', '1630219', '1630570', '1631219', '1631466')",FGA,1
265,22201230,218,1628995,Kevin Knox II,"('1628995', '1630219', '1630570', '1631219', '1631466')",FGA,1
266,22201230,219,1628978,Donte DiVincenzo,"('1628995', '1630219', '1630570', '1631219', '1631466')",FGA,1
267,22201230,223,202691,Klay Thompson,"('1628995', '1630219', '1630570', '1631219', '1631466')",FGA,1
268,22201230,225,1631466,Jeenathan Williams,"('1628995', '1630219', '1630570', '1631219', '1631466')",FGA,1
269,22201230,227,203210,JaMychal Green,"('1628995', '1630219', '1630570', '1631219', '1631466')",FGA,1
270,22201230,229,1630219,Skylar Mays,"('1628995', '1630219', '1630570', '1631219', '1631466')",FGA,1
271,22201230,231,203210,JaMychal Green,"('1628995', '1630219', '1630570', '1631219', '1631466')",FGA,1
272,22201230,242,201939,Stephen Curry,"('1628995', '1630219', '1631133', '1631219', '1631466')",FGA,1
273,22201230,243,1630219,Skylar Mays,"('1628995', '1630219', '1631133', '1631219', '1631466')",FGA,1
274,22201230,244,201939,Stephen Curry,"('1628995', '1630219', '1631133', '1631219', '1631466')",FGA,1
275,22201230,249,1630219,Skylar Mays,"('1628995', '1630219', '1631101', '1631133', '1631466')",FGA,1
276,22201230,254,1631133,Jabari Walker,"('1628995', '1630219', '1631101', '1631133', '1631466')",FGA,1
277,22201230,256,1630228,Jonathan Kuminga,"('1628995', '1630219', '1631101', '1631133', '1631466')",FGA,1
278,22201230,257,1631133,Jabari Walker,"('1628995', '1630219', '1631101', '1631133', '1631466')",FGA,1
279,22201230,259,1630228,Jonathan Kuminga,"('1628995', '1630219', '1631101', '1631133', '1631466')",FGA,1
280,22201230,261,1630219,Skylar Mays,"('1628995', '1630219', '1631101', '1631133', '1631466')",FGA,1
281,22201230,266,1631101,Shaedon Sharpe,"('1628995', '1630219', '1631101', '1631133', '1631466')",FGA,1
282,22201230,271,1628995,Kevin Knox II,"('1628995', '1630219', '1631101', '1631133', '1631466')",FGA,1
283,22201230,277,203110,Draymond Green,"('1628995', '1630219', '1631101', '1631133', '1631466')",FGA,1
284,22201230,279,1630219,Skylar Mays,"('1628995', '1630219', '1631101', '1631133', '1631466')",FGA,1
285,22201230,281,201939,Stephen Curry,"('1628995', '1630219', '1631101', '1631133', '1631466')",FGA,1
286,22201230,282,1631466,Jeenathan Williams,"('1628995', '1630219', '1631101', '1631133', '1631466')",FGA,1
287,22201230,284,201939,Stephen Curry,"('1628995', '1630219', '1631101', '1631133', '1631466')",FGA,1
288,22201230,286,1631101,Shaedon Sharpe,"('1628995', '1630219', '1631101', '1631133', '1631466')",FGA,1
289,22201230,288,1631466,Jeenathan Williams,"('1628995', '1630219', '1631101', '1631133', '1631466')",FGA,1
290,22201230,290,1630541,Moses Moody,"('1628995', '1630219', '1631101', '1631133', '1631466')",FGA,1
291,22201230,292,1628995,Kevin Knox II,"('1628995', '1630219', '1631101', '1631133', '1631466')",FGA,1
292,22201230,294,1627780,Gary Payton II,"('1628995', '1630219', '1631101', '1631133', '1631466')",FGA,1
293,22201230,296,1626172,Kevon Looney,"('1628995', '1630219', '1631101', '1631133', '1631466')",FGA,1
294,22201230,305,1631303,Justin Minaya,"('1628435', '1631101', '1631133', '1631303', '1631466')",FGA,1
295,22201230,307,1631466,Jeenathan Williams,"('1628435', '1631101', '1631133', '1631303', '1631466')",FGA,1
296,22201230,309,201939,Stephen Curry,"('1628435', '1631101', '1631133', '1631303', '1631466')",FGA,1
297,22201230,312,201939,Stephen Curry,"('1628435', '1631101', '1631133', '1631303', '1631466')",FGA,1
298,22201230,314,203110,Draymond Green,"('1628435', '1631101', '1631133', '1631303', '1631466')",FGA,1
299,22201230,316,1631101,Shaedon Sharpe,"('1628435', '1631101', '1631133', '1631303', '1631466')",FGA,1
300,22201230,317,201939,Stephen Curry,"('1628435', '1631101', '1631133', '1631303', '1631466')",FGA,1
301,22201230,318,1631101,Shaedon Sharpe,"('1628435', '1631101', '1631133', '1631303', '1631466')",FGA,1
302,22201230,333,203110,Draymond Green,"('1628995', '1630219', '1630570', '1631101', '1631466')",FGA,1
303,22201230,335,1630570,Trendon Watford,"('1628995', '1630219', '1630570', '1631101', '1631466')",FGA,1
304,22201230,337,1631466,Jeenathan Williams,"('1628995', '1630219', '1630570', '1631101', '1631466')",FGA,1
305,22201230,340,1630570,Trendon Watford,"('1628995', '1630219', '1630570', '1631101', '1631466')",FGA,1
306,22201230,342,201939,Stephen Curry,"('1628995', '1630219', '1630570', '1631101', '1631466')",FGA,1
307,22201230,347,1630570,Trendon Watford,"('1628995', '1630219', '1630570', '1631101', '1631466')",FGA,1
308,22201230,348,202691,Klay Thompson,"('1628995', '1630219', '1630570', '1631101', '1631466')",FGA,1
309,22201230,353,201939,Stephen Curry,"('1628995', '1630219', '1630570', '1631101', '1631466')",FGA,1
310,22201230,358,1631101,Shaedon Sharpe,"('1628995', '1630219', '1630570', '1631101', '1631466')",FGA,1
311,22201230,360,202691,Klay Thompson,"('1628995', '1630219', '1630570', '1631101', '1631466')",FGA,1
312,22201230,362,1631466,Jeenathan Williams,"('1628995', '1630219', '1630570', '1631101', '1631466')",FGA,1
313,22201230,364,1628978,Donte DiVincenzo,"('1628995', '1630219', '1630570', '1631101', '1631466')",FGA,1
314,22201230,366,1631101,Shaedon Sharpe,"('1628995', '1630219', '1630570', '1631101', '1631466')",FGA,1
315,22201230,370,1631466,Jeenathan Williams,"('1628995', '1630219', '1630570', '1631101', '1631466')",FGA,1
316,22201230,376,1628995,Kevin Knox II,"('1628995', '1630219', '1630570', '1631101', '1631466')",FGA,1
317,22201230,384,203110,Draymond Green,"('1628995', '1630219', '1630570', '1631101', '1631466')",FGA,1
318,22201230,386,1628995,Kevin Knox II,"('1628995', '1630219', '1630570', '1631101', '1631466')",FGA,1
319,22201230,392,202691,Klay Thompson,"('1628995', '1630219', '1630570', '1631101', '1631466')",FGA,1
320,22201230,397,1631133,Jabari Walker,"('1628995', '1630219', '1630570', '1631101', '1631133')",FGA,1
321,22201230,400,201939,Stephen Curry,"('1628995', '1630219', '1630570', '1631101', '1631133')",FGA,1
322,22201230,412,1631101,Shaedon Sharpe,"('1628995', '1630219', '1630570', '1631101', '1631133')",FGA,1
323,22201230,414,1626172,Kevon Looney,"('1628995', '1630219', '1630570', '1631101', '1631133')",FGA,1
324,22201230,415,1628995,Kevin Knox II,"('1628995', '1630219', '1630570', '1631101', '1631133')",FGA,1
325,22201230,417,1626172,Kevon Looney,"('1628995', '1630219', '1630570', '1631101', '1631133')",FGA,1
326,22201230,419,1628995,Kevin Knox II,"('1628995', '1630219', '1630570', '1631101', '1631133')",FGA,1
327,22201230,429,1630219,Skylar Mays,"('1630219', '1630570', '1631101', '1631133', '1631219')",FGA,1
328,22201230,435,1630541,Moses Moody,"('1630219', '1630570', '1631133', '1631219', '1631303')",FGA,1
329,22201230,444,1628978,Donte DiVincenzo,"('1628435', '1630219', '1631133', '1631219', '1631303')",FGA,1
330,22201230,446,1628435,Chance Comanche,"('1628435', '1630219', '1631133', '1631219', '1631303')",FGA,1
331,22201230,450,1630219,Skylar Mays,"('1628435', '1630219', '1631133', '1631219', '1631303')",FGA,1
332,22201230,453,1628978,Donte DiVincenzo,"('1628435', '1630219', '1631133', '1631219', '1631303')",FGA,1
333,22201230,457,1630541,Moses Moody,"('1628435', '1630219', '1631133', '1631219', '1631303')",FGA,1
334,22201230,459,1630219,Skylar Mays,"('1628435', '1630219', '1631133', '1631219', '1631303')",FGA,1
335,22201230,465,1631303,Justin Minaya,"('1628435', '1630219', '1631133', '1631219', '1631303')",FGA,1
336,22201230,472,1628435,Chance Comanche,"('1628435', '1630219', '1631133', '1631219', '1631303')",FGA,1
337,22201230,474,1629673,Jordan Poole,"('1628435', '1630219', '1631133', '1631219', '1631303')",FGA,1
338,22201230,477,1631303,Justin Minaya,"('1628435', '1630219', '1631133', '1631219', '1631303')",FGA,1
339,22201230,483,1630228,Jonathan Kuminga,"('1628435', '1630219', '1631133', '1631219', '1631303')",FGA,1
340,22201230,485,1631303,Justin Minaya,"('1628435', '1630219', '1631133', '1631219', '1631303')",FGA,1
341,22201230,487,1630541,Moses Moody,"('1628435', '1630219', '1631133', '1631219', '1631303')",FGA,1
342,22201230,489,1631133,Jabari Walker,"('1628435', '1630219', '1631133', '1631219', '1631303')",FGA,1
343,22201230,491,1630228,Jonathan Kuminga,"('1628435', '1630219', '1631133', '1631219', '1631303')",FGA,1
344,22201230,496,1630228,Jonathan Kuminga,"('1628435', '1631101', '1631133', '1631219', '1631303')",FGA,1
345,22201230,499,1631219,John Butler Jr.,"('1628435', '1631101', '1631133', '1631219', '1631303')",FGA,1
346,22201230,503,1631133,Jabari Walker,"('1628435', '1631101', '1631133', '1631219', '1631303')",FGA,1
347,22201230,504,1629673,Jordan Poole,"('1628435', '1631101', '1631133', '1631219', '1631303')",FGA,1
348,22201230,510,1631101,Shaedon Sharpe,"('1628435', '1628995', '1631101', '1631219', '1631303')",FGA,1
349,22201230,512,1630541,Moses Moody,"('1628435', '1628995', '1631101', '1631219', '1631303')",FGA,1
350,22201230,516,1627780,Gary Payton II,"('1628435', '1628995', '1631101', '1631219', '1631303')",FGA,1
351,22201230,533,1630541,Moses Moody,"('1628435', '1628995', '1630219', '1631303', '1631466')",FGA,1
352,22201230,535,1628995,Kevin Knox II,"('1628435', '1628995', '1630219', '1631303', '1631466')",FGA,1
353,22201230,541,1628995,Kevin Knox II,"('1628435', '1628995', '1630219', '1631303', '1631466')",FGA,1
354,22201230,543,1628435,Chance Comanche,"('1628435', '1628995', '1630219', '1631303', '1631466')",FGA,1
355,22201230,545,1631303,Justin Minaya,"('1628435', '1628995', '1630219', '1631303', '1631466')",FGA,1
356,22201230,547,1631116,Patrick Baldwin,"('1628435', '1628995', '1630219', '1631303', '1631466')",FGA,1
357,22201230,549,1631116,Patrick Baldwin,"('1628435', '1628995', '1630219', '1631303', '1631466')",FGA,1
358,22201230,562,1630219,Skylar Mays,"('1628435', '1628995', '1630219', '1631303', '1631466')",FGA,1
359,22201230,564,1631116,Patrick Baldwin,"('1628435', '1628995', '1630219', '1631303', '1631466')",FGA,1
360,22201230,568,1631116,Patrick Baldwin,"('1628435', '1628995', '1630219', '1631303', '1631466')",FGA,1
361,22201230,574,1630541,Moses Moody,"('1628435', '1628995', '1630219', '1631303', '1631466')",FGA,1
362,22201230,575,1631466,Jeenathan Williams,"('1628435', '1628995', '1630219', '1631303', '1631466')",FGA,1
363,22201230,577,1630237,Anthony Lamb,"('1628435', '1628995', '1630219', '1631303', '1631466')",FGA,1
364,22201230,579,1628995,Kevin Knox II,"('1628435', '1628995', '1630219', '1631303', '1631466')",FGA,1
365,22201230,584,1631311,Lester Quinones,"('1628435', '1628995', '1630219', '1631303', '1631466')",FGA,1
366,22201230,585,1628435,Chance Comanche,"('1628435', '1628995', '1630219', '1631303', '1631466')",FGA,1
367,22201230,587,1630541,Moses Moody,"('1628435', '1628995', '1630219', '1631303', '1631466')",FGA,1
368,22201230,589,1631303,Justin Minaya,"('1628435', '1628995', '1630219', '1631303', '1631466')",FGA,1
369,22201230,591,1630228,Jonathan Kuminga,"('1628435', '1628995', '1630219', '1631303', '1631466')",FGA,1
370,22201230,594,1630541,Moses Moody,"('1628435', '1628995', '1630219', '1631303', '1631466')",FGA,1
371,22201230,604,1630237,Anthony Lamb,"('1628435', '1630219', '1631219', '1631303', '1631466')",FGA,1
372,22201230,606,1631219,John Butler Jr.,"('1628435', '1630219', '1631219', '1631303', '1631466')",FGA,1
373,22201230,608,1630228,Jonathan Kuminga,"('1628435', '1630219', '1631219', '1631303', '1631466')",FGA,1
374,22201230,610,1630219,Skylar Mays,"('1628435', '1630219', '1631219', '1631303', '1631466')",FGA,1
375,22201230,612,1631116,Patrick Baldwin,"('1628435', '1630219', '1631219', '1631303', '1631466')",FGA,1
376,22201230,614,1630219,Skylar Mays,"('1628435', '1630219', '1631219', '1631303', '1631466')",FGA,1
377,22201230,616,1628435,Chance Comanche,"('1628435', '1630219', '1631219', '1631303', '1631466')",FGA,1
378,22201230,618,1631311,Lester Quinones,"('1628435', '1630219', '1631219', '1631303', '1631466')",FGA,1
379,22201230,620,1630219,Skylar Mays,"('1628435', '1630219', '1631219', '1631303', '1631466')",FGA,1
380,22201230,622,1631116,Patrick Baldwin,"('1628435', '1630219', '1631219', '1631303', '1631466')",FGA,1
381,22201230,624,1630541,Moses Moody,"('1628435', '1630219', '1631219', '1631303', '1631466')",FGA,1
382,22201230,631,1630541,Moses Moody,"('1628435', '1630219', '1631219', '1631303', '1631466')",FGA,1
383,22201230,633,1631466,Jeenathan Williams,"('1628435', '1630219', '1631219', '1631303', '1631466')",FGA,1
384,22201230,634,1630541,Moses Moody,"('1628435', '1630219', '1631219', '1631303', '1631466')",FGA,1
385,22201230,636,1631219,John Butler Jr.,"('1628435', '1630219', '1631219', '1631303', '1631466')",FGA,1
386,22201230,638,1630228,Jonathan Kuminga,"('1628435', '1630219', '1631219', '1631303', '1631466')",FGA,1
387,22201230,640,1631116,Patrick Baldwin,"('1628435', '1630219', '1631219', '1631303', '1631466')",FGA,1
388,22201230,642,1630219,Skylar Mays,"('1628435', '1630219', '1631219', '1631303', '1631466')",FGA,1
389,22201230,25,1628978,Donte DiVincenzo,"('1628995', '1630219', '1630570', '1631101', '1631466')",FTA,1
390,22201230,26,1628978,Donte DiVincenzo,"('1628995', '1630219', '1630570', '1631101', '1631466')",FTA,1
391,22201230,37,1630570,Trendon Watford,"('1628995', '1630219', '1630570', '1631101', '1631466')",FTA,1
392,22201230,38,1630570,Trendon Watford,"('1628995', '1630219', '1630570', '1631101', '1631466')",FTA,1
393,22201230,138,1630541,Moses Moody,"('1628435', '1631101', '1631133', '1631219', '1631303')",FTA,1
394,22201230,159,1631101,Shaedon Sharpe,"('1628435', '1631101', '1631133', '1631219', '1631303')",FTA,1
395,22201230,160,1631101,Shaedon Sharpe,"('1628435', '1631101', '1631133', '1631219', '1631303')",FTA,1
396,22201230,184,1630219,Skylar Mays,"('1628995', '1630219', '1630570', '1631219', '1631303')",FTA,1
397,22201230,185,1630219,Skylar Mays,"('1628995', '1630219', '1630570', '1631219', '1631303')",FTA,1
398,22201230,190,1630570,Trendon Watford,"('1628995', '1630219', '1630570', '1631219', '1631303')",FTA,1
399,22201230,192,1630570,Trendon Watford,"('1628995', '1630219', '1630570', '1631219', '1631303')",FTA,1
400,22201230,199,1629673,Jordan Poole,"('1628995', '1630219', '1630570', '1631219', '1631303')",FTA,1
401,22201230,200,1629673,Jordan Poole,"('1628995', '1630219', '1630570', '1631219', '1631303')",FTA,1
402,22201230,264,1630228,Jonathan Kuminga,"('1628995', '1630219', '1631101', '1631133', '1631466')",FTA,1
403,22201230,265,1630228,Jonathan Kuminga,"('1628995', '1630219', '1631101', '1631133', '1631466')",FTA,1
404,22201230,346,201939,Stephen Curry,"('1628995', '1630219', '1630570', '1631101', '1631466')",FTA,1
405,22201230,380,201939,Stephen Curry,"('1628995', '1630219', '1630570', '1631101', '1631466')",FTA,1
406,22201230,381,201939,Stephen Curry,"('1628995', '1630219', '1630570', '1631101', '1631466')",FTA,1
407,22201230,404,1628995,Kevin Knox II,"('1628995', '1630219', '1630570', '1631101', '1631133')",FTA,1
408,22201230,406,1628995,Kevin Knox II,"('1628995', '1630219', '1630570', '1631101', '1631133')",FTA,1
409,22201230,434,1630219,Skylar Mays,"('1630219', '1630570', '1631133', '1631219', '1631303')",FTA,1
410,22201230,439,1631133,Jabari Walker,"('1630219', '1630570', '1631133', '1631219', '1631303')",FTA,1
411,22201230,442,1631133,Jabari Walker,"('1630219', '1630570', '1631133', '1631219', '1631303')",FTA,1
412,22201230,469,1629673,Jordan Poole,"('1628435', '1630219', '1631133', '1631219', '1631303')",FTA,1
413,22201230,471,1629673,Jordan Poole,"('1628435', '1630219', '1631133', '1631219', '1631303')",FTA,1
414,22201230,481,1631303,Justin Minaya,"('1628435', '1630219', '1631133', '1631219', '1631303')",FTA,1
415,22201230,527,1628995,Kevin Knox II,"('1628435', '1628995', '1631101', '1631219', '1631303')",FTA,1
416,22201230,532,1628995,Kevin Knox II,"('1628435', '1628995', '1630219', '1631303', '1631466')",FTA,1
417,22201230,539,1631311,Lester Quinones,"('1628435', '1628995', '1630219', '1631303', '1631466')",FTA,1
418,22201230,540,1631311,Lester Quinones,"('1628435', '1628995', '1630219', '1631303', '1631466')",FTA,1
419,22201230,554,1631466,Jeenathan Williams,"('1628435', '1628995', '1630219', '1631303', '1631466')",FTA,1
420,22201230,555,1631466,Jeenathan Williams,"('1628435', '1628995', '1630219', '1631303', '1631466')",FTA,1
421,22201230,559,1631311,Lester Quinones,"('1628435', '1628995', '1630219', '1631303', '1631466')",FTA,1
422,22201230,561,1631311,Lester Quinones,"('1628435', '1628995', '1630219', '1631303', '1631466')",FTA,1
423,22201230,572,1630219,Skylar Mays,"('1628435', '1628995', '1630219', '1631303', '1631466')",FTA,1
424,22201230,573,1630219,Skylar Mays,"('1628435', '1628995', '1630219', '1631303', '1631466')",FTA,1
425,22201230,598,1628435,Chance Comanche,"('1628435', '1628995', '1630219', '1631303', '1631466')",FTA,1
426,22201230,602,1628435,Chance Comanche,"('1628435', '1628995', '1630219', '1631303', '1631466')",FTA,1
427,22201230,628,1628435,Chance Comanche,"('1628435', '1630219', '1631219', '1631303', '1631466')",FTA,1
428,22201230,630,1628435,Chance Comanche,"('1628435', '1630219', '1631219', '1631303', '1631466')",FTA,1
429,22201230,8,202691,Klay Thompson,"('1628995', '1630219', '1630570', '1631101', '1631466')",3PA,1
430,22201230,11,202691,Klay Thompson,"('1628995', '1630219', '1630570', '1631101', '1631466')",3PA,1
431,22201230,15,202691,Klay Thompson,"('1628995', '1630219', '1630570', '1631101', '1631466')",3PA,1
432,22201230,17,1631101,Shaedon Sharpe,"('1628995', '1630219', '1630570', '1631101', '1631466')",3PA,1
433,22201230,21,1630219,Skylar Mays,"('1628995', '1630219', '1630570', '1631101', '1631466')",3PA,1
434,22201230,28,202691,Klay Thompson,"('1628995', '1630219', '1630570', '1631101', '1631466')",3PA,1
435,22201230,30,1631466,Jeenathan Williams,"('1628995', '1630219', '1630570', '1631101', '1631466')",3PA,1
436,22201230,32,201939,Stephen Curry,"('1628995', '1630219', '1630570', '1631101', '1631466')",3PA,1
437,22201230,39,202691,Klay Thompson,"('1628995', '1630219', '1630570', '1631101', '1631466')",3PA,1
438,22201230,45,1630570,Trendon Watford,"('1628995', '1630219', '1630570', '1631101', '1631466')",3PA,1
439,22201230,52,1631466,Jeenathan Williams,"('1628995', '1630219', '1630570', '1631101', '1631466')",3PA,1
440,22201230,58,202691,Klay Thompson,"('1628995', '1630219', '1630570', '1631101', '1631466')",3PA,1
441,22201230,59,1631101,Shaedon Sharpe,"('1628995', '1630219', '1630570', '1631101', '1631466')",3PA,1
442,22201230,61,202691,Klay Thompson,"('1628995', '1630219', '1630570', '1631101', '1631466')",3PA,1
443,22201230,68,201939,Stephen Curry,"('1628995', '1630219', '1630570', '1631101', '1631466')",3PA,1
444,22201230,75,1628995,Kevin Knox II,"('1628995', '1630219', '1630570', '1631101', '1631466')",3PA,1
445,22201230,77,201939,Stephen Curry,"('1628995', '1630219', '1630570', '1631101', '1631466')",3PA,1
446,22201230,79,1631101,Shaedon Sharpe,"('1628995', '1630219', '1630570', '1631101', '1631466')",3PA,1
447,22201230,82,1630219,Skylar Mays,"('1628995', '1630219', '1630570', '1631101', '1631466')",3PA,1
448,22201230,100,1629673,Jordan Poole,"('1628995', '1630219', '1631101', '1631133', '1631219')",3PA,1
449,22201230,106,1629673,Jordan Poole,"('1628995', '1630219', '1631101', '1631133', '1631219')",3PA,1
450,22201230,111,1629673,Jordan Poole,"('1628995', '1630219', '1631101', '1631133', '1631219')",3PA,1
451,22201230,115,201939,Stephen Curry,"('1628995', '1630219', '1631101', '1631133', '1631219')",3PA,1
452,22201230,117,1628995,Kevin Knox II,"('1628995', '1630219', '1631101', '1631133', '1631219')",3PA,1
453,22201230,121,1631133,Jabari Walker,"('1628995', '1630219', '1631101', '1631133', '1631219')",3PA,1
454,22201230,139,1631219,John Butler Jr.,"('1628435', '1631101', '1631133', '1631219', '1631303')",3PA,1
455,22201230,142,202691,Klay Thompson,"('1628435', '1631101', '1631133', '1631219', '1631303')",3PA,1
456,22201230,149,1629673,Jordan Poole,"('1628435', '1631101', '1631133', '1631219', '1631303')",3PA,1
457,22201230,153,1630541,Moses Moody,"('1628435', '1631101', '1631133', '1631219', '1631303')",3PA,1
458,22201230,155,1631303,Justin Minaya,"('1628435', '1631101', '1631133', '1631219', '1631303')",3PA,1
459,22201230,161,1629673,Jordan Poole,"('1628435', '1631101', '1631133', '1631219', '1631303')",3PA,1
460,22201230,178,202691,Klay Thompson,"('1628995', '1630219', '1630570', '1631219', '1631303')",3PA,1
461,22201230,203,1628978,Donte DiVincenzo,"('1628995', '1630219', '1630570', '1631219', '1631303')",3PA,1
462,22201230,218,1628995,Kevin Knox II,"('1628995', '1630219', '1630570', '1631219', '1631466')",3PA,1
463,22201230,219,1628978,Donte DiVincenzo,"('1628995', '1630219', '1630570', '1631219', '1631466')",3PA,1
464,22201230,223,202691,Klay Thompson,"('1628995', '1630219', '1630570', '1631219', '1631466')",3PA,1
465,22201230,229,1630219,Skylar Mays,"('1628995', '1630219', '1630570', '1631219', '1631466')",3PA,1
466,22201230,231,203210,JaMychal Green,"('1628995', '1630219', '1630570', '1631219', '1631466')",3PA,1
467,22201230,249,1630219,Skylar Mays,"('1628995', '1630219', '1631101', '1631133', '1631466')",3PA,1
468,22201230,266,1631101,Shaedon Sharpe,"('1628995', '1630219', '1631101', '1631133', '1631466')",3PA,1
469,22201230,271,1628995,Kevin Knox II,"('1628995', '1630219', '1631101', '1631133', '1631466')",3PA,1
470,22201230,279,1630219,Skylar Mays,"('1628995', '1630219', '1631101', '1631133', '1631466')",3PA,1
471,22201230,284,201939,Stephen Curry,"('1628995', '1630219', '1631101', '1631133', '1631466')",3PA,1
472,22201230,290,1630541,Moses Moody,"('1628995', '1630219', '1631101', '1631133', '1631466')",3PA,1
473,22201230,309,201939,Stephen Curry,"('1628435', '1631101', '1631133', '1631303', '1631466')",3PA,1
474,22201230,312,201939,Stephen Curry,"('1628435', '1631101', '1631133', '1631303', '1631466')",3PA,1
475,22201230,314,203110,Draymond Green,"('1628435', '1631101', '1631133', '1631303', '1631466')",3PA,1
476,22201230,317,201939,Stephen Curry,"('1628435', '1631101', '1631133', '1631303', '1631466')",3PA,1
477,22201230,318,1631101,Shaedon Sharpe,"('1628435', '1631101', '1631133', '1631303', '1631466')",3PA,1
478,22201230,353,201939,Stephen Curry,"('1628995', '1630219', '1630570', '1631101', '1631466')",3PA,1
479,22201230,358,1631101,Shaedon Sharpe,"('1628995', '1630219', '1630570', '1631101', '1631466')",3PA,1
480,22201230,364,1628978,Donte DiVincenzo,"('1628995', '1630219', '1630570', '1631101', '1631466')",3PA,1
481,22201230,366,1631101,Shaedon Sharpe,"('1628995', '1630219', '1630570', '1631101', '1631466')",3PA,1
482,22201230,384,203110,Draymond Green,"('1628995', '1630219', '1630570', '1631101', '1631466')",3PA,1
483,22201230,392,202691,Klay Thompson,"('1628995', '1630219', '1630570', '1631101', '1631466')",3PA,1
484,22201230,397,1631133,Jabari Walker,"('1628995', '1630219', '1630570', '1631101', '1631133')",3PA,1
485,22201230,400,201939,Stephen Curry,"('1628995', '1630219', '1630570', '1631101', '1631133')",3PA,1
486,22201230,412,1631101,Shaedon Sharpe,"('1628995', '1630219', '1630570', '1631101', '1631133')",3PA,1
487,22201230,415,1628995,Kevin Knox II,"('1628995', '1630219', '1630570', '1631101', '1631133')",3PA,1
488,22201230,419,1628995,Kevin Knox II,"('1628995', '1630219', '1630570', '1631101', '1631133')",3PA,1
489,22201230,435,1630541,Moses Moody,"('1630219', '1630570', '1631133', '1631219', '1631303')",3PA,1
490,22201230,444,1628978,Donte DiVincenzo,"('1628435', '1630219', '1631133', '1631219', '1631303')",3PA,1
491,22201230,453,1628978,Donte DiVincenzo,"('1628435', '1630219', '1631133', '1631219', '1631303')",3PA,1
492,22201230,465,1631303,Justin Minaya,"('1628435', '1630219', '1631133', '1631219', '1631303')",3PA,1
493,22201230,487,1630541,Moses Moody,"('1628435', '1630219', '1631133', '1631219', '1631303')",3PA,1
494,22201230,512,1630541,Moses Moody,"('1628435', '1628995', '1631101', '1631219', '1631303')",3PA,1
495,22201230,535,1628995,Kevin Knox II,"('1628435', '1628995', '1630219', '1631303', '1631466')",3PA,1
496,22201230,541,1628995,Kevin Knox II,"('1628435', '1628995', '1630219', '1631303', '1631466')",3PA,1
497,22201230,545,1631303,Justin Minaya,"('1628435', '1628995', '1630219', '1631303', '1631466')",3PA,1
498,22201230,547,1631116,Patrick Baldwin,"('1628435', '1628995', '1630219', '1631303', '1631466')",3PA,1
499,22201230,562,1630219,Skylar Mays,"('1628435', '1628995', '1630219', '1631303', '1631466')",3PA,1
500,22201230,564,1631116,Patrick Baldwin,"('1628435', '1628995', '1630219', '1631303', '1631466')",3PA,1
501,22201230,568,1631116,Patrick Baldwin,"('1628435', '1628995', '1630219', '1631303', '1631466')",3PA,1
502,22201230,579,1628995,Kevin Knox II,"('1628435', '1628995', '1630219', '1631303', '1631466')",3PA,1
503,22201230,584,1631311,Lester Quinones,"('1628435', '1628995', '1630219', '1631303', '1631466')",3PA,1
504,22201230,594,1630541,Moses Moody,"('1628435', '1628995', '1630219', '1631303', '1631466')",3PA,1
505,22201230,606,1631219,John Butler Jr.,"('1628435', '1630219', '1631219', '1631303', '1631466')",3PA,1
506,22201230,608,1630228,Jonathan Kuminga,"('1628435', '1630219', '1631219', '1631303', '1631466')",3PA,1
507,22201230,612,1631116,Patrick Baldwin,"('1628435', '1630219', '1631219', '1631303', '1631466')",3PA,1
508,22201230,618,1631311,Lester Quinones,"('1628435', '1630219', '1631219', '1631303', '1631466')",3PA,1
509,22201230,620,1630219,Skylar Mays,"('1628435', '1630219', '1631219', '1631303', '1631466')",3PA,1
510,22201230,622,1631116,Patrick Baldwin,"('1628435', '1630219', '1631219', '1631303', '1631466')",3PA,1
511,22201230,624,1630541,Moses Moody,"('1628435', '1630219', '1631219', '1631303', '1631466')",3PA,1
512,22201230,636,1631219,John Butler Jr.,"('1628435', '1630219', '1631219', '1631303', '1631466')",3PA,1
513,22201230,102,1627780,Gary Payton II,"('1628995', '1630219', '1631101', '1631133', '1631219')",STL,1
514,22201230,113,1627780,Gary Payton II,"('1628995', '1630219', '1631101', '1631133', '1631219')",STL,1
515,22201230,207,1628995,Kevin Knox II,"('1628995', '1630219', '1630570', '1631219', '1631303')",STL,1
516,22201230,221,1630228,Jonathan Kuminga,"('1628995', '1630219', '1630570', '1631219', '1631466')",STL,1
517,22201230,275,1627780,Gary Payton II,"('1628995', '1630219', '1631101', '1631133', '1631466')",STL,1
518,22201230,310,203110,Draymond Green,"('1628435', '1631101', '1631133', '1631303', '1631466')",STL,1
519,22201230,331,1628978,Donte DiVincenzo,"('1628995', '1630219', '1630570', '1631101', '1631466')",STL,1
520,22201230,338,1630219,Skylar Mays,"('1628995', '1630219', '1630570', '1631101', '1631466')",STL,1
521,22201230,351,1628978,Donte DiVincenzo,"('1628995', '1630219', '1630570', '1631101', '1631466')",STL,1
522,22201230,355,1628978,Donte DiVincenzo,"('1628995', '1630219', '1630570', '1631101', '1631466')",STL,1
523,22201230,368,1630219,Skylar Mays,"('1628995', '1630219', '1630570', '1631101', '1631466')",STL,1
524,22201230,374,1631101,Shaedon Sharpe,"('1628995', '1630219', '1630570', '1631101', '1631466')",STL,1
525,22201230,382,203110,Draymond Green,"('1628995', '1630219', '1630570', '1631101', '1631466')",STL,1
526,22201230,390,1628978,Donte DiVincenzo,"('1628995', '1630219', '1630570', '1631101', '1631466')",STL,1
527,22201230,448,1630219,Skylar Mays,"('1628435', '1630219', '1631133', '1631219', '1631303')",STL,1
528,22201230,455,1628978,Donte DiVincenzo,"('1628435', '1630219', '1631133', '1631219', '1631303')",STL,1
529,22201230,514,1627780,Gary Payton II,"('1628435', '1628995', '1631101', '1631219', '1631303')",STL,1
530,22201230,566,1631311,Lester Quinones,"('1628435', '1628995', '1630219', '1631303', '1631466')",STL,1
531,22201230,108,203110,Draymond Green,"('1628995', '1630219', '1631101', '1631133', '1631219')",BLK,1
532,22201230,348,1630570,Trendon Watford,"('1628995', '1630219', '1630570', '1631101', '1631466')",BLK,1
533,22201230,397,203110,Draymond Green,"('1628995', '1630219', '1630570', '1631101', '1631133')",BLK,1
534,22201230,419,1630228,Jonathan Kuminga,"('1628995', '1630219', '1630570', '1631101', '1631133')",BLK,1
535,22201230,450,1630228,Jonathan Kuminga,"('1628435', '1630219', '1631133', '1631219', '1631303')",BLK,1
536,22201230,459,203210,JaMychal Green,"('1628435', '1630219', '1631133', '1631219', '1631303')",BLK,1
537,22201230,474,1628435,Chance Comanche,"('1628435', '1630219', '1631133', '1631219', '1631303')",BLK,1
538,22201230,591,1631303,Justin Minaya,"('1628435', '1628995', '1630219', '1631303', '1631466')",BLK,1
539,22201230,642,1630237,Anthony Lamb,"('1628435', '1630219', '1631219', '1631303', '1631466')",BLK,1
540,22201230,47,202691,Klay Thompson,"('1628995', '1630219', '1630570', '1631101', '1631466')",TOV,1
541,22201230,102,1631133,Jabari Walker,"('1628995', '1630219', '1631101', '1631133', '1631219')",TOV,1
542,22201230,113,1631101,Shaedon Sharpe,"('1628995', '1630219', '1631101', '1631133', '1631219')",TOV,1
543,22201230,194,202691,Klay Thompson,"('1628995', '1630219', '1630570', '1631219', '1631303')",TOV,1
544,22201230,207,1629673,Jordan Poole,"('1628995', '1630219', '1630570', '1631219', '1631303')",TOV,1
545,22201230,217,1630228,Jonathan Kuminga,"('1628995', '1630219', '1630570', '1631219', '1631466')",TOV,1
546,22201230,221,1630219,Skylar Mays,"('1628995', '1630219', '1630570', '1631219', '1631466')",TOV,1
547,22201230,233,1630570,Trendon Watford,"('1628995', '1630219', '1630570', '1631219', '1631466')",TOV,1
548,22201230,274,203110,Draymond Green,"('1628995', '1630219', '1631101', '1631133', '1631466')",TOV,1
549,22201230,275,1631101,Shaedon Sharpe,"('1628995', '1630219', '1631101', '1631133', '1631466')",TOV,1
550,22201230,310,1631101,Shaedon Sharpe,"('1628435', '1631101', '1631133', '1631303', '1631466')",TOV,1
551,22201230,331,1630219,Skylar Mays,"('1628995', '1630219', '1630570', '1631101', '1631466')",TOV,1
552,22201230,338,203110,Draymond Green,"('1628995', '1630219', '1630570', '1631101', '1631466')",TOV,1
553,22201230,351,1630570,Trendon Watford,"('1628995', '1630219', '1630570', '1631101', '1631466')",TOV,1
554,22201230,355,1630570,Trendon Watford,"('1628995', '1630219', '1630570', '1631101', '1631466')",TOV,1
555,22201230,357,1628978,Donte DiVincenzo,"('1628995', '1630219', '1630570', '1631101', '1631466')",TOV,1
556,22201230,368,201939,Stephen Curry,"('1628995', '1630219', '1630570', '1631101', '1631466')",TOV,1
557,22201230,374,203110,Draymond Green,"('1628995', '1630219', '1630570', '1631101', '1631466')",TOV,1
558,22201230,382,1631466,Jeenathan Williams,"('1628995', '1630219', '1630570', '1631101', '1631466')",TOV,1
559,22201230,388,1628978,Donte DiVincenzo,"('1628995', '1630219', '1630570', '1631101', '1631466')",TOV,1
560,22201230,390,1631101,Shaedon Sharpe,"('1628995', '1630219', '1630570', '1631101', '1631466')",TOV,1
561,22201230,407,202691,Klay Thompson,"('1628995', '1630219', '1630570', '1631101', '1631133')",TOV,1
562,22201230,422,1629673,Jordan Poole,"('1628995', '1630219', '1630570', '1631101', '1631133')",TOV,1
563,22201230,448,1630228,Jonathan Kuminga,"('1628435', '1630219', '1631133', '1631219', '1631303')",TOV,1
564,22201230,455,1631133,Jabari Walker,"('1628435', '1630219', '1631133', '1631219', '1631303')",TOV,1
565,22201230,514,1631101,Shaedon Sharpe,"('1628435', '1628995', '1631101', '1631219', '1631303')",TOV,1
566,22201230,544,1631311,Lester Quinones,"('1628435', '1628995', '1630219', '1631303', '1631466')",TOV,1
567,22201230,566,1631303,Justin Minaya,"('1628435', '1628995', '1630219', '1631303', '1631466')",TOV,1
568,22201230,615,1630228,Jonathan Kuminga,"('1628435', '1630219', '1631219', '1631303', '1631466')",TOV,1
569,22201230,645,1610612744,,"('1628435', '1630219', '1631219', '1631303', '1631466')",TOV,1
570,22201230,23,1628995,Kevin Knox II,"('1628995', '1630219', '1630570', '1631101', '1631466')",PF,1
571,22201230,35,1626172,Kevon Looney,"('1628995', '1630219', '1630570', '1631101', '1631466')",PF,1
572,22201230,134,1631219,John Butler Jr.,"('1628435', '1631101', '1631133', '1631219', '1631303')",PF,1
573,22201230,146,202691,Klay Thompson,"('1628435', '1631101', '1631133', '1631219', '1631303')",PF,1
574,22201230,157,1630228,Jonathan Kuminga,"('1628435', '1631101', '1631133', '1631219', '1631303')",PF,1
575,22201230,182,1629673,Jordan Poole,"('1628995', '1630219', '1630570', '1631219', '1631303')",PF,1
576,22201230,188,1629673,Jordan Poole,"('1628995', '1630219', '1630570', '1631219', '1631303')",PF,1
577,22201230,197,1631219,John Butler Jr.,"('1628995', '1630219', '1630570', '1631219', '1631303')",PF,1
578,22201230,262,1628995,Kevin Knox II,"('1628995', '1630219', '1631101', '1631133', '1631466')",PF,1
579,22201230,298,1627780,Gary Payton II,"('1628995', '1630219', '1631101', '1631133', '1631466')",PF,1
580,22201230,344,1630570,Trendon Watford,"('1628995', '1630219', '1630570', '1631101', '1631466')",PF,1
581,22201230,378,1630219,Skylar Mays,"('1628995', '1630219', '1630570', '1631101', '1631466')",PF,1
582,22201230,402,202691,Klay Thompson,"('1628995', '1630219', '1630570', '1631101', '1631133')",PF,1
583,22201230,430,1629673,Jordan Poole,"('1630219', '1630570', '1631101', '1631133', '1631219')",PF,1
584,22201230,437,203210,JaMychal Green,"('1630219', '1630570', '1631133', '1631219', '1631303')",PF,1
585,22201230,467,1631303,Justin Minaya,"('1628435', '1630219', '1631133', '1631219', '1631303')",PF,1
586,22201230,479,1627780,Gary Payton II,"('1628435', '1630219', '1631133', '1631219', '1631303')",PF,1
587,22201230,501,1630541,Moses Moody,"('1628435', '1631101', '1631133', '1631219', '1631303')",PF,1
588,22201230,517,1627780,Gary Payton II,"('1628435', '1628995', '1631101', '1631219', '1631303')",PF,1
589,22201230,521,1630228,Jonathan Kuminga,"('1628435', '1628995', '1631101', '1631219', '1631303')",PF,1
590,22201230,525,1630237,Anthony Lamb,"('1628435', '1628995', '1631101', '1631219', '1631303')",PF,1
591,22201230,537,1630219,Skylar Mays,"('1628435', '1628995', '1630219', '1631303', '1631466')",PF,1
592,22201230,551,1630541,Moses Moody,"('1628435', '1628995', '1630219', '1631303', '1631466')",PF,1
593,22201230,557,1631466,Jeenathan Williams,"('1628435', '1628995', '1630219', '1631303', '1631466')",PF,1
594,22201230,570,1630541,Moses Moody,"('1628435', '1628995', '1630219', '1631303', '1631466')",PF,1
595,22201230,596,1630541,Moses Moody,"('1628435', '1628995', '1630219', '1631303', '1631466')",PF,1
596,22201230,626,1630237,Anthony Lamb,"('1628435', '1630219', '1631219', '1631303', '1631466')",PF,1
